image_id,p_180
test_00000,0.5005837678909302
test_00001,0.9006150960922241
test_00002,0.9945870637893677
test_00003,0.4608674943447113
test_00004,0.8716569542884827
test_00005,0.7022404074668884
test_00006,0.2625538110733032
test_00007,0.004207780584692955
test_00008,0.9837788939476013
test_00009,0.973107635974884
test_00010,0.8026226162910461
test_00011,0.6568114757537842
test_00012,0.6387202143669128
test_00013,0.6695148348808289
test_00014,0.6191518306732178
test_00015,0.6192808151245117
test_00016,0.027584392577409744
test_00017,0.7799993753433228
test_00018,0.09921220690011978
test_00019,0.717729389667511
test_00020,0.289683073759079
test_00021,0.9911914467811584
test_00022,0.6977477073669434
test_00023,0.685268759727478
test_00024,0.581852376461029
test_00025,0.5777978301048279
test_00026,0.011376072652637959
test_00027,0.4059276878833771
test_00028,0.6952589750289917
test_00029,0.7700933814048767
test_00030,0.9430490732192993
test_00031,0.3126983642578125
test_00032,0.5799071192741394
test_00033,0.5964089632034302
test_00034,0.2973593473434448
test_00035,0.5227859020233154
test_00036,0.778601348400116
test_00037,0.3698978126049042
test_00038,0.037480052560567856
test_00039,0.5625236630439758
test_00040,0.9627073407173157
test_00041,0.7523282766342163
test_00042,0.6482107639312744
test_00043,0.06467925757169724
test_00044,0.6263174414634705
test_00045,0.19386203587055206
test_00046,0.12052275985479355
test_00047,0.9972357153892517
test_00048,0.5296842455863953
test_00049,0.6571080088615417
test_00050,0.9650355577468872
test_00051,0.826965868473053
test_00052,0.6182680726051331
test_00053,0.16050603985786438
test_00054,0.622506320476532
test_00055,0.6376120448112488
test_00056,0.04092826321721077
test_00057,0.5742000341415405
test_00058,0.8263648152351379
test_00059,0.3114842176437378
test_00060,0.7800657749176025
test_00061,0.7892961502075195
test_00062,0.07944667339324951
test_00063,0.46684348583221436
test_00064,0.30149057507514954
test_00065,0.9849700927734375
test_00066,0.6282216906547546
test_00067,0.7570033669471741
test_00068,0.35701555013656616
test_00069,0.5631892681121826
test_00070,0.6369693279266357
test_00071,0.17563845217227936
test_00072,0.18721476197242737
test_00073,0.8268707394599915
test_00074,0.03634998947381973
test_00075,0.633689284324646
test_00076,0.7725078463554382
test_00077,0.17172151803970337
test_00078,0.887698769569397
test_00079,0.2723580002784729
test_00080,0.0002409799344604835
test_00081,0.00017022766405716538
test_00082,0.25502386689186096
test_00083,0.2339981496334076
test_00084,0.011619596742093563
test_00085,0.9610259532928467
test_00086,0.8961530327796936
test_00087,0.6492429971694946
test_00088,0.8767651319503784
test_00089,0.17691512405872345
test_00090,0.6078019142150879
test_00091,0.9979262351989746
test_00092,0.7473738193511963
test_00093,0.9412317872047424
test_00094,0.5894434452056885
test_00095,0.07347452640533447
test_00096,0.975541353225708
test_00097,0.12783183157444
test_00098,0.8866088390350342
test_00099,0.09486836194992065
test_00100,0.7209662199020386
test_00101,0.7507458925247192
test_00102,0.2948395907878876
test_00103,0.9930334091186523
test_00104,0.8121256828308105
test_00105,0.2753045856952667
test_00106,0.5664439797401428
test_00107,0.53336501121521
test_00108,0.85330730676651
test_00109,0.9183656573295593
test_00110,0.7832691073417664
test_00111,0.5658047199249268
test_00112,0.6303423047065735
test_00113,0.14215461909770966
test_00114,0.4594928026199341
test_00115,0.20308531820774078
test_00116,0.9772307276725769
test_00117,0.5367931723594666
test_00118,0.6879621148109436
test_00119,0.6384563446044922
test_00120,0.9596919417381287
test_00121,0.9924089908599854
test_00122,0.33936911821365356
test_00123,0.44364067912101746
test_00124,0.4039473533630371
test_00125,0.50165194272995
test_00126,0.08571929484605789
test_00127,0.991940975189209
test_00128,0.3956752121448517
test_00129,0.08928476274013519
test_00130,0.5940499901771545
test_00131,0.10713931173086166
test_00132,0.007913155481219292
test_00133,0.7709235548973083
test_00134,0.9002212285995483
test_00135,0.4379180669784546
test_00136,0.9347142577171326
test_00137,0.18363088369369507
test_00138,0.7317838668823242
test_00139,0.7618187069892883
test_00140,0.946402370929718
test_00141,0.034034062176942825
test_00142,0.7990463972091675
test_00143,0.48837223649024963
test_00144,0.5846003890037537
test_00145,0.9211986660957336
test_00146,0.4050724506378174
test_00147,0.581085205078125
test_00148,0.7125347852706909
test_00149,0.3119611442089081
test_00150,0.22840233147144318
test_00151,0.5716689229011536
test_00152,0.5455200672149658
test_00153,0.7892119288444519
test_00154,0.12276436388492584
test_00155,0.9999958276748657
test_00156,0.9973982572555542
test_00157,0.6630348563194275
test_00158,0.39493346214294434
test_00159,0.10482517629861832
test_00160,0.7137278914451599
test_00161,0.10749752074480057
test_00162,0.5046581029891968
test_00163,0.23181669414043427
test_00164,0.6181161403656006
test_00165,0.9408263564109802
test_00166,0.5395006537437439
test_00167,0.40631914138793945
test_00168,0.9869171380996704
test_00169,0.9925070405006409
test_00170,0.02324640192091465
test_00171,0.20922762155532837
test_00172,0.6507651209831238
test_00173,0.6699433922767639
test_00174,0.2033349573612213
test_00175,0.011996584944427013
test_00176,0.42946624755859375
test_00177,0.5071184635162354
test_00178,0.1889205425977707
test_00179,0.8733357191085815
test_00180,0.3371245861053467
test_00181,0.321248859167099
test_00182,0.7123923301696777
test_00183,0.6171316504478455
test_00184,0.5178108215332031
test_00185,0.21324799954891205
test_00186,0.4887772798538208
test_00187,0.9976084232330322
test_00188,0.9936263561248779
test_00189,0.5790631771087646
test_00190,0.6175181269645691
test_00191,0.44772377610206604
test_00192,0.0016887591918930411
test_00193,0.9534923434257507
test_00194,0.4729989469051361
test_00195,0.029373012483119965
test_00196,0.7781264781951904
test_00197,0.7113646268844604
test_00198,0.5971018075942993
test_00199,0.38542982935905457
test_00200,0.9986594915390015
test_00201,0.8044846057891846
test_00202,0.9701574444770813
test_00203,0.41973453760147095
test_00204,0.5217673182487488
test_00205,0.8673740029335022
test_00206,0.8319714069366455
test_00207,0.5652192234992981
test_00208,0.6745478510856628
test_00209,0.023533420637249947
test_00210,0.3135129511356354
test_00211,0.7056383490562439
test_00212,0.90639728307724
test_00213,0.7660163044929504
test_00214,0.08503423631191254
test_00215,0.03268064558506012
test_00216,0.5293018221855164
test_00217,0.6497056484222412
test_00218,0.54509037733078
test_00219,0.7292271852493286
test_00220,0.9818379878997803
test_00221,0.7014420032501221
test_00222,0.9619345664978027
test_00223,0.4492652118206024
test_00224,0.9688671827316284
test_00225,0.7017139196395874
test_00226,0.55705326795578
test_00227,0.875596284866333
test_00228,0.7007474899291992
test_00229,0.050665248185396194
test_00230,0.6206651329994202
test_00231,0.7029374241828918
test_00232,0.9884157180786133
test_00233,0.7107952833175659
test_00234,0.06007399782538414
test_00235,0.524904191493988
test_00236,0.09580966085195541
test_00237,0.00022923837241251022
test_00238,0.5302669405937195
test_00239,0.9929781556129456
test_00240,0.9285730123519897
test_00241,0.5101335644721985
test_00242,0.9366461038589478
test_00243,0.18818727135658264
test_00244,0.17097467184066772
test_00245,0.18517358601093292
test_00246,0.2426070123910904
test_00247,0.24177366495132446
test_00248,0.9095818996429443
test_00249,0.4890391528606415
test_00250,0.5942704677581787
test_00251,0.8406803011894226
test_00252,0.6612812876701355
test_00253,0.8935917615890503
test_00254,0.2666599452495575
test_00255,0.900213897228241
test_00256,0.4720284342765808
test_00257,0.45732948184013367
test_00258,0.5923559069633484
test_00259,0.034474898129701614
test_00260,0.35194143652915955
test_00261,0.47240740060806274
test_00262,0.9166550040245056
test_00263,0.13946552574634552
test_00264,0.12759554386138916
test_00265,0.4716452658176422
test_00266,0.15590393543243408
test_00267,0.5486767888069153
test_00268,0.0071317837573587894
test_00269,0.8216192126274109
test_00270,0.3798554539680481
test_00271,0.7526108026504517
test_00272,0.9898719191551208
test_00273,0.9949833154678345
test_00274,0.40941280126571655
test_00275,0.0017443058313801885
test_00276,0.6345214247703552
test_00277,0.9391257166862488
test_00278,0.5078767538070679
test_00279,0.47696995735168457
test_00280,0.5902519822120667
test_00281,0.440073698759079
test_00282,0.8603938817977905
test_00283,0.9829130172729492
test_00284,0.9287732839584351
test_00285,0.17483502626419067
test_00286,0.012116779573261738
test_00287,0.8933254480361938
test_00288,0.41478994488716125
test_00289,0.8818703889846802
test_00290,0.6554380059242249
test_00291,0.2501358687877655
test_00292,0.97507643699646
test_00293,0.02379457652568817
test_00294,0.9314968585968018
test_00295,0.7721009850502014
test_00296,0.8867990970611572
test_00297,0.805188000202179
test_00298,0.9655246138572693
test_00299,0.995319664478302
test_00300,0.4538266062736511
test_00301,0.7747976183891296
test_00302,0.13129301369190216
test_00303,0.04282449185848236
test_00304,0.49363407492637634
test_00305,0.5474688410758972
test_00306,0.8829210996627808
test_00307,0.024745024740695953
test_00308,0.41627800464630127
test_00309,0.6817320585250854
test_00310,0.4674569368362427
test_00311,0.562920868396759
test_00312,0.31226399540901184
test_00313,0.8680016994476318
test_00314,0.005204766057431698
test_00315,0.5261113047599792
test_00316,0.2770983874797821
test_00317,0.15825702250003815
test_00318,0.7077090740203857
test_00319,0.6912310123443604
test_00320,0.4688463807106018
test_00321,0.2797315716743469
test_00322,0.008317516185343266
test_00323,0.8887342810630798
test_00324,0.9781639575958252
test_00325,0.42485159635543823
test_00326,0.5549164414405823
test_00327,0.09828994423151016
test_00328,0.5917285680770874
test_00329,0.30469927191734314
test_00330,0.8146423101425171
test_00331,0.1319039911031723
test_00332,0.7968184351921082
test_00333,0.7715269923210144
test_00334,0.7100327610969543
test_00335,0.6682213544845581
test_00336,0.08497541397809982
test_00337,0.665637731552124
test_00338,0.5319498181343079
test_00339,0.6753568649291992
test_00340,0.3288126587867737
test_00341,0.43858030438423157
test_00342,0.9691276550292969
test_00343,0.8750552535057068
test_00344,0.8447853922843933
test_00345,0.47136908769607544
test_00346,0.5408880114555359
test_00347,0.25207698345184326
test_00348,0.07264497876167297
test_00349,0.25147461891174316
test_00350,0.49411824345588684
test_00351,0.48850080370903015
test_00352,0.2768143117427826
test_00353,0.3906436264514923
test_00354,0.9915850162506104
test_00355,0.7754689455032349
test_00356,0.026110485196113586
test_00357,0.8527210354804993
test_00358,0.9997585415840149
test_00359,0.9843944907188416
test_00360,0.9260051846504211
test_00361,0.99996018409729
test_00362,0.28267964720726013
test_00363,0.8700015544891357
test_00364,0.63419508934021
test_00365,0.5539517402648926
test_00366,0.2308623343706131
test_00367,0.4133242070674896
test_00368,0.3263606131076813
test_00369,0.9701442122459412
test_00370,0.8582553267478943
test_00371,0.8114739060401917
test_00372,0.37384793162345886
test_00373,0.22919894754886627
test_00374,0.9641101956367493
test_00375,0.5839512348175049
test_00376,0.47877833247184753
test_00377,0.044185951352119446
test_00378,0.21771353483200073
test_00379,0.9987485408782959
test_00380,0.21074695885181427
test_00381,0.37518054246902466
test_00382,0.9136090278625488
test_00383,0.1927884817123413
test_00384,0.9728675484657288
test_00385,0.30964919924736023
test_00386,0.49809080362319946
test_00387,0.8692145347595215
test_00388,0.5479453206062317
test_00389,0.9941005110740662
test_00390,0.5111470222473145
test_00391,0.08137837797403336
test_00392,0.678733229637146
test_00393,0.9115978479385376
test_00394,0.5840334892272949
test_00395,0.39519572257995605
test_00396,0.6260508894920349
test_00397,0.7295230627059937
test_00398,0.5753050446510315
test_00399,0.4780585467815399
test_00400,0.9881110191345215
test_00401,0.5549640655517578
test_00402,0.49602675437927246
test_00403,0.0005020322860218585
test_00404,0.02504896931350231
test_00405,0.7663264870643616
test_00406,0.5084103941917419
test_00407,0.99883633852005
test_00408,0.7267859578132629
test_00409,0.9923763871192932
test_00410,0.3586727976799011
test_00411,0.621987521648407
test_00412,0.5840846300125122
test_00413,0.5584577322006226
test_00414,0.5549449920654297
test_00415,0.17472469806671143
test_00416,0.7529270052909851
test_00417,0.20044122636318207
test_00418,0.3495650589466095
test_00419,0.7666927576065063
test_00420,0.04697326570749283
test_00421,0.9705873727798462
test_00422,0.6448760628700256
test_00423,0.13715174794197083
test_00424,0.560423731803894
test_00425,0.45590290427207947
test_00426,0.7147853970527649
test_00427,0.21050241589546204
test_00428,0.4220653474330902
test_00429,0.9634990096092224
test_00430,0.2305762618780136
test_00431,0.7013036012649536
test_00432,0.9997407793998718
test_00433,0.15775451064109802
test_00434,0.3508269190788269
test_00435,0.2919553518295288
test_00436,0.5014538764953613
test_00437,0.5301204919815063
test_00438,0.16080032289028168
test_00439,0.7979269623756409
test_00440,0.39743372797966003
test_00441,0.13000604510307312
test_00442,0.9982727766036987
test_00443,0.6087579727172852
test_00444,0.75365149974823
test_00445,0.80766761302948
test_00446,0.01826871931552887
test_00447,0.4711579382419586
test_00448,0.9568041563034058
test_00449,0.6380152702331543
test_00450,0.39702877402305603
test_00451,0.5591325163841248
test_00452,0.7937765717506409
test_00453,0.5182013511657715
test_00454,0.7784450650215149
test_00455,0.5193825364112854
test_00456,0.6494543552398682
test_00457,0.5533815026283264
test_00458,0.681577205657959
test_00459,0.4169067442417145
test_00460,0.3812491297721863
test_00461,0.5416263341903687
test_00462,0.6818596124649048
test_00463,0.9742509722709656
test_00464,0.000444794655777514
test_00465,0.6344835162162781
test_00466,0.9090392589569092
test_00467,0.1712840050458908
test_00468,0.8415045738220215
test_00469,0.9592057466506958
test_00470,0.7529180645942688
test_00471,0.9959328770637512
test_00472,0.08756271749734879
test_00473,0.48306170105934143
test_00474,0.19245430827140808
test_00475,0.4659903347492218
test_00476,0.3995143175125122
test_00477,0.7907072305679321
test_00478,0.9811499118804932
test_00479,0.7206137180328369
test_00480,0.11501125246286392
test_00481,0.014964548870921135
test_00482,0.6083932518959045
test_00483,0.8801294565200806
test_00484,0.08905234187841415
test_00485,0.113553985953331
test_00486,0.3322989344596863
test_00487,0.6625040173530579
test_00488,0.5966289639472961
test_00489,0.8738874197006226
test_00490,0.9683060646057129
test_00491,0.5846676230430603
test_00492,0.6053346395492554
test_00493,0.9178562760353088
test_00494,0.9066172242164612
test_00495,0.7499051690101624
test_00496,0.49576079845428467
test_00497,0.4490235149860382
test_00498,0.6642842292785645
test_00499,0.35055842995643616
test_00500,0.79120272397995
test_00501,0.807377278804779
test_00502,0.2994064688682556
test_00503,0.5189591646194458
test_00504,0.9960001111030579
test_00505,0.5375599265098572
test_00506,0.9981404542922974
test_00507,0.0010585295967757702
test_00508,0.5916759371757507
test_00509,0.7421977519989014
test_00510,0.5600660443305969
test_00511,0.7953751087188721
test_00512,0.5396012663841248
test_00513,0.9747107028961182
test_00514,0.03271307796239853
test_00515,0.5794344544410706
test_00516,0.3125512897968292
test_00517,0.6494791507720947
test_00518,0.6242445111274719
test_00519,0.694934070110321
test_00520,0.8632807731628418
test_00521,0.8805673718452454
test_00522,0.33250775933265686
test_00523,0.9984930753707886
test_00524,0.7214444875717163
test_00525,0.3169689178466797
test_00526,0.068690724670887
test_00527,0.13923023641109467
test_00528,0.40910255908966064
test_00529,0.2633558213710785
test_00530,3.918240690836683e-05
test_00531,0.237433061003685
test_00532,0.9184532165527344
test_00533,0.9932237863540649
test_00534,0.9986887574195862
test_00535,0.46603718400001526
test_00536,0.010042322799563408
test_00537,0.7432587146759033
test_00538,0.38768959045410156
test_00539,0.5333093404769897
test_00540,0.7279603481292725
test_00541,0.28684714436531067
test_00542,0.6234453916549683
test_00543,0.7562023401260376
test_00544,0.0021605808287858963
test_00545,0.6338886022567749
test_00546,0.8272933959960938
test_00547,0.958199679851532
test_00548,0.2406720221042633
test_00549,0.013035076670348644
test_00550,0.5862190127372742
test_00551,0.3097330331802368
test_00552,0.9700844287872314
test_00553,0.43660491704940796
test_00554,0.43976351618766785
test_00555,0.741386890411377
test_00556,0.8122615814208984
test_00557,0.909856915473938
test_00558,0.1531561315059662
test_00559,0.9903879761695862
test_00560,0.6854292154312134
test_00561,0.27544620633125305
test_00562,0.9324901700019836
test_00563,3.4254662750754505e-06
test_00564,0.44544360041618347
test_00565,0.9169760942459106
test_00566,0.03412827476859093
test_00567,0.5901671051979065
test_00568,0.9984904527664185
test_00569,0.660787045955658
test_00570,0.7119320034980774
test_00571,0.8119871020317078
test_00572,0.18909616768360138
test_00573,0.48455536365509033
test_00574,0.17880044877529144
test_00575,0.4897165894508362
test_00576,0.7206907272338867
test_00577,0.05748506635427475
test_00578,0.005414315965026617
test_00579,0.15650011599063873
test_00580,0.8012273907661438
test_00581,0.03321334719657898
test_00582,0.2517504394054413
test_00583,0.5158631801605225
test_00584,0.11052193492650986
test_00585,0.6193621158599854
test_00586,0.9810181856155396
test_00587,0.9761857390403748
test_00588,0.04370163381099701
test_00589,0.3775746524333954
test_00590,0.1461629420518875
test_00591,0.6716101169586182
test_00592,0.8810763359069824
test_00593,0.5322116613388062
test_00594,0.9583718776702881
test_00595,0.45126989483833313
test_00596,0.999416708946228
test_00597,0.00780504709109664
test_00598,0.9992603659629822
test_00599,0.16063405573368073
test_00600,0.5353688597679138
test_00601,0.0609155111014843
test_00602,0.541738748550415
test_00603,0.5711261630058289
test_00604,0.4602479636669159
test_00605,0.5903658866882324
test_00606,0.9777958989143372
test_00607,0.35657572746276855
test_00608,0.4029236137866974
test_00609,0.780907154083252
test_00610,0.26156291365623474
test_00611,0.36359959840774536
test_00612,0.41010627150535583
test_00613,0.564459502696991
test_00614,0.6118672490119934
test_00615,0.9314587712287903
test_00616,0.5337262153625488
test_00617,0.4645979702472687
test_00618,0.15118390321731567
test_00619,0.9493893980979919
test_00620,0.8469547033309937
test_00621,0.5405296087265015
test_00622,0.9899396300315857
test_00623,0.6033841967582703
test_00624,0.9849415421485901
test_00625,0.9023442268371582
test_00626,0.48197293281555176
test_00627,0.3621998727321625
test_00628,0.6319094896316528
test_00629,0.9989495873451233
test_00630,0.4329829514026642
test_00631,0.6303936243057251
test_00632,0.7703333497047424
test_00633,0.7034611105918884
test_00634,0.1960897147655487
test_00635,0.0009098410955630243
test_00636,0.8842006921768188
test_00637,0.06599713116884232
test_00638,0.5014479756355286
test_00639,0.17617937922477722
test_00640,0.9821321964263916
test_00641,0.850006103515625
test_00642,0.8029012680053711
test_00643,0.4301823377609253
test_00644,0.4758974313735962
test_00645,0.1863650679588318
test_00646,0.28785964846611023
test_00647,0.020693713799118996
test_00648,0.4198574423789978
test_00649,0.001613861764781177
test_00650,0.8874077796936035
test_00651,0.4780369699001312
test_00652,0.612621545791626
test_00653,0.496457576751709
test_00654,0.9805306196212769
test_00655,0.6503579616546631
test_00656,0.2974049746990204
test_00657,0.5515364408493042
test_00658,0.8452284336090088
test_00659,0.5097997784614563
test_00660,0.009741025045514107
test_00661,0.14725898206233978
test_00662,0.9983322024345398
test_00663,0.9188868403434753
test_00664,0.17905829846858978
test_00665,0.012148703448474407
test_00666,0.5764598846435547
test_00667,0.7524262070655823
test_00668,0.46091708540916443
test_00669,0.12892191112041473
test_00670,0.838385283946991
test_00671,0.8766696453094482
test_00672,0.5075246095657349
test_00673,0.008507839404046535
test_00674,0.9298300743103027
test_00675,0.799495279788971
test_00676,0.4545733332633972
test_00677,0.49721017479896545
test_00678,0.8779311776161194
test_00679,0.5139960050582886
test_00680,0.6463689804077148
test_00681,0.5098675489425659
test_00682,0.7891458868980408
test_00683,0.9402698278427124
test_00684,0.7908141613006592
test_00685,0.8537497520446777
test_00686,0.9990113973617554
test_00687,0.4357387125492096
test_00688,0.4081955552101135
test_00689,0.9629904627799988
test_00690,0.8997824788093567
test_00691,0.8839406967163086
test_00692,0.9420848488807678
test_00693,0.5218168497085571
test_00694,0.06963085383176804
test_00695,0.49883708357810974
test_00696,0.14407077431678772
test_00697,0.9999743700027466
test_00698,0.8259434700012207
test_00699,0.30841031670570374
test_00700,0.4064060151576996
test_00701,0.007659080438315868
test_00702,0.21494035422801971
test_00703,0.04734602943062782
test_00704,0.45883506536483765
test_00705,0.6165602207183838
test_00706,0.4154203534126282
test_00707,0.5960441827774048
test_00708,0.4555644392967224
test_00709,0.5211560726165771
test_00710,0.5514563918113708
test_00711,0.013871263712644577
test_00712,0.24675337970256805
test_00713,0.6152538061141968
test_00714,0.9691194891929626
test_00715,0.9913684725761414
test_00716,0.3510965406894684
test_00717,0.45270806550979614
test_00718,0.7993836402893066
test_00719,0.286462664604187
test_00720,0.9022180438041687
test_00721,0.8592737317085266
test_00722,0.4305458962917328
test_00723,0.8654450178146362
test_00724,0.535308301448822
test_00725,0.528591513633728
test_00726,0.6865015625953674
test_00727,0.20167571306228638
test_00728,0.25583726167678833
test_00729,0.9341326355934143
test_00730,0.04220578074455261
test_00731,0.5088160634040833
test_00732,0.1336372345685959
test_00733,0.18168751895427704
test_00734,0.6420077681541443
test_00735,0.4987170398235321
test_00736,0.6275227069854736
test_00737,0.5159655809402466
test_00738,0.9970364570617676
test_00739,0.9497573971748352
test_00740,0.2943871021270752
test_00741,0.9871507883071899
test_00742,0.9142156839370728
test_00743,0.5588310360908508
test_00744,0.5103804469108582
test_00745,0.7453688979148865
test_00746,0.4340974986553192
test_00747,0.12642543017864227
test_00748,0.655826985836029
test_00749,0.0019575366750359535
test_00750,0.530948281288147
test_00751,0.14949491620063782
test_00752,0.0403580404818058
test_00753,0.640322208404541
test_00754,0.40513941645622253
test_00755,0.038071807473897934
test_00756,0.7398883700370789
test_00757,0.2960568368434906
test_00758,0.9223161339759827
test_00759,0.760600209236145
test_00760,0.8953322768211365
test_00761,0.9594475030899048
test_00762,0.623897135257721
test_00763,0.5252269506454468
test_00764,0.5872991681098938
test_00765,0.9912294149398804
test_00766,0.6465592384338379
test_00767,0.5739331841468811
test_00768,0.00040960029582493007
test_00769,0.0016428211238235235
test_00770,0.9928703904151917
test_00771,0.49011579155921936
test_00772,0.3882918655872345
test_00773,0.7196046113967896
test_00774,0.5673390626907349
test_00775,0.29760414361953735
test_00776,0.956243634223938
test_00777,0.28950753808021545
test_00778,0.43739473819732666
test_00779,0.4036818742752075
test_00780,0.6814582943916321
test_00781,0.7098309397697449
test_00782,0.6896647810935974
test_00783,0.9599299430847168
test_00784,0.4103987514972687
test_00785,0.8336269855499268
test_00786,0.997147262096405
test_00787,0.1401059478521347
test_00788,0.8236418962478638
test_00789,0.6936327815055847
test_00790,0.7308909296989441
test_00791,0.26334092020988464
test_00792,0.9474512934684753
test_00793,0.19087310135364532
test_00794,0.5320442914962769
test_00795,0.015619831159710884
test_00796,0.1869194358587265
test_00797,0.9129323959350586
test_00798,0.9492434859275818
test_00799,0.6330790519714355
test_00800,0.5919297337532043
test_00801,0.58977210521698
test_00802,0.09159503877162933
test_00803,0.7056301236152649
test_00804,0.8265981078147888
test_00805,0.2296190857887268
test_00806,0.975753128528595
test_00807,0.5770779252052307
test_00808,0.9896094799041748
test_00809,0.5004283785820007
test_00810,0.6421539187431335
test_00811,0.9863541722297668
test_00812,0.7668357491493225
test_00813,0.5677167773246765
test_00814,0.811980664730072
test_00815,0.5114078521728516
test_00816,0.5787345170974731
test_00817,0.5568808913230896
test_00818,0.05673563480377197
test_00819,0.6733844876289368
test_00820,0.001031590043567121
test_00821,0.3459840714931488
test_00822,0.05813362076878548
test_00823,0.9187677502632141
test_00824,0.18201307952404022
test_00825,0.9549674391746521
test_00826,0.4779645800590515
test_00827,0.7679468989372253
test_00828,0.9016026854515076
test_00829,0.33087489008903503
test_00830,0.9326165318489075
test_00831,0.6042022109031677
test_00832,0.48250821232795715
test_00833,0.8681957721710205
test_00834,0.8338181972503662
test_00835,0.32253214716911316
test_00836,0.9945842623710632
test_00837,0.9732022285461426
test_00838,0.8639520406723022
test_00839,0.820736289024353
test_00840,0.17525877058506012
test_00841,0.7128923535346985
test_00842,0.5669289231300354
test_00843,0.8366326093673706
test_00844,0.7693256139755249
test_00845,0.25740745663642883
test_00846,0.9143640398979187
test_00847,0.4120839834213257
test_00848,0.8996708393096924
test_00849,0.40761443972587585
test_00850,0.18277187645435333
test_00851,0.5022090673446655
test_00852,0.8934733867645264
test_00853,0.09610534459352493
test_00854,0.5311911106109619
test_00855,0.6756365895271301
test_00856,0.4390295147895813
test_00857,0.25605231523513794
test_00858,0.6896622776985168
test_00859,0.6263468265533447
test_00860,0.6819729208946228
test_00861,0.9324787855148315
test_00862,0.3689740300178528
test_00863,0.9993441700935364
test_00864,0.06111161783337593
test_00865,0.8514445424079895
test_00866,0.5139316916465759
test_00867,0.4153229296207428
test_00868,0.04402724653482437
test_00869,0.5776248574256897
test_00870,0.7601954936981201
test_00871,0.006237356457859278
test_00872,0.000645001302473247
test_00873,0.7988808155059814
test_00874,0.5031757950782776
test_00875,0.4509579539299011
test_00876,0.5289976596832275
test_00877,0.9468845129013062
test_00878,0.8828772902488708
test_00879,0.9008582234382629
test_00880,0.7188288569450378
test_00881,0.8279370069503784
test_00882,0.8517500162124634
test_00883,0.5187805891036987
test_00884,0.930705726146698
test_00885,0.7400565147399902
test_00886,0.44144442677497864
test_00887,0.8644925951957703
test_00888,0.7623134255409241
test_00889,0.6456300616264343
test_00890,0.4858064353466034
test_00891,0.5980129837989807
test_00892,0.4117661416530609
test_00893,3.31828196067363e-05
test_00894,0.7564847469329834
test_00895,0.500887930393219
test_00896,0.993735134601593
test_00897,0.08307647705078125
test_00898,0.7475870847702026
test_00899,0.2696278393268585
test_00900,0.03618772700428963
test_00901,0.08896679431200027
test_00902,0.5493738055229187
test_00903,0.824421226978302
test_00904,0.9897955060005188
test_00905,0.9686216115951538
test_00906,0.3186396062374115
test_00907,0.5697641968727112
test_00908,0.8784023523330688
test_00909,0.03313620388507843
test_00910,0.2412063032388687
test_00911,0.9948779344558716
test_00912,0.3409460783004761
test_00913,0.8205704689025879
test_00914,0.49856528639793396
test_00915,0.4928281903266907
test_00916,0.9280168414115906
test_00917,0.5793434381484985
test_00918,0.8306887149810791
test_00919,0.9165757894515991
test_00920,0.9040290117263794
test_00921,0.7389907240867615
test_00922,0.7929576635360718
test_00923,0.5329126119613647
test_00924,0.7270543575286865
test_00925,0.473001092672348
test_00926,0.06634028255939484
test_00927,0.6042774319648743
test_00928,0.04837121069431305
test_00929,0.4617617726325989
test_00930,0.04066050425171852
test_00931,0.9013494849205017
test_00932,0.028018545359373093
test_00933,0.44591233134269714
test_00934,0.8161912560462952
test_00935,0.06051088869571686
test_00936,0.917529284954071
test_00937,0.5404547452926636
test_00938,0.010422572493553162
test_00939,0.9999282360076904
test_00940,0.2609049677848816
test_00941,0.9701386094093323
test_00942,0.8945919871330261
test_00943,0.5477497577667236
test_00944,0.511925220489502
test_00945,0.43786266446113586
test_00946,0.6000049710273743
test_00947,0.5923581123352051
test_00948,0.4615490734577179
test_00949,0.1315334141254425
test_00950,0.0672529861330986
test_00951,0.013344759121537209
test_00952,0.40066149830818176
test_00953,0.5017363429069519
test_00954,0.56947261095047
test_00955,0.6453479528427124
test_00956,0.08339038491249084
test_00957,0.7304933667182922
test_00958,0.429959774017334
test_00959,0.9153716564178467
test_00960,0.3449196219444275
test_00961,0.24284526705741882
test_00962,0.8387698531150818
test_00963,0.46489912271499634
test_00964,0.8471794128417969
test_00965,0.8585634827613831
test_00966,0.7368916273117065
test_00967,0.4704487919807434
test_00968,0.5652568936347961
test_00969,0.5653473734855652
test_00970,0.5522701740264893
test_00971,0.5406623482704163
test_00972,0.42242515087127686
test_00973,0.2301550656557083
test_00974,0.4802483916282654
test_00975,0.003230274422094226
test_00976,0.9301841259002686
test_00977,0.5943906307220459
test_00978,0.025217663496732712
test_00979,0.5390742421150208
test_00980,0.9991275668144226
test_00981,0.7177367210388184
test_00982,0.8673939108848572
test_00983,0.7139080762863159
test_00984,0.31157535314559937
test_00985,0.5747624039649963
test_00986,0.6463364362716675
test_00987,0.9327101707458496
test_00988,0.5371841192245483
test_00989,0.9212340712547302
test_00990,0.08309269696474075
test_00991,0.5263131856918335
test_00992,0.27606216073036194
test_00993,0.2182071954011917
test_00994,0.999629020690918
test_00995,0.36475878953933716
test_00996,0.14031048119068146
test_00997,0.7157419919967651
test_00998,0.7825291156768799
test_00999,0.9849399924278259
test_01000,0.8282569050788879
test_01001,0.49178680777549744
test_01002,0.5703557133674622
test_01003,0.26500648260116577
test_01004,0.2968015670776367
test_01005,0.00019576092017814517
test_01006,0.3470950126647949
test_01007,0.23958465456962585
test_01008,0.5451040863990784
test_01009,0.6138158440589905
test_01010,0.9894217848777771
test_01011,0.856731116771698
test_01012,0.8679724931716919
test_01013,0.4455893337726593
test_01014,0.06825802475214005
test_01015,0.9405428767204285
test_01016,0.637320339679718
test_01017,0.4205969572067261
test_01018,0.9915430545806885
test_01019,0.8054254651069641
test_01020,0.9124982357025146
test_01021,0.9756596088409424
test_01022,0.7262738347053528
test_01023,0.7767793536186218
test_01024,0.6432278752326965
test_01025,0.46229177713394165
test_01026,0.40375280380249023
test_01027,0.6459410786628723
test_01028,0.01609828881919384
test_01029,0.8485708236694336
test_01030,0.07841825485229492
test_01031,0.45663073658943176
test_01032,0.7490754127502441
test_01033,0.5118672847747803
test_01034,0.429256409406662
test_01035,0.0008293018909171224
test_01036,0.7985413074493408
test_01037,0.9892300963401794
test_01038,0.4683222472667694
test_01039,0.9299017190933228
test_01040,0.5284163951873779
test_01041,0.8787587285041809
test_01042,0.050047338008880615
test_01043,0.5283236503601074
test_01044,0.07423290610313416
test_01045,0.4300870895385742
test_01046,0.74598628282547
test_01047,0.4102720320224762
test_01048,0.9826490879058838
test_01049,0.638308584690094
test_01050,0.43504786491394043
test_01051,0.43779173493385315
test_01052,0.46425917744636536
test_01053,0.8786394596099854
test_01054,0.37683823704719543
test_01055,0.9999949932098389
test_01056,0.006822038441896439
test_01057,0.7589994072914124
test_01058,0.5279160141944885
test_01059,0.3660221993923187
test_01060,0.3455974757671356
test_01061,0.8420619964599609
test_01062,0.4376147389411926
test_01063,0.1412549763917923
test_01064,0.7455287575721741
test_01065,0.8374946713447571
test_01066,0.3766034245491028
test_01067,0.9836117625236511
test_01068,0.9991357922554016
test_01069,0.7721428871154785
test_01070,0.6099672913551331
test_01071,0.9125860929489136
test_01072,0.651072084903717
test_01073,0.028904937207698822
test_01074,0.33210715651512146
test_01075,0.03193626552820206
test_01076,0.47092849016189575
test_01077,0.5722513198852539
test_01078,0.21772170066833496
test_01079,0.2382778525352478
test_01080,0.7054134011268616
test_01081,0.5395905375480652
test_01082,0.5860990881919861
test_01083,0.93453449010849
test_01084,0.8236364722251892
test_01085,0.44856932759284973
test_01086,0.4919406771659851
test_01087,0.3930871784687042
test_01088,0.5249024033546448
test_01089,0.5734578371047974
test_01090,0.7358654141426086
test_01091,0.32115063071250916
test_01092,0.7939032316207886
test_01093,0.7779788374900818
test_01094,0.7566764950752258
test_01095,0.5765682458877563
test_01096,0.6627429723739624
test_01097,0.9994621872901917
test_01098,0.24837610125541687
test_01099,0.7843331694602966
test_01100,0.12011267989873886
test_01101,0.12025102972984314
test_01102,0.8885950446128845
test_01103,0.48509231209754944
test_01104,0.4756943881511688
test_01105,0.6387297511100769
test_01106,0.5150959491729736
test_01107,0.6328954100608826
test_01108,0.777073085308075
test_01109,0.08338534086942673
test_01110,0.9971923232078552
test_01111,0.39269471168518066
test_01112,0.9276991486549377
test_01113,0.6186452507972717
test_01114,0.42647257447242737
test_01115,0.5342999696731567
test_01116,0.1493159830570221
test_01117,0.9537994265556335
test_01118,0.09658216685056686
test_01119,0.6469489336013794
test_01120,0.5779740810394287
test_01121,0.8310142159461975
test_01122,0.36605823040008545
test_01123,0.36917439103126526
test_01124,0.8892379999160767
test_01125,0.8054196834564209
test_01126,0.9397137761116028
test_01127,0.0038602324202656746
test_01128,0.4454202353954315
test_01129,0.5066789984703064
test_01130,0.22662219405174255
test_01131,0.9501635432243347
test_01132,0.4618251621723175
test_01133,0.8389750719070435
test_01134,0.4082987904548645
test_01135,0.9835085272789001
test_01136,0.5003969073295593
test_01137,0.6078036427497864
test_01138,0.4037492573261261
test_01139,0.2536376118659973
test_01140,0.2851637601852417
test_01141,0.021233906969428062
test_01142,0.5231611132621765
test_01143,0.7461621165275574
test_01144,0.3754021227359772
test_01145,0.5311391353607178
test_01146,0.10398788005113602
test_01147,0.5482727289199829
test_01148,0.45040735602378845
test_01149,0.3821331262588501
test_01150,0.8642785549163818
test_01151,0.09801314771175385
test_01152,0.58733069896698
test_01153,0.9938727617263794
test_01154,0.6902105808258057
test_01155,0.40940502285957336
test_01156,0.09388969093561172
test_01157,0.6569764614105225
test_01158,0.3341713547706604
test_01159,0.9314509630203247
test_01160,0.07073775678873062
test_01161,0.6540192365646362
test_01162,0.2837402820587158
test_01163,0.9405613541603088
test_01164,0.8720611929893494
test_01165,0.14676108956336975
test_01166,0.7443789839744568
test_01167,0.7491446137428284
test_01168,0.8641682863235474
test_01169,0.8000029921531677
test_01170,0.556969404220581
test_01171,0.5359930992126465
test_01172,0.9677830338478088
test_01173,0.9618096947669983
test_01174,0.569684624671936
test_01175,0.023053448647260666
test_01176,0.18594397604465485
test_01177,0.42964935302734375
test_01178,0.03936322405934334
test_01179,0.7735335230827332
test_01180,0.1125744879245758
test_01181,0.8684962391853333
test_01182,0.5453341603279114
test_01183,0.5660018920898438
test_01184,0.7507205009460449
test_01185,0.6105964183807373
test_01186,0.8680027723312378
test_01187,0.42403876781463623
test_01188,0.3159897029399872
test_01189,0.7374575734138489
test_01190,1.3180106179788709e-05
test_01191,0.647917628288269
test_01192,0.9342257380485535
test_01193,0.6181971430778503
test_01194,0.24389353394508362
test_01195,0.2486989051103592
test_01196,0.5519075989723206
test_01197,0.557926595211029
test_01198,0.5817658305168152
test_01199,0.9939168095588684
test_01200,0.7233235836029053
test_01201,0.8992361426353455
test_01202,0.9289364218711853
test_01203,0.6097743511199951
test_01204,0.7582440376281738
test_01205,0.00026551290648058057
test_01206,0.9925788044929504
test_01207,0.027309764176607132
test_01208,0.093388631939888
test_01209,0.6162289977073669
test_01210,0.9682954549789429
test_01211,0.5807604789733887
test_01212,0.5662707686424255
test_01213,0.9046408534049988
test_01214,0.5640462636947632
test_01215,0.9529060125350952
test_01216,0.877069890499115
test_01217,0.9880805015563965
test_01218,0.5047985911369324
test_01219,0.35485854744911194
test_01220,0.5236297845840454
test_01221,0.9973969459533691
test_01222,0.11448973417282104
test_01223,0.8438817262649536
test_01224,0.9054976105690002
test_01225,0.9942518472671509
test_01226,0.9529275894165039
test_01227,0.25524166226387024
test_01228,0.7057464122772217
test_01229,0.5021915435791016
test_01230,0.5509927868843079
test_01231,0.42231056094169617
test_01232,0.018603498116135597
test_01233,0.5287405252456665
test_01234,0.139247328042984
test_01235,0.9532520174980164
test_01236,0.6692110896110535
test_01237,0.9455848932266235
test_01238,0.550930380821228
test_01239,0.9281212687492371
test_01240,0.9728872179985046
test_01241,0.4172723591327667
test_01242,0.7967696785926819
test_01243,0.22505788505077362
test_01244,0.056898586452007294
test_01245,0.8900414109230042
test_01246,0.44286051392555237
test_01247,0.8839110136032104
test_01248,0.3046666383743286
test_01249,0.6025453805923462
test_01250,0.976143479347229
test_01251,0.4634098410606384
test_01252,0.5002220273017883
test_01253,0.4574165642261505
test_01254,0.11632541567087173
test_01255,0.46732962131500244
test_01256,0.5448307991027832
test_01257,0.4779828190803528
test_01258,0.15968018770217896
test_01259,0.8440499305725098
test_01260,0.42404404282569885
test_01261,0.18696914613246918
test_01262,0.21700623631477356
test_01263,0.8690968751907349
test_01264,0.689404308795929
test_01265,0.7231821417808533
test_01266,0.004571164026856422
test_01267,0.1795802265405655
test_01268,0.2335452139377594
test_01269,0.7498167157173157
test_01270,0.7905015349388123
test_01271,0.4538465738296509
test_01272,0.7601142525672913
test_01273,0.1693231761455536
test_01274,0.011601286940276623
test_01275,0.35790494084358215
test_01276,1.0193962225457653e-05
test_01277,0.5743118524551392
test_01278,0.5450835227966309
test_01279,0.47291725873947144
test_01280,0.7181561589241028
test_01281,0.3124336898326874
test_01282,0.6197268962860107
test_01283,0.9885700345039368
test_01284,0.9999488592147827
test_01285,0.39075714349746704
test_01286,0.6551074385643005
test_01287,0.9821301102638245
test_01288,0.8321940898895264
test_01289,0.586164116859436
test_01290,0.7094539999961853
test_01291,0.01721768267452717
test_01292,0.49851420521736145
test_01293,0.010913331992924213
test_01294,0.2135932892560959
test_01295,0.9291327595710754
test_01296,0.017831193283200264
test_01297,0.48760226368904114
test_01298,0.49131372570991516
test_01299,0.09939606487751007
test_01300,0.164106547832489
test_01301,0.7646417617797852
test_01302,0.8006569743156433
test_01303,0.5620371699333191
test_01304,0.31763961911201477
test_01305,0.6972653269767761
test_01306,0.32259199023246765
test_01307,0.4868822991847992
test_01308,0.24178966879844666
test_01309,0.895940899848938
test_01310,0.48461341857910156
test_01311,0.30214250087738037
test_01312,0.7598345279693604
test_01313,0.6366322636604309
test_01314,0.6795313358306885
test_01315,0.6112600564956665
test_01316,0.569581925868988
test_01317,0.5484065413475037
test_01318,0.006178286392241716
test_01319,0.5954337120056152
test_01320,0.5991998910903931
test_01321,0.5113959908485413
test_01322,0.6929066181182861
test_01323,0.8269011378288269
test_01324,0.0009626077371649444
test_01325,0.5083637833595276
test_01326,0.3250907063484192
test_01327,0.7182914018630981
test_01328,0.1112886369228363
test_01329,0.9922312498092651
test_01330,0.2797774374485016
test_01331,0.7667911648750305
test_01332,0.7349634170532227
test_01333,0.5323063731193542
test_01334,0.5113009810447693
test_01335,0.9951208233833313
test_01336,0.9998698234558105
test_01337,0.9996157884597778
test_01338,0.6447329521179199
test_01339,0.4554416835308075
test_01340,0.026261987164616585
test_01341,0.4470520615577698
test_01342,0.3191755414009094
test_01343,0.3861331641674042
test_01344,0.38527563214302063
test_01345,0.5494449734687805
test_01346,0.5863204002380371
test_01347,0.98103928565979
test_01348,0.00033354514744132757
test_01349,0.6925827264785767
test_01350,0.7125162482261658
test_01351,0.3454058766365051
test_01352,0.96204674243927
test_01353,0.9437893033027649
test_01354,0.8800501227378845
test_01355,0.5271807909011841
test_01356,0.7291314601898193
test_01357,0.5682833790779114
test_01358,0.184926375746727
test_01359,0.8035905957221985
test_01360,0.6344698071479797
test_01361,0.8828425407409668
test_01362,0.00428842194378376
test_01363,0.5909693837165833
test_01364,0.7250369191169739
test_01365,0.6669281721115112
test_01366,0.17546282708644867
test_01367,0.9914360642433167
test_01368,0.4257633686065674
test_01369,0.1553795039653778
test_01370,0.036233898252248764
test_01371,0.453668475151062
test_01372,0.5421796441078186
test_01373,0.9803938865661621
test_01374,0.6948619484901428
test_01375,0.30646592378616333
test_01376,0.8643805980682373
test_01377,0.7848125100135803
test_01378,0.5760047435760498
test_01379,0.5291245579719543
test_01380,0.49441179633140564
test_01381,0.7836945056915283
test_01382,0.9889270067214966
test_01383,0.5242921710014343
test_01384,0.9829207062721252
test_01385,0.32834771275520325
test_01386,0.46995991468429565
test_01387,0.5417261719703674
test_01388,0.5402733087539673
test_01389,0.6768515110015869
test_01390,0.32453665137290955
test_01391,0.6096256971359253
test_01392,0.38099247217178345
test_01393,0.6061016321182251
test_01394,0.20443397760391235
test_01395,0.8896089196205139
test_01396,0.9989468455314636
test_01397,0.9972946047782898
test_01398,0.35641005635261536
test_01399,0.274669885635376
test_01400,0.04717094451189041
test_01401,0.42501282691955566
test_01402,0.33065924048423767
test_01403,0.5360065698623657
test_01404,0.7197006940841675
test_01405,0.40744340419769287
test_01406,0.5875291228294373
test_01407,0.7947025299072266
test_01408,0.8550446629524231
test_01409,0.995954155921936
test_01410,0.8437996506690979
test_01411,0.08521931618452072
test_01412,0.08966002613306046
test_01413,0.9349724054336548
test_01414,0.5428064465522766
test_01415,0.5686783790588379
test_01416,0.4778379797935486
test_01417,0.6986451148986816
test_01418,0.5023747086524963
test_01419,0.7799602150917053
test_01420,0.02369980700314045
test_01421,0.5442696809768677
test_01422,0.7669166326522827
test_01423,0.8971228003501892
test_01424,0.8436414003372192
test_01425,0.1322905272245407
test_01426,0.5284883975982666
test_01427,0.43874022364616394
test_01428,0.10511260479688644
test_01429,0.04570106789469719
test_01430,0.996641993522644
test_01431,0.8439413905143738
test_01432,0.7931201457977295
test_01433,0.42751431465148926
test_01434,0.5545042753219604
test_01435,0.0876888558268547
test_01436,0.6688935160636902
test_01437,0.9327278137207031
test_01438,0.19509761035442352
test_01439,0.8798220753669739
test_01440,0.3877364993095398
test_01441,0.187281534075737
test_01442,0.49001115560531616
test_01443,0.4799509644508362
test_01444,0.9969509840011597
test_01445,0.7686748504638672
test_01446,0.5303608179092407
test_01447,0.5912938714027405
test_01448,0.229216530919075
test_01449,0.6119606494903564
test_01450,0.7028473615646362
test_01451,0.5647062063217163
test_01452,0.6580713391304016
test_01453,0.6068310737609863
test_01454,0.9967554211616516
test_01455,0.07849282026290894
test_01456,0.48699626326560974
test_01457,0.6711729764938354
test_01458,0.2948812246322632
test_01459,0.009431833401322365
test_01460,0.010275335982441902
test_01461,0.04539865255355835
test_01462,0.696683406829834
test_01463,0.9127346277236938
test_01464,0.7114107012748718
test_01465,0.5621230006217957
test_01466,0.09367363154888153
test_01467,0.9879872798919678
test_01468,0.9681382179260254
test_01469,0.08882199227809906
test_01470,0.26709213852882385
test_01471,0.8420271873474121
test_01472,0.9876761436462402
test_01473,0.00480212178081274
test_01474,0.847567617893219
test_01475,0.8536044955253601
test_01476,0.10241531580686569
test_01477,0.9274847507476807
test_01478,0.7480128407478333
test_01479,0.6745408177375793
test_01480,0.999984622001648
test_01481,0.4164937138557434
test_01482,0.9759091734886169
test_01483,0.647212028503418
test_01484,0.05931250378489494
test_01485,0.7119454145431519
test_01486,0.9749606251716614
test_01487,0.4372611343860626
test_01488,0.8371226191520691
test_01489,0.47909092903137207
test_01490,0.5571799874305725
test_01491,0.8323216438293457
test_01492,0.7206602096557617
test_01493,0.7798069715499878
test_01494,0.6328215599060059
test_01495,0.4350135028362274
test_01496,0.5451425909996033
test_01497,0.49727991223335266
test_01498,0.7231665849685669
test_01499,0.9385608434677124
test_01500,0.6390100717544556
test_01501,0.7466088533401489
test_01502,0.8984350562095642
test_01503,0.7043318152427673
test_01504,0.23754185438156128
test_01505,0.84778892993927
test_01506,0.5019820332527161
test_01507,0.4623120129108429
test_01508,0.4973732531070709
test_01509,0.35221466422080994
test_01510,0.6390144228935242
test_01511,0.7058777809143066
test_01512,0.4055936634540558
test_01513,0.8305661678314209
test_01514,0.9547269344329834
test_01515,0.9040411710739136
test_01516,0.8049240708351135
test_01517,0.007570882793515921
test_01518,0.3960188031196594
test_01519,0.213005930185318
test_01520,0.6904082298278809
test_01521,0.06302249431610107
test_01522,0.7827945351600647
test_01523,0.7204063534736633
test_01524,0.6393529772758484
test_01525,0.005067794118076563
test_01526,0.017107777297496796
test_01527,0.37793299555778503
test_01528,0.23143646121025085
test_01529,0.40422502160072327
test_01530,0.5607438087463379
test_01531,0.47478973865509033
test_01532,0.8806403279304504
test_01533,0.3314569592475891
test_01534,0.07650790363550186
test_01535,0.042441144585609436
test_01536,0.9295427203178406
test_01537,0.06964397430419922
test_01538,0.9781362414360046
test_01539,0.046271368861198425
test_01540,0.8083671927452087
test_01541,0.7135868072509766
test_01542,0.5460684299468994
test_01543,0.68953937292099
test_01544,0.1365792453289032
test_01545,0.963874876499176
test_01546,0.7923024296760559
test_01547,0.6723233461380005
test_01548,0.9498623013496399
test_01549,0.6009056568145752
test_01550,0.7635219693183899
test_01551,0.8319485783576965
test_01552,0.8376187086105347
test_01553,0.7002125382423401
test_01554,0.2250324934720993
test_01555,0.3635605275630951
test_01556,0.23418724536895752
test_01557,0.9968446493148804
test_01558,0.1798955202102661
test_01559,0.8810411095619202
test_01560,0.5872265100479126
test_01561,0.5995174050331116
test_01562,0.5371498465538025
test_01563,0.992957353591919
test_01564,0.048179734498262405
test_01565,0.41329821944236755
test_01566,0.8029528260231018
test_01567,0.07442160695791245
test_01568,0.5392633080482483
test_01569,0.697516143321991
test_01570,0.004366889130324125
test_01571,0.8748095035552979
test_01572,0.44252851605415344
test_01573,0.5805189609527588
test_01574,0.16036906838417053
test_01575,0.4858417510986328
test_01576,0.5469767451286316
test_01577,0.23364800214767456
test_01578,0.8699943423271179
test_01579,0.6047122478485107
test_01580,0.5913842916488647
test_01581,0.9783374667167664
test_01582,0.15185488760471344
test_01583,0.20055443048477173
test_01584,0.5165440440177917
test_01585,0.8092585206031799
test_01586,0.0003902679600287229
test_01587,0.5096724033355713
test_01588,0.4327642023563385
test_01589,0.42992931604385376
test_01590,0.878443717956543
test_01591,0.483501672744751
test_01592,0.45506998896598816
test_01593,0.10274668782949448
test_01594,0.716335117816925
test_01595,0.13315071165561676
test_01596,0.10178181529045105
test_01597,0.7571458220481873
test_01598,0.9889253973960876
test_01599,0.5746301412582397
test_01600,0.020825808867812157
test_01601,0.787299633026123
test_01602,0.15752367675304413
test_01603,0.9190080165863037
test_01604,0.9780765771865845
test_01605,0.6753221154212952
test_01606,0.3609790802001953
test_01607,0.9281975030899048
test_01608,0.8755083680152893
test_01609,0.1114576980471611
test_01610,0.8465531468391418
test_01611,0.5078732371330261
test_01612,0.6567484140396118
test_01613,0.5442720651626587
test_01614,0.11072582751512527
test_01615,0.3830192983150482
test_01616,0.3782831132411957
test_01617,0.48361265659332275
test_01618,0.9483638405799866
test_01619,0.48594388365745544
test_01620,0.060186296701431274
test_01621,0.6263092160224915
test_01622,0.4855283796787262
test_01623,0.4852754473686218
test_01624,0.7763646245002747
test_01625,0.9926243424415588
test_01626,0.6009677648544312
test_01627,0.7584655284881592
test_01628,0.24316604435443878
test_01629,0.5937756896018982
test_01630,0.32078468799591064
test_01631,0.7207444310188293
test_01632,0.9847452044487
test_01633,0.9231652617454529
test_01634,0.819421648979187
test_01635,0.4544426202774048
test_01636,0.4969724118709564
test_01637,0.310284823179245
test_01638,0.5506112575531006
test_01639,0.844218909740448
test_01640,0.5006288290023804
test_01641,0.3901180624961853
test_01642,0.48509135842323303
test_01643,0.8384920358657837
test_01644,0.5133455991744995
test_01645,0.7280392646789551
test_01646,0.4551689326763153
test_01647,0.9772591590881348
test_01648,0.8603159785270691
test_01649,0.9911901950836182
test_01650,0.5496638417243958
test_01651,0.11396948248147964
test_01652,0.9005216956138611
test_01653,0.5926846861839294
test_01654,0.4946816861629486
test_01655,0.8554843068122864
test_01656,0.9958741068840027
test_01657,0.34191402792930603
test_01658,0.1529553085565567
test_01659,0.380370557308197
test_01660,0.45740848779678345
test_01661,0.4328502416610718
test_01662,0.03778647631406784
test_01663,0.8919935822486877
test_01664,0.7112727761268616
test_01665,0.5430225729942322
test_01666,0.8745435476303101
test_01667,0.4213027060031891
test_01668,0.7411500215530396
test_01669,0.07369566708803177
test_01670,0.4377298653125763
test_01671,0.46957194805145264
test_01672,0.864180326461792
test_01673,0.3854101598262787
test_01674,0.028612565249204636
test_01675,0.1432284265756607
test_01676,0.8429313898086548
test_01677,0.5429597496986389
test_01678,0.45349326729774475
test_01679,0.4487171769142151
test_01680,0.054606035351753235
test_01681,0.781298041343689
test_01682,0.26138171553611755
test_01683,0.34310564398765564
test_01684,0.4836120009422302
test_01685,0.928562343120575
test_01686,0.588431715965271
test_01687,0.5276573300361633
test_01688,0.31639575958251953
test_01689,0.6311458349227905
test_01690,0.8049579858779907
test_01691,0.1540188491344452
test_01692,0.4744819402694702
test_01693,0.6280555725097656
test_01694,0.9429299831390381
test_01695,0.7735891342163086
test_01696,0.9822110533714294
test_01697,0.9961917400360107
test_01698,0.6948678493499756
test_01699,0.9979867935180664
test_01700,0.9660321474075317
test_01701,0.07387879490852356
test_01702,0.10454553365707397
test_01703,0.5291212797164917
test_01704,0.19028787314891815
test_01705,0.7126637101173401
test_01706,0.5388244986534119
test_01707,0.4921223819255829
test_01708,0.9962144494056702
test_01709,0.25903210043907166
test_01710,0.3681497275829315
test_01711,0.15306709706783295
test_01712,0.9183860421180725
test_01713,0.3336024880409241
test_01714,0.77521812915802
test_01715,0.16866779327392578
test_01716,0.6353076100349426
test_01717,0.8962193727493286
test_01718,0.9212769269943237
test_01719,0.8304504156112671
test_01720,0.5969802737236023
test_01721,0.9856641292572021
test_01722,0.04866411164402962
test_01723,0.881348192691803
test_01724,0.4882155954837799
test_01725,0.20812729001045227
test_01726,0.6230407953262329
test_01727,0.20437835156917572
test_01728,0.38832682371139526
test_01729,0.5894232392311096
test_01730,0.8413540124893188
test_01731,0.2373630553483963
test_01732,0.02171935886144638
test_01733,0.9813411235809326
test_01734,0.4067372679710388
test_01735,0.9734035730361938
test_01736,0.4347696304321289
test_01737,0.9907022714614868
test_01738,0.8802304863929749
test_01739,0.4469044804573059
test_01740,0.9126927852630615
test_01741,0.4163792133331299
test_01742,0.003981131594628096
test_01743,0.678209662437439
test_01744,0.43946126103401184
test_01745,0.07086304575204849
test_01746,0.3390568494796753
test_01747,0.4898228943347931
test_01748,0.6296312212944031
test_01749,0.5694885849952698
test_01750,0.20082218945026398
test_01751,0.33328863978385925
test_01752,0.9262322187423706
test_01753,0.4999655485153198
test_01754,0.2581818401813507
test_01755,0.1496611088514328
test_01756,0.9703992009162903
test_01757,0.5156104564666748
test_01758,0.22080297768115997
test_01759,0.4885580539703369
test_01760,0.9171051979064941
test_01761,0.6154037117958069
test_01762,0.17578937113285065
test_01763,0.4247090220451355
test_01764,0.7223187685012817
test_01765,0.8812650442123413
test_01766,0.7371422648429871
test_01767,0.9580705761909485
test_01768,0.8630076050758362
test_01769,0.49432632327079773
test_01770,0.4662517309188843
test_01771,0.3046620786190033
test_01772,0.2124813050031662
test_01773,0.9691030383110046
test_01774,0.325297087430954
test_01775,0.8374722599983215
test_01776,0.9944323897361755
test_01777,0.33861514925956726
test_01778,0.11239855736494064
test_01779,0.5086334347724915
test_01780,0.9329400658607483
test_01781,0.9984096884727478
test_01782,0.9960225820541382
test_01783,0.00797110702842474
test_01784,0.4995281398296356
test_01785,0.29184862971305847
test_01786,0.30266571044921875
test_01787,0.5142772793769836
test_01788,0.9737235307693481
test_01789,0.23514047265052795
test_01790,0.7862504124641418
test_01791,0.5529182553291321
test_01792,0.5277270674705505
test_01793,0.5185516476631165
test_01794,0.5407991409301758
test_01795,0.8048328757286072
test_01796,0.8016294240951538
test_01797,0.40683069825172424
test_01798,0.4348995089530945
test_01799,0.2424681931734085
test_01800,0.31180062890052795
test_01801,0.5834219455718994
test_01802,0.33076193928718567
test_01803,0.8468352556228638
test_01804,0.4872340261936188
test_01805,0.4507458806037903
test_01806,0.6311193704605103
test_01807,0.9572821259498596
test_01808,0.835045337677002
test_01809,0.1253838837146759
test_01810,0.13309556245803833
test_01811,0.9972137808799744
test_01812,0.9996628761291504
test_01813,0.3869425356388092
test_01814,0.36187559366226196
test_01815,0.047410957515239716
test_01816,0.44114014506340027
test_01817,0.7934765815734863
test_01818,0.20980633795261383
test_01819,0.7768262624740601
test_01820,0.48837655782699585
test_01821,0.27683329582214355
test_01822,0.6645335555076599
test_01823,0.8405927419662476
test_01824,0.9876394867897034
test_01825,0.5151933431625366
test_01826,0.47666531801223755
test_01827,0.2595983147621155
test_01828,0.9900976419448853
test_01829,0.5642504692077637
test_01830,0.8045520186424255
test_01831,0.1240965947508812
test_01832,0.36949825286865234
test_01833,0.017831534147262573
test_01834,0.732442319393158
test_01835,0.1510329693555832
test_01836,0.294526070356369
test_01837,0.7834574580192566
test_01838,0.9237738251686096
test_01839,0.49842342734336853
test_01840,0.3108080327510834
test_01841,0.8868076801300049
test_01842,0.9323320388793945
test_01843,0.3730350732803345
test_01844,0.6849578022956848
test_01845,0.744403600692749
test_01846,0.09123494476079941
test_01847,0.9643957018852234
test_01848,0.06099222972989082
test_01849,0.9988064765930176
test_01850,0.07068870961666107
test_01851,0.8369242548942566
test_01852,0.686349630355835
test_01853,0.9725343585014343
test_01854,0.40625953674316406
test_01855,0.7949511408805847
test_01856,0.12045971304178238
test_01857,0.00016967716510407627
test_01858,0.8212152719497681
test_01859,0.6266746520996094
test_01860,0.05308075249195099
test_01861,0.5974475145339966
test_01862,0.5598311424255371
test_01863,0.5368978381156921
test_01864,0.04315660893917084
test_01865,0.7767682075500488
test_01866,0.5243203043937683
test_01867,0.043343380093574524
test_01868,0.7654638886451721
test_01869,0.045098334550857544
test_01870,0.25537675619125366
test_01871,0.4191013276576996
test_01872,0.9314449429512024
test_01873,0.8257368803024292
test_01874,0.299325555562973
test_01875,0.3776620924472809
test_01876,0.9792031049728394
test_01877,0.9951305389404297
test_01878,0.5099453926086426
test_01879,0.9907394647598267
test_01880,0.8035822510719299
test_01881,0.5004549026489258
test_01882,0.2915191352367401
test_01883,0.21437150239944458
test_01884,0.720674991607666
test_01885,0.5624420046806335
test_01886,0.10553325712680817
test_01887,0.5236776471138
test_01888,0.4618096649646759
test_01889,0.3937091529369354
test_01890,0.7065335512161255
test_01891,0.8657395243644714
test_01892,0.9702410697937012
test_01893,0.722776472568512
test_01894,0.5592882633209229
test_01895,0.44442304968833923
test_01896,0.89991295337677
test_01897,0.6928300857543945
test_01898,0.8702952265739441
test_01899,0.7566594481468201
test_01900,0.9994307160377502
test_01901,0.7204858660697937
test_01902,0.588535726070404
test_01903,0.8337370157241821
test_01904,0.7183059453964233
test_01905,0.7570377588272095
test_01906,0.9348198771476746
test_01907,0.7941353917121887
test_01908,0.6206425428390503
test_01909,0.7242822647094727
test_01910,0.14863955974578857
test_01911,0.27289336919784546
test_01912,0.6008813381195068
test_01913,0.5612975358963013
test_01914,0.040305204689502716
test_01915,0.9871483445167542
test_01916,0.24233900010585785
test_01917,0.9392140507698059
test_01918,0.6522858142852783
test_01919,0.6381692290306091
test_01920,0.9377254843711853
test_01921,0.727079451084137
test_01922,0.7055068612098694
test_01923,0.6419455409049988
test_01924,0.6586756110191345
test_01925,0.783671498298645
test_01926,0.9512819647789001
test_01927,0.9497194886207581
test_01928,0.6302411556243896
test_01929,0.7639942765235901
test_01930,0.4648246169090271
test_01931,0.9874181747436523
test_01932,0.18388493359088898
test_01933,0.6178056001663208
test_01934,0.6413615942001343
test_01935,0.5937516093254089
test_01936,0.022293776273727417
test_01937,0.5251444578170776
test_01938,0.5918827652931213
test_01939,0.5928820967674255
test_01940,0.23984816670417786
test_01941,0.0012222216464579105
test_01942,0.8268983364105225
test_01943,0.0016871795523911715
test_01944,0.6308534145355225
test_01945,0.9057034254074097
test_01946,0.33766859769821167
test_01947,0.27679750323295593
test_01948,0.4901169240474701
test_01949,0.5616163015365601
test_01950,0.591052234172821
test_01951,0.5417793393135071
test_01952,0.6002218723297119
test_01953,0.5841208696365356
test_01954,0.9951600432395935
test_01955,0.605501651763916
test_01956,0.26779159903526306
test_01957,0.529543936252594
test_01958,0.858102023601532
test_01959,0.955816388130188
test_01960,0.9480898380279541
test_01961,0.7048700451850891
test_01962,0.0005145557224750519
test_01963,0.5826320648193359
test_01964,0.0007823618943803012
test_01965,0.4878440499305725
test_01966,0.03756732866168022
test_01967,0.550292432308197
test_01968,0.4492242932319641
test_01969,0.5975537896156311
test_01970,0.8011888861656189
test_01971,0.8512443900108337
test_01972,0.5819153189659119
test_01973,0.5755356550216675
test_01974,0.5912820100784302
test_01975,0.8197237849235535
test_01976,0.9962826371192932
test_01977,0.6840990781784058
test_01978,0.8433524966239929
test_01979,0.35155215859413147
test_01980,0.2999102473258972
test_01981,0.5423142313957214
test_01982,0.23809249699115753
test_01983,0.4348561465740204
test_01984,0.6698046326637268
test_01985,0.20746590197086334
test_01986,0.5131086707115173
test_01987,0.04493032395839691
test_01988,0.9139552712440491
test_01989,0.4042551517486572
test_01990,0.07105262577533722
test_01991,0.32935023307800293
test_01992,0.5745218396186829
test_01993,0.7746857404708862
test_01994,0.7675429582595825
test_01995,0.9870906472206116
test_01996,0.19162000715732574
test_01997,0.47937291860580444
test_01998,0.4485580027103424
test_01999,0.9939460158348083
test_02000,0.8727344274520874
test_02001,0.6462555527687073
test_02002,0.9091670513153076
test_02003,0.8316550254821777
test_02004,0.16339543461799622
test_02005,0.7004166841506958
test_02006,0.2596975266933441
test_02007,0.5693937540054321
test_02008,0.7586730122566223
test_02009,0.6039944887161255
test_02010,0.8945198059082031
test_02011,0.9465600252151489
test_02012,0.6668485999107361
test_02013,0.0005344314849935472
test_02014,0.8124416470527649
test_02015,0.31517747044563293
test_02016,0.4259708523750305
test_02017,0.6793791055679321
test_02018,0.7061176300048828
test_02019,0.48126357793807983
test_02020,0.6960923671722412
test_02021,0.2292909175157547
test_02022,0.761853814125061
test_02023,0.5314244031906128
test_02024,0.40887272357940674
test_02025,0.9901830554008484
test_02026,0.712344765663147
test_02027,0.30673861503601074
test_02028,0.9468767046928406
test_02029,0.9775856733322144
test_02030,0.9784327745437622
test_02031,0.36991530656814575
test_02032,0.09576893597841263
test_02033,0.00012249083374626935
test_02034,0.9985209107398987
test_02035,0.4261714220046997
test_02036,0.33425813913345337
test_02037,0.4324168860912323
test_02038,0.7212802171707153
test_02039,0.7920708656311035
test_02040,0.5775536298751831
test_02041,0.18161123991012573
test_02042,0.8213368654251099
test_02043,0.9844569563865662
test_02044,0.7742633819580078
test_02045,0.18041697144508362
test_02046,0.18200838565826416
test_02047,0.6145679950714111
test_02048,0.33726370334625244
test_02049,0.5251432657241821
test_02050,0.48378950357437134
test_02051,0.8177051544189453
test_02052,0.5867071747779846
test_02053,0.7540706992149353
test_02054,0.5086944699287415
test_02055,0.4691524803638458
test_02056,0.9977694749832153
test_02057,0.4371177554130554
test_02058,0.4933410882949829
test_02059,0.9964783787727356
test_02060,0.972644567489624
test_02061,0.7887623906135559
test_02062,0.5520299673080444
test_02063,0.012443751096725464
test_02064,0.5196592807769775
test_02065,0.8264837265014648
test_02066,0.8843475580215454
test_02067,0.20505699515342712
test_02068,0.013346309773623943
test_02069,0.5235852003097534
test_02070,0.2777535915374756
test_02071,0.31198179721832275
test_02072,0.7537777423858643
test_02073,0.4274873435497284
test_02074,0.8771141171455383
test_02075,0.23204967379570007
test_02076,0.04781649261713028
test_02077,0.516446590423584
test_02078,0.7765598297119141
test_02079,0.32017239928245544
test_02080,0.49633386731147766
test_02081,0.8445950746536255
test_02082,0.7347139120101929
test_02083,0.21567383408546448
test_02084,0.3317175805568695
test_02085,0.5260693430900574
test_02086,0.9763857126235962
test_02087,0.004247823264449835
test_02088,0.7798892259597778
test_02089,0.4342033863067627
test_02090,0.4102718234062195
test_02091,0.14138416945934296
test_02092,0.31833431124687195
test_02093,0.014113355427980423
test_02094,0.595935583114624
test_02095,0.5536999106407166
test_02096,0.4769817888736725
test_02097,0.8107940554618835
test_02098,0.2927682101726532
test_02099,0.8388334512710571
test_02100,0.809613049030304
test_02101,0.609418511390686
test_02102,0.21305660903453827
test_02103,0.20093348622322083
test_02104,0.5481785535812378
test_02105,0.6286035180091858
test_02106,0.9999114274978638
test_02107,0.20016397535800934
test_02108,0.7558690905570984
test_02109,0.5621039867401123
test_02110,0.7849392294883728
test_02111,0.427957683801651
test_02112,0.6733158230781555
test_02113,0.674466609954834
test_02114,0.2732847332954407
test_02115,0.950131356716156
test_02116,0.5543161630630493
test_02117,0.4685712456703186
test_02118,0.5061906576156616
test_02119,0.5067728757858276
test_02120,0.36956819891929626
test_02121,0.1568737030029297
test_02122,0.6604894399642944
test_02123,0.6567983031272888
test_02124,0.2958207428455353
test_02125,0.8149699568748474
test_02126,0.6452921032905579
test_02127,0.9987300038337708
test_02128,0.15526534616947174
test_02129,0.475437730550766
test_02130,0.8126810789108276
test_02131,0.38106220960617065
test_02132,0.6475481390953064
test_02133,0.5076369047164917
test_02134,0.8950437903404236
test_02135,0.9279131889343262
test_02136,0.8235023021697998
test_02137,0.5859986543655396
test_02138,0.5237001180648804
test_02139,0.5630218386650085
test_02140,0.8309680223464966
test_02141,0.36166656017303467
test_02142,0.9431359767913818
test_02143,0.22094103693962097
test_02144,0.25926831364631653
test_02145,0.07786913961172104
test_02146,0.21574439108371735
test_02147,0.8044694662094116
test_02148,0.6827958226203918
test_02149,0.5665671825408936
test_02150,0.9442207217216492
test_02151,0.06725887954235077
test_02152,0.7496732473373413
test_02153,0.8716269135475159
test_02154,0.7408703565597534
test_02155,0.9639463424682617
test_02156,0.9000728726387024
test_02157,0.013664172030985355
test_02158,0.23411591351032257
test_02159,0.39605712890625
test_02160,0.5667271614074707
test_02161,0.6364654302597046
test_02162,0.9992897510528564
test_02163,0.27538445591926575
test_02164,0.9773394465446472
test_02165,0.5992980003356934
test_02166,0.292008638381958
test_02167,0.442971795797348
test_02168,0.4297322928905487
test_02169,0.25738105177879333
test_02170,0.9964441657066345
test_02171,0.4434073865413666
test_02172,0.8078728318214417
test_02173,0.3488330841064453
test_02174,0.5080038905143738
test_02175,0.9003556966781616
test_02176,0.06443552672863007
test_02177,0.45689496397972107
test_02178,0.6183498501777649
test_02179,0.6655205488204956
test_02180,0.7419072389602661
test_02181,0.9314802289009094
test_02182,0.4784477949142456
test_02183,0.9875969290733337
test_02184,0.9780519604682922
test_02185,0.7100561857223511
test_02186,0.9684868454933167
test_02187,0.5278696417808533
test_02188,0.6462390422821045
test_02189,0.9575316309928894
test_02190,0.7270610332489014
test_02191,0.5515099167823792
test_02192,0.04724673181772232
test_02193,0.005063309799879789
test_02194,0.4347376823425293
test_02195,0.9980162382125854
test_02196,0.48314744234085083
test_02197,0.8570374250411987
test_02198,0.26107755303382874
test_02199,0.9074780344963074
test_02200,0.9766761660575867
test_02201,0.5471251606941223
test_02202,0.09925435483455658
test_02203,0.02316823974251747
test_02204,0.4855634570121765
test_02205,0.7601461410522461
test_02206,0.4420012831687927
test_02207,0.5589779615402222
test_02208,0.7132290601730347
test_02209,0.4279157519340515
test_02210,0.14553958177566528
test_02211,0.3800637125968933
test_02212,0.5316784977912903
test_02213,0.8952251672744751
test_02214,0.5078141689300537
test_02215,0.4475662112236023
test_02216,0.23914626240730286
test_02217,0.03298010677099228
test_02218,0.7471431493759155
test_02219,0.7118886113166809
test_02220,0.6080940961837769
test_02221,0.8807277083396912
test_02222,0.2126011699438095
test_02223,0.5259005427360535
test_02224,0.9134917259216309
test_02225,0.9983806610107422
test_02226,0.9687427282333374
test_02227,0.4833217263221741
test_02228,0.3768673837184906
test_02229,0.6358107328414917
test_02230,0.8420219421386719
test_02231,0.382053405046463
test_02232,0.6422232985496521
test_02233,0.9788084030151367
test_02234,5.922211585129844e-06
test_02235,0.30876612663269043
test_02236,0.3645108640193939
test_02237,0.515181839466095
test_02238,0.25110554695129395
test_02239,0.6712920665740967
test_02240,0.5659269094467163
test_02241,0.9593993425369263
test_02242,0.013796363025903702
test_02243,0.3566972017288208
test_02244,0.3830767571926117
test_02245,0.06651310622692108
test_02246,0.9789444208145142
test_02247,0.9306013584136963
test_02248,0.8645407557487488
test_02249,0.7627092003822327
test_02250,0.8922154903411865
test_02251,0.4180443286895752
test_02252,0.9601556062698364
test_02253,0.7168350219726562
test_02254,0.7214144468307495
test_02255,0.806996762752533
test_02256,0.41876718401908875
test_02257,0.5888392925262451
test_02258,0.6706566214561462
test_02259,0.4373514950275421
test_02260,0.7070801258087158
test_02261,0.04074692726135254
test_02262,0.14550092816352844
test_02263,0.7941502928733826
test_02264,0.9444120526313782
test_02265,0.9777252674102783
test_02266,0.5435396432876587
test_02267,0.8816449046134949
test_02268,0.8511179089546204
test_02269,0.5810218453407288
test_02270,0.9422423243522644
test_02271,0.9473297595977783
test_02272,0.2217959314584732
test_02273,0.1806909292936325
test_02274,0.5612991452217102
test_02275,0.7587423324584961
test_02276,0.9991278052330017
test_02277,0.1433737576007843
test_02278,0.8771292567253113
test_02279,0.15599209070205688
test_02280,0.636117160320282
test_02281,0.1824476420879364
test_02282,0.29143115878105164
test_02283,0.5613727569580078
test_02284,0.9747785329818726
test_02285,0.034635599702596664
test_02286,0.7630539536476135
test_02287,0.2665362060070038
test_02288,0.5091831684112549
test_02289,0.15972715616226196
test_02290,0.16279615461826324
test_02291,0.8285735845565796
test_02292,0.6257844567298889
test_02293,0.47069111466407776
test_02294,0.8465942740440369
test_02295,0.648788332939148
test_02296,0.5887050032615662
test_02297,0.9325932264328003
test_02298,0.32889676094055176
test_02299,0.8281072378158569
test_02300,0.3940519690513611
test_02301,0.4942281246185303
test_02302,0.9996032118797302
test_02303,0.683426022529602
test_02304,0.07941006124019623
test_02305,0.0456470362842083
test_02306,0.5192963480949402
test_02307,0.5784735679626465
test_02308,0.9106108546257019
test_02309,0.7200343608856201
test_02310,0.821647047996521
test_02311,0.6207982301712036
test_02312,0.7802818417549133
test_02313,0.9907045960426331
test_02314,0.5478840470314026
test_02315,0.09182380139827728
test_02316,0.3849433958530426
test_02317,0.2300994098186493
test_02318,0.9547178149223328
test_02319,0.12298689037561417
test_02320,0.5970978140830994
test_02321,0.9721464514732361
test_02322,0.8523121476173401
test_02323,0.9527755975723267
test_02324,0.9656745195388794
test_02325,0.9459975957870483
test_02326,0.12112312763929367
test_02327,0.15129454433918
test_02328,0.5276373028755188
test_02329,0.4757564961910248
test_02330,0.9741188883781433
test_02331,0.0001579163217684254
test_02332,0.0740499198436737
test_02333,0.33877426385879517
test_02334,0.8520662784576416
test_02335,0.26157301664352417
test_02336,0.10562743246555328
test_02337,0.9973210692405701
test_02338,0.6758340001106262
test_02339,0.4629645347595215
test_02340,0.6583792567253113
test_02341,0.20757049322128296
test_02342,0.5325556397438049
test_02343,0.518037736415863
test_02344,0.43652716279029846
test_02345,0.6160385012626648
test_02346,0.9952751398086548
test_02347,0.47307685017585754
test_02348,0.16827258467674255
test_02349,0.9419043660163879
test_02350,0.049682311713695526
test_02351,0.07108604162931442
test_02352,0.20990058779716492
test_02353,0.5323253273963928
test_02354,0.7075300812721252
test_02355,0.661879301071167
test_02356,0.5822834372520447
test_02357,0.33327093720436096
test_02358,0.5811678171157837
test_02359,0.2293473333120346
test_02360,0.009779829531908035
test_02361,0.21420279145240784
test_02362,0.4851250648498535
test_02363,0.284829318523407
test_02364,0.7055555582046509
test_02365,0.9876946210861206
test_02366,0.01404658518731594
test_02367,0.999713122844696
test_02368,0.00030206344672478735
test_02369,0.9810808300971985
test_02370,0.7216091156005859
test_02371,0.5198589563369751
test_02372,0.35709017515182495
test_02373,0.3409058153629303
test_02374,0.264096200466156
test_02375,0.0623803436756134
test_02376,0.370750367641449
test_02377,0.015887511894106865
test_02378,0.5827471017837524
test_02379,0.3918061852455139
test_02380,0.4672172963619232
test_02381,0.5003622174263
test_02382,0.4735065996646881
test_02383,0.7174465656280518
test_02384,0.7747302055358887
test_02385,0.5611603856086731
test_02386,0.11401471495628357
test_02387,0.809842586517334
test_02388,0.5581828355789185
test_02389,0.03613725304603577
test_02390,0.6205823421478271
test_02391,0.7796772718429565
test_02392,0.8241494297981262
test_02393,0.1355292946100235
test_02394,0.07479751110076904
test_02395,0.5675081610679626
test_02396,0.8890513181686401
test_02397,0.8403944969177246
test_02398,0.9501613974571228
test_02399,0.6677780747413635
test_02400,0.756230354309082
test_02401,0.7337765693664551
test_02402,0.6252601742744446
test_02403,0.7161867022514343
test_02404,0.9698060750961304
test_02405,0.7077239751815796
test_02406,0.8876600861549377
test_02407,0.9195572733879089
test_02408,0.9254787564277649
test_02409,0.9581987857818604
test_02410,0.07379700988531113
test_02411,0.9522333145141602
test_02412,0.5871227383613586
test_02413,0.19516298174858093
test_02414,0.3922678828239441
test_02415,0.655229389667511
test_02416,0.027988063171505928
test_02417,0.5699348449707031
test_02418,0.5814934372901917
test_02419,0.7696640491485596
test_02420,0.2549459636211395
test_02421,0.678168773651123
test_02422,0.4049144983291626
test_02423,0.6238012313842773
test_02424,0.9873213768005371
test_02425,0.1631150245666504
test_02426,0.9997332692146301
test_02427,0.9892688393592834
test_02428,0.10311349481344223
test_02429,0.6747404336929321
test_02430,0.7590581178665161
test_02431,0.2899494767189026
test_02432,0.6588315367698669
test_02433,0.899091362953186
test_02434,0.9714248180389404
test_02435,0.5693474411964417
test_02436,0.5306692719459534
test_02437,0.4472523629665375
test_02438,0.8585476279258728
test_02439,0.006173311732709408
test_02440,0.9957387447357178
test_02441,0.5420249104499817
test_02442,0.45623061060905457
test_02443,0.5002440214157104
test_02444,0.4620632231235504
test_02445,0.2537107765674591
test_02446,0.8568176627159119
test_02447,0.10666801035404205
test_02448,0.8993532657623291
test_02449,0.022282980382442474
test_02450,0.8927792310714722
test_02451,0.9482815861701965
test_02452,0.5763373970985413
test_02453,0.4723570644855499
test_02454,0.454870343208313
test_02455,0.6427031755447388
test_02456,0.009242696687579155
test_02457,0.28421011567115784
test_02458,0.6211225390434265
test_02459,0.3025665581226349
test_02460,0.8292636275291443
test_02461,0.9982454776763916
test_02462,0.9999918937683105
test_02463,0.8966565132141113
test_02464,0.027988282963633537
test_02465,0.393995463848114
test_02466,0.5048035979270935
test_02467,0.027866149321198463
test_02468,0.5435889959335327
test_02469,0.6108198165893555
test_02470,0.9419710040092468
test_02471,0.46364375948905945
test_02472,0.12583409249782562
test_02473,0.6083200573921204
test_02474,0.33471134305000305
test_02475,0.703687846660614
test_02476,0.9808822274208069
test_02477,0.3499322831630707
test_02478,0.9100305438041687
test_02479,0.9821489453315735
test_02480,0.9103182554244995
test_02481,0.6734226942062378
test_02482,0.4695128798484802
test_02483,0.001902520190924406
test_02484,0.6991667151451111
test_02485,0.8769931793212891
test_02486,0.5267078280448914
test_02487,0.08606734126806259
test_02488,0.5518391132354736
test_02489,0.5317829251289368
test_02490,0.5253791809082031
test_02491,0.21528266370296478
test_02492,0.813079833984375
test_02493,0.013516842387616634
test_02494,0.4893856942653656
test_02495,0.002648408990353346
test_02496,0.9226779937744141
test_02497,0.4918937385082245
test_02498,0.6547952890396118
test_02499,0.7934483885765076
test_02500,0.9944359064102173
test_02501,0.5368096828460693
test_02502,0.529664933681488
test_02503,0.4523846209049225
test_02504,0.997292697429657
test_02505,0.6223536133766174
test_02506,0.16534341871738434
test_02507,0.7885648012161255
test_02508,0.3490584194660187
test_02509,0.6054901480674744
test_02510,0.5031660199165344
test_02511,0.014655961655080318
test_02512,0.6938400268554688
test_02513,0.0968259871006012
test_02514,6.3031611716724e-06
test_02515,0.9185254573822021
test_02516,0.6796272397041321
test_02517,0.22335749864578247
test_02518,0.001962463604286313
test_02519,0.7400482296943665
test_02520,0.0006978930905461311
test_02521,0.6629854440689087
test_02522,0.6794065237045288
test_02523,0.9230895638465881
test_02524,0.8623673915863037
test_02525,0.4367120563983917
test_02526,0.688067615032196
test_02527,0.9844916462898254
test_02528,0.7423654794692993
test_02529,0.4676426351070404
test_02530,0.08195825666189194
test_02531,0.9666793942451477
test_02532,0.8950296640396118
test_02533,0.5481817126274109
test_02534,0.8516510725021362
test_02535,0.6031919121742249
test_02536,0.9840243458747864
test_02537,0.5951893925666809
test_02538,0.24006246030330658
test_02539,0.15659533441066742
test_02540,0.8452596068382263
test_02541,0.6969245672225952
test_02542,0.5051835179328918
test_02543,0.5863051414489746
test_02544,0.8503424525260925
test_02545,0.5875158905982971
test_02546,0.3433273732662201
test_02547,0.4708143174648285
test_02548,0.622035026550293
test_02549,0.4026329219341278
test_02550,0.9757995009422302
test_02551,0.570773184299469
test_02552,0.9059656858444214
test_02553,0.8853661417961121
test_02554,0.5534231662750244
test_02555,0.7281925678253174
test_02556,0.545694887638092
test_02557,0.7205594778060913
test_02558,0.9067533016204834
test_02559,0.05850668624043465
test_02560,0.4748838245868683
test_02561,0.361848384141922
test_02562,0.7732393145561218
test_02563,0.9711017608642578
test_02564,0.10401922464370728
test_02565,0.8092074990272522
test_02566,0.3372381329536438
test_02567,0.8291021585464478
test_02568,0.6958335041999817
test_02569,0.6238859295845032
test_02570,0.11638114601373672
test_02571,0.3592074513435364
test_02572,0.16590653359889984
test_02573,0.5462417006492615
test_02574,0.6918460726737976
test_02575,0.5288479328155518
test_02576,0.9111806750297546
test_02577,0.5786394476890564
test_02578,0.22628706693649292
test_02579,0.06392480432987213
test_02580,0.6792540550231934
test_02581,0.4497871696949005
test_02582,0.8028640747070312
test_02583,0.44059860706329346
test_02584,0.9992008805274963
test_02585,0.5687357783317566
test_02586,0.9948809146881104
test_02587,0.5501522421836853
test_02588,0.5791068077087402
test_02589,0.20591333508491516
test_02590,0.3933148682117462
test_02591,0.533616840839386
test_02592,0.49878036975860596
test_02593,0.05634302273392677
test_02594,0.9991152882575989
test_02595,0.6474225521087646
test_02596,0.8207031488418579
test_02597,0.8821421265602112
test_02598,0.7043748497962952
test_02599,0.25402888655662537
test_02600,0.7040544748306274
test_02601,0.017735933884978294
test_02602,0.11422654986381531
test_02603,0.2333613783121109
test_02604,0.03720143437385559
test_02605,0.820370614528656
test_02606,0.551228404045105
test_02607,0.9982340335845947
test_02608,0.544694185256958
test_02609,0.32240667939186096
test_02610,0.47042593359947205
test_02611,0.7730223536491394
test_02612,0.4716963469982147
test_02613,0.2754782736301422
test_02614,0.03866109997034073
test_02615,0.1780625730752945
test_02616,0.6910352110862732
test_02617,0.9674099683761597
test_02618,0.603804886341095
test_02619,0.6433864831924438
test_02620,0.0017767829122021794
test_02621,0.7696090936660767
test_02622,0.22247447073459625
test_02623,0.7443555593490601
test_02624,0.5462574362754822
test_02625,0.8224092721939087
test_02626,0.885600209236145
test_02627,0.5229916572570801
test_02628,0.5325625538825989
test_02629,0.618411660194397
test_02630,0.969575822353363
test_02631,0.9767041206359863
test_02632,0.8090904951095581
test_02633,0.4647054374217987
test_02634,0.025107162073254585
test_02635,0.5337748527526855
test_02636,0.1073746457695961
test_02637,0.578129231929779
test_02638,0.7229432463645935
test_02639,0.13348962366580963
test_02640,0.8933077454566956
test_02641,0.9226340055465698
test_02642,0.028569867834448814
test_02643,0.9314188957214355
test_02644,0.6562355756759644
test_02645,0.5828814506530762
test_02646,0.44165632128715515
test_02647,0.5162912011146545
test_02648,0.1922474503517151
test_02649,0.6807165145874023
test_02650,0.6219553351402283
test_02651,0.21907752752304077
test_02652,0.40121957659721375
test_02653,0.8327469229698181
test_02654,0.21078747510910034
test_02655,0.16219453513622284
test_02656,0.23815497756004333
test_02657,0.5263704061508179
test_02658,0.1859017312526703
test_02659,0.13816986978054047
test_02660,0.513563871383667
test_02661,0.9657052159309387
test_02662,0.02132309228181839
test_02663,0.9651193618774414
test_02664,0.25081077218055725
test_02665,0.9577404260635376
test_02666,0.9200128316879272
test_02667,0.708829939365387
test_02668,0.5049583315849304
test_02669,0.6818791031837463
test_02670,0.3825293183326721
test_02671,0.5341099500656128
test_02672,0.5884068608283997
test_02673,0.9627482891082764
test_02674,0.3930393159389496
test_02675,0.9929502010345459
test_02676,0.5392893552780151
test_02677,0.8634544014930725
test_02678,0.1382940113544464
test_02679,0.09054005891084671
test_02680,0.9452695250511169
test_02681,0.7501695156097412
test_02682,0.4961281418800354
test_02683,0.7096295952796936
test_02684,0.9051933884620667
test_02685,0.49415916204452515
test_02686,0.9613690376281738
test_02687,0.8792259097099304
test_02688,0.9907776117324829
test_02689,0.6279767155647278
test_02690,0.4115252196788788
test_02691,0.6571215987205505
test_02692,0.023732701316475868
test_02693,0.5399576425552368
test_02694,0.851006031036377
test_02695,0.5503640174865723
test_02696,0.008275658823549747
test_02697,0.9488376379013062
test_02698,0.1066395491361618
test_02699,0.9298895597457886
test_02700,0.7060804963111877
test_02701,0.914247453212738
test_02702,0.48900288343429565
test_02703,0.7912521362304688
test_02704,0.6062893271446228
test_02705,0.6476717591285706
test_02706,0.8877812623977661
test_02707,0.2957199811935425
test_02708,0.7524264454841614
test_02709,0.569794237613678
test_02710,0.7295308709144592
test_02711,0.04523317515850067
test_02712,0.6458778977394104
test_02713,0.3337457776069641
test_02714,0.9533807039260864
test_02715,0.0007557202479802072
test_02716,0.9839460253715515
test_02717,0.9096084833145142
test_02718,0.8520277738571167
test_02719,0.6049953699111938
test_02720,0.21389645338058472
test_02721,0.361810564994812
test_02722,0.5649739503860474
test_02723,0.054556284099817276
test_02724,0.9860040545463562
test_02725,0.9122536182403564
test_02726,0.692922830581665
test_02727,0.7122542262077332
test_02728,0.220138818025589
test_02729,0.7775542736053467
test_02730,0.4843589663505554
test_02731,0.9680764675140381
test_02732,0.7507320642471313
test_02733,0.5264831781387329
test_02734,0.1335652470588684
test_02735,0.7487509846687317
test_02736,0.0703350380063057
test_02737,0.9083824753761292
test_02738,0.694087028503418
test_02739,0.42864805459976196
test_02740,0.7397263050079346
test_02741,0.8660507202148438
test_02742,0.993439257144928
test_02743,0.49944058060646057
test_02744,0.003013771492987871
test_02745,0.19827450811862946
test_02746,0.627650797367096
test_02747,0.40097618103027344
test_02748,0.4604458212852478
test_02749,0.9586905241012573
test_02750,0.26082196831703186
test_02751,0.5477385520935059
test_02752,0.5437303185462952
test_02753,0.29754167795181274
test_02754,0.9321251511573792
test_02755,0.5558655858039856
test_02756,0.16641643643379211
test_02757,0.6369965076446533
test_02758,0.4426119327545166
test_02759,0.8932079672813416
test_02760,0.02752334624528885
test_02761,0.9992935657501221
test_02762,0.21108688414096832
test_02763,0.7543054223060608
test_02764,0.23842056095600128
test_02765,0.7405785918235779
test_02766,0.8148322105407715
test_02767,0.8440715074539185
test_02768,0.7141646146774292
test_02769,0.00486045191064477
test_02770,0.9768120646476746
test_02771,0.0009041861048899591
test_02772,0.6652501821517944
test_02773,0.6259605884552002
test_02774,0.8020327687263489
test_02775,0.42791107296943665
test_02776,0.8177400231361389
test_02777,0.9971967935562134
test_02778,0.9183191061019897
test_02779,0.24451085925102234
test_02780,0.5457269549369812
test_02781,0.5997374057769775
test_02782,0.004693424329161644
test_02783,0.019161976873874664
test_02784,0.9923571348190308
test_02785,0.9151933193206787
test_02786,0.23926593363285065
test_02787,0.2469652146100998
test_02788,0.7321377992630005
test_02789,0.5460143089294434
test_02790,0.6580143570899963
test_02791,0.6575497388839722
test_02792,0.43523386120796204
test_02793,0.35185331106185913
test_02794,0.21575866639614105
test_02795,0.9908857345581055
test_02796,0.8842792510986328
test_02797,0.1417192965745926
test_02798,0.016422122716903687
test_02799,0.5100464224815369
test_02800,0.27232855558395386
test_02801,0.2682071328163147
test_02802,0.5255307555198669
test_02803,0.9137687087059021
test_02804,0.7778413891792297
test_02805,0.4952244460582733
test_02806,0.01209142804145813
test_02807,0.06677328050136566
test_02808,0.9794158935546875
test_02809,0.7273471355438232
test_02810,0.22714920341968536
test_02811,0.6224046945571899
test_02812,0.7326103448867798
test_02813,0.8742315173149109
test_02814,0.7998677492141724
test_02815,0.519122302532196
test_02816,0.4097495377063751
test_02817,0.8123091459274292
test_02818,0.38423797488212585
test_02819,0.6539013981819153
test_02820,0.618156909942627
test_02821,0.39607325196266174
test_02822,0.4997207224369049
test_02823,0.8018556237220764
test_02824,0.6351942420005798
test_02825,0.5202352404594421
test_02826,0.9152863621711731
test_02827,0.5784602761268616
test_02828,0.03876465931534767
test_02829,0.9383556842803955
test_02830,0.45868855714797974
test_02831,0.9042466878890991
test_02832,0.6596364974975586
test_02833,0.511269748210907
test_02834,0.8438147306442261
test_02835,0.02153453603386879
test_02836,0.9997562766075134
test_02837,0.9994400143623352
test_02838,0.4116835594177246
test_02839,0.03528090566396713
test_02840,0.5737007856369019
test_02841,0.7740648984909058
test_02842,0.644399106502533
test_02843,0.9378467798233032
test_02844,0.8269624710083008
test_02845,0.16341756284236908
test_02846,0.8910471796989441
test_02847,0.37442028522491455
test_02848,0.13545745611190796
test_02849,0.8010681867599487
test_02850,0.47883036732673645
test_02851,0.5660945177078247
test_02852,0.7175940871238708
test_02853,0.08162598311901093
test_02854,0.6214627027511597
test_02855,0.4962972104549408
test_02856,0.8550959229469299
test_02857,0.24159930646419525
test_02858,0.23379036784172058
test_02859,0.9993763566017151
test_02860,0.3486604690551758
test_02861,0.8620867133140564
test_02862,0.47763583064079285
test_02863,0.6553104519844055
test_02864,0.5521242022514343
test_02865,0.267861545085907
test_02866,0.8330749869346619
test_02867,0.8632987141609192
test_02868,0.5173806548118591
test_02869,0.07674696296453476
test_02870,0.4879615902900696
test_02871,0.9087851047515869
test_02872,0.9898352026939392
test_02873,0.9351813197135925
test_02874,0.7127513289451599
test_02875,0.42923855781555176
test_02876,0.983738899230957
test_02877,0.07998219132423401
test_02878,0.1879332810640335
test_02879,0.18065960705280304
test_02880,0.20042693614959717
test_02881,0.7430451512336731
test_02882,0.43161502480506897
test_02883,0.9973861575126648
test_02884,0.45510557293891907
test_02885,0.9974143505096436
test_02886,0.14159658551216125
test_02887,0.6967292428016663
test_02888,0.12899579107761383
test_02889,0.18072128295898438
test_02890,0.019180357456207275
test_02891,0.5788501501083374
test_02892,0.4559946358203888
test_02893,0.5398417711257935
test_02894,0.9752359390258789
test_02895,0.9662379026412964
test_02896,0.7907376289367676
test_02897,0.7923946976661682
test_02898,0.3186236619949341
test_02899,0.2346704751253128
test_02900,0.7523385286331177
test_02901,0.887904167175293
test_02902,0.1802375614643097
test_02903,0.030815238133072853
test_02904,0.4874812066555023
test_02905,0.6383013725280762
test_02906,0.46489229798316956
test_02907,0.3054696023464203
test_02908,0.9673711061477661
test_02909,0.7110784649848938
test_02910,0.0636744275689125
test_02911,0.9787786602973938
test_02912,0.13744688034057617
test_02913,0.9860107898712158
test_02914,0.8008993864059448
test_02915,0.5372984409332275
test_02916,0.8937700986862183
test_02917,0.7214398384094238
test_02918,0.36739450693130493
test_02919,0.5108981132507324
test_02920,0.15973126888275146
test_02921,0.36996909976005554
test_02922,0.7600275278091431
test_02923,0.9916655421257019
test_02924,0.5356888175010681
test_02925,0.2725538909435272
test_02926,0.988184928894043
test_02927,0.11840306222438812
test_02928,0.0022187773138284683
test_02929,0.4592856466770172
test_02930,0.9530161023139954
test_02931,0.6046192049980164
test_02932,0.8310279250144958
test_02933,0.6624921560287476
test_02934,0.5350228548049927
test_02935,0.530034601688385
test_02936,0.7652197480201721
test_02937,0.31455305218696594
test_02938,0.7832440733909607
test_02939,0.6565062999725342
test_02940,0.14480921626091003
test_02941,0.5963150262832642
test_02942,0.12818998098373413
test_02943,0.5016080737113953
test_02944,0.5266439318656921
test_02945,0.3069269061088562
test_02946,0.3652271032333374
test_02947,0.50440913438797
test_02948,0.133750319480896
test_02949,0.39307960867881775
test_02950,0.827556848526001
test_02951,0.617428183555603
test_02952,0.9377596378326416
test_02953,0.47481662034988403
test_02954,0.9907708168029785
test_02955,0.3249093294143677
test_02956,0.996857762336731
test_02957,0.9683992862701416
test_02958,0.751344621181488
test_02959,0.10928399860858917
test_02960,0.5071884989738464
test_02961,0.009298422373831272
test_02962,0.6281912922859192
test_02963,0.48944467306137085
test_02964,0.4509718120098114
test_02965,0.1865609586238861
test_02966,0.3417390286922455
test_02967,0.699293851852417
test_02968,0.3921162784099579
test_02969,0.1437266319990158
test_02970,0.7059628963470459
test_02971,0.7282572984695435
test_02972,0.9969673752784729
test_02973,0.8513767123222351
test_02974,0.7278256416320801
test_02975,0.33156266808509827
test_02976,0.013447611592710018
test_02977,0.9963133931159973
test_02978,0.8983575105667114
test_02979,0.8422043323516846
test_02980,0.7813091278076172
test_02981,0.9096966981887817
test_02982,0.6311134696006775
test_02983,0.4983160197734833
test_02984,0.5132633447647095
test_02985,0.16521474719047546
test_02986,0.4978499412536621
test_02987,0.036471281200647354
test_02988,0.952121913433075
test_02989,0.7507607936859131
test_02990,0.8271410465240479
test_02991,0.6162640452384949
test_02992,0.24792054295539856
test_02993,0.1314782202243805
test_02994,0.5116324424743652
test_02995,0.02885442040860653
test_02996,0.7465481758117676
test_02997,0.5532086491584778
test_02998,0.8648041486740112
test_02999,0.96833735704422
test_03000,0.9950830936431885
test_03001,0.9163118600845337
test_03002,0.2724878787994385
test_03003,0.5107042789459229
test_03004,0.20241393148899078
test_03005,0.057569198310375214
test_03006,0.6434049606323242
test_03007,0.3556278645992279
test_03008,0.31421905755996704
test_03009,0.26179519295692444
test_03010,0.5622349381446838
test_03011,0.20414789021015167
test_03012,0.06605079025030136
test_03013,0.6632798910140991
test_03014,0.960056483745575
test_03015,0.5080519914627075
test_03016,0.9589013457298279
test_03017,0.23155134916305542
test_03018,0.03186039999127388
test_03019,0.382703572511673
test_03020,0.9964438080787659
test_03021,0.7059419751167297
test_03022,0.4241575598716736
test_03023,0.42969605326652527
test_03024,0.9173460006713867
test_03025,0.9728925228118896
test_03026,0.7327576279640198
test_03027,0.31366536021232605
test_03028,0.4843920171260834
test_03029,0.1676342934370041
test_03030,0.602023184299469
test_03031,0.9095055460929871
test_03032,0.6103595495223999
test_03033,0.13624046742916107
test_03034,0.4390369951725006
test_03035,0.6007360816001892
test_03036,0.7426412105560303
test_03037,0.8489125967025757
test_03038,0.3959765136241913
test_03039,0.01898757740855217
test_03040,0.9588583707809448
test_03041,0.12020483613014221
test_03042,0.22519053518772125
test_03043,0.747083306312561
test_03044,0.9230909943580627
test_03045,0.08870863914489746
test_03046,0.7214920520782471
test_03047,0.5515413284301758
test_03048,0.4007004499435425
test_03049,0.9214164018630981
test_03050,0.8432326316833496
test_03051,0.5265616178512573
test_03052,0.54266756772995
test_03053,0.3958035707473755
test_03054,0.687794029712677
test_03055,0.530741274356842
test_03056,0.8914737105369568
test_03057,0.03728108108043671
test_03058,0.5468318462371826
test_03059,0.5462039113044739
test_03060,0.49198320508003235
test_03061,0.4698939621448517
test_03062,0.9549890756607056
test_03063,0.18850177526474
test_03064,0.7714498043060303
test_03065,0.1766807585954666
test_03066,0.8401713967323303
test_03067,0.6447373628616333
test_03068,0.0850541740655899
test_03069,0.9931261539459229
test_03070,0.4924243986606598
test_03071,0.6940674781799316
test_03072,0.950952410697937
test_03073,0.24409881234169006
test_03074,0.5052410960197449
test_03075,0.9122412800788879
test_03076,0.6357407569885254
test_03077,0.5876241326332092
test_03078,0.25493910908699036
test_03079,0.9783963561058044
test_03080,0.5199341177940369
test_03081,0.6233505606651306
test_03082,0.3437795639038086
test_03083,0.47842153906822205
test_03084,0.43937164545059204
test_03085,0.580892026424408
test_03086,0.9508914947509766
test_03087,0.13486312329769135
test_03088,0.540051281452179
test_03089,0.34676510095596313
test_03090,0.5548943281173706
test_03091,0.9150043725967407
test_03092,0.04892226681113243
test_03093,0.5133418440818787
test_03094,0.9978886246681213
test_03095,0.7161208391189575
test_03096,0.003926359582692385
test_03097,0.43348973989486694
test_03098,0.31549081206321716
test_03099,0.9825724363327026
test_03100,0.6176271438598633
test_03101,0.5057865977287292
test_03102,0.9676405787467957
test_03103,0.31892433762550354
test_03104,0.3764793872833252
test_03105,0.6975100636482239
test_03106,0.6667870879173279
test_03107,0.715644896030426
test_03108,0.4846809506416321
test_03109,0.9229670166969299
test_03110,0.7201189398765564
test_03111,0.14151352643966675
test_03112,0.3234292268753052
test_03113,0.5538753271102905
test_03114,0.21775086224079132
test_03115,0.559311032295227
test_03116,0.8456518650054932
test_03117,0.11178288608789444
test_03118,0.6575840711593628
test_03119,0.9712744355201721
test_03120,0.027264542877674103
test_03121,0.0016893349820747972
test_03122,0.8632605075836182
test_03123,0.4241150915622711
test_03124,0.6377164125442505
test_03125,0.5206531286239624
test_03126,0.9815348386764526
test_03127,0.3731510043144226
test_03128,0.5192058682441711
test_03129,0.3535143733024597
test_03130,0.7950775027275085
test_03131,0.7847139835357666
test_03132,0.4838942587375641
test_03133,0.5032486915588379
test_03134,0.5339623093605042
test_03135,0.9392824172973633
test_03136,0.5315773487091064
test_03137,0.5705281496047974
test_03138,0.8309744596481323
test_03139,0.8456921577453613
test_03140,0.6426532864570618
test_03141,0.25493699312210083
test_03142,0.9997417330741882
test_03143,0.13932302594184875
test_03144,0.842839777469635
test_03145,0.6604022979736328
test_03146,0.9129068851470947
test_03147,0.06003796309232712
test_03148,0.9955546259880066
test_03149,0.24847742915153503
test_03150,0.9496462345123291
test_03151,0.5590107440948486
test_03152,0.6198630332946777
test_03153,0.21049614250659943
test_03154,0.24089482426643372
test_03155,0.3729074001312256
test_03156,0.1480661779642105
test_03157,0.02599123865365982
test_03158,0.864717960357666
test_03159,0.3791674077510834
test_03160,0.5456381440162659
test_03161,0.10453637689352036
test_03162,0.2407199591398239
test_03163,0.5078130960464478
test_03164,0.7358229160308838
test_03165,0.000772703904658556
test_03166,0.500154435634613
test_03167,0.000124423808301799
test_03168,0.0676109790802002
test_03169,0.2586398720741272
test_03170,0.007023504935204983
test_03171,0.5767388343811035
test_03172,0.39614835381507874
test_03173,0.5696873664855957
test_03174,0.7805831432342529
test_03175,0.6117911338806152
test_03176,0.8608751893043518
test_03177,0.886322021484375
test_03178,0.9801337718963623
test_03179,0.5276639461517334
test_03180,0.9865821599960327
test_03181,0.9796074628829956
test_03182,0.2507263720035553
test_03183,0.8414563536643982
test_03184,0.9493482112884521
test_03185,0.803052544593811
test_03186,0.10384178161621094
test_03187,0.9789785742759705
test_03188,0.5287336111068726
test_03189,0.9261496663093567
test_03190,0.38777831196784973
test_03191,0.6806906461715698
test_03192,0.08533674478530884
test_03193,0.19976453483104706
test_03194,0.5259988307952881
test_03195,0.024481289088726044
test_03196,0.43814653158187866
test_03197,0.4352050721645355
test_03198,0.7453622221946716
test_03199,0.6372550129890442
test_03200,0.4499644339084625
test_03201,0.5030278563499451
test_03202,0.45746099948883057
test_03203,0.5954241156578064
test_03204,0.8965436220169067
test_03205,0.8852429986000061
test_03206,0.000871408439707011
test_03207,0.9968247413635254
test_03208,0.7715044617652893
test_03209,0.4555516242980957
test_03210,0.5029610395431519
test_03211,0.9762402772903442
test_03212,0.8015514016151428
test_03213,0.995857298374176
test_03214,0.10789868980646133
test_03215,0.4721757471561432
test_03216,0.6011576056480408
test_03217,0.007782398723065853
test_03218,0.41343680024147034
test_03219,0.34355875849723816
test_03220,0.7810637354850769
test_03221,0.5043358206748962
test_03222,0.5165860056877136
test_03223,0.9544482827186584
test_03224,0.9986683130264282
test_03225,0.987440824508667
test_03226,0.17087310552597046
test_03227,0.5232740640640259
test_03228,0.3902069330215454
test_03229,0.3336118459701538
test_03230,0.39056161046028137
test_03231,0.9953761100769043
test_03232,0.9043269157409668
test_03233,0.4413354694843292
test_03234,0.571216344833374
test_03235,0.9060966372489929
test_03236,0.13278116285800934
test_03237,0.9501386880874634
test_03238,0.09647704660892487
test_03239,0.9553666114807129
test_03240,0.7431283593177795
test_03241,0.27707821130752563
test_03242,0.503692090511322
test_03243,0.19489769637584686
test_03244,0.5080851316452026
test_03245,0.46305033564567566
test_03246,0.5103796720504761
test_03247,0.7465437054634094
test_03248,0.5782303810119629
test_03249,0.9199719429016113
test_03250,0.365536630153656
test_03251,0.8439680933952332
test_03252,0.9869402050971985
test_03253,0.38798171281814575
test_03254,0.23099644482135773
test_03255,0.05385783314704895
test_03256,0.40061748027801514
test_03257,0.7515715956687927
test_03258,0.13809828460216522
test_03259,0.5510644912719727
test_03260,0.8541018962860107
test_03261,0.389630526304245
test_03262,0.39656928181648254
test_03263,0.5054188370704651
test_03264,0.624160647392273
test_03265,0.19385237991809845
test_03266,0.8991062045097351
test_03267,0.6735983490943909
test_03268,0.5841749906539917
test_03269,0.915159285068512
test_03270,0.34921929240226746
test_03271,0.6728551983833313
test_03272,0.7131246328353882
test_03273,0.6962989568710327
test_03274,0.7853367328643799
test_03275,0.7792142033576965
test_03276,0.6626124978065491
test_03277,0.4929308295249939
test_03278,0.8810761570930481
test_03279,0.3150472939014435
test_03280,0.5017920732498169
test_03281,0.7378118634223938
test_03282,0.3530651032924652
test_03283,0.5270955562591553
test_03284,0.7177636623382568
test_03285,0.6519112586975098
test_03286,0.02854340523481369
test_03287,0.9863088726997375
test_03288,0.43213143944740295
test_03289,0.70540452003479
test_03290,0.02915964275598526
test_03291,0.6481049656867981
test_03292,0.2757972478866577
test_03293,0.9906228184700012
test_03294,0.6624162793159485
test_03295,0.14813771843910217
test_03296,0.7557380795478821
test_03297,0.7021698355674744
test_03298,0.2723708152770996
test_03299,0.0008123163715936244
test_03300,0.1717606484889984
test_03301,0.5802481174468994
test_03302,0.38467368483543396
test_03303,0.0016497249016538262
test_03304,0.3978784382343292
test_03305,0.9343446493148804
test_03306,0.5514907836914062
test_03307,0.85184645652771
test_03308,0.995008111000061
test_03309,0.33874601125717163
test_03310,0.6985400319099426
test_03311,0.9001725316047668
test_03312,0.3904598653316498
test_03313,0.2088497281074524
test_03314,0.05497758090496063
test_03315,0.12823133170604706
test_03316,0.5884824395179749
test_03317,0.5004957914352417
test_03318,0.15933872759342194
test_03319,0.9278274774551392
test_03320,0.9324566125869751
test_03321,0.6764214634895325
test_03322,0.9989259839057922
test_03323,0.5679178833961487
test_03324,0.24896007776260376
test_03325,0.00482021551579237
test_03326,0.37892451882362366
test_03327,0.803019642829895
test_03328,0.4581906199455261
test_03329,0.6226323843002319
test_03330,0.5885844230651855
test_03331,0.5603693127632141
test_03332,0.7844485640525818
test_03333,0.6142841577529907
test_03334,0.6436862349510193
test_03335,0.9965559244155884
test_03336,0.025447256863117218
test_03337,0.15592068433761597
test_03338,0.996767520904541
test_03339,0.6984041929244995
test_03340,0.009018484503030777
test_03341,0.029443038627505302
test_03342,0.5504368543624878
test_03343,0.07171469926834106
test_03344,0.6762855648994446
test_03345,0.4794650971889496
test_03346,0.7510841488838196
test_03347,0.5170978307723999
test_03348,0.0007432391867041588
test_03349,0.9419323205947876
test_03350,0.6118723154067993
test_03351,0.6238260865211487
test_03352,0.12433942407369614
test_03353,0.5616519451141357
test_03354,0.45540177822113037
test_03355,0.2591904103755951
test_03356,0.39760923385620117
test_03357,0.6452213525772095
test_03358,0.1606820672750473
test_03359,0.467479944229126
test_03360,0.6818482875823975
test_03361,0.216716468334198
test_03362,0.7248286008834839
test_03363,0.9018449187278748
test_03364,0.6010528802871704
test_03365,0.7453011274337769
test_03366,0.527605414390564
test_03367,0.9036862850189209
test_03368,0.09139955043792725
test_03369,0.5214289426803589
test_03370,0.9895550012588501
test_03371,0.009913847781717777
test_03372,0.5831944942474365
test_03373,0.9388427734375
test_03374,0.8152244091033936
test_03375,0.047945600003004074
test_03376,0.6609047651290894
test_03377,0.965584933757782
test_03378,0.5833306312561035
test_03379,0.3747473955154419
test_03380,0.9953588843345642
test_03381,0.29446280002593994
test_03382,0.7173417806625366
test_03383,0.28682413697242737
test_03384,0.6926136016845703
test_03385,0.7818823456764221
test_03386,0.614108145236969
test_03387,0.9726056456565857
test_03388,0.20449522137641907
test_03389,0.7130374908447266
test_03390,0.6522819399833679
test_03391,0.9057754874229431
test_03392,0.28307026624679565
test_03393,0.023049578070640564
test_03394,0.6693328619003296
test_03395,0.5128498077392578
test_03396,0.006312934681773186
test_03397,0.2122582197189331
test_03398,0.24401701986789703
test_03399,0.8138814568519592
test_03400,0.09792499244213104
test_03401,0.49049773812294006
test_03402,0.6535397171974182
test_03403,0.41824233531951904
test_03404,0.375961035490036
test_03405,0.8202977776527405
test_03406,0.40183085203170776
test_03407,0.15928950905799866
test_03408,0.6041407585144043
test_03409,0.46246039867401123
test_03410,0.38510745763778687
test_03411,0.4641675651073456
test_03412,0.9263762831687927
test_03413,0.6508308053016663
test_03414,0.04026790335774422
test_03415,0.5467440485954285
test_03416,0.9983477592468262
test_03417,0.7497335076332092
test_03418,0.06068515405058861
test_03419,0.4445960521697998
test_03420,0.6960586309432983
test_03421,0.6060503721237183
test_03422,0.9393883943557739
test_03423,0.971050500869751
test_03424,0.486390620470047
test_03425,0.9994978904724121
test_03426,0.18578030169010162
test_03427,0.5956479907035828
test_03428,0.5696967840194702
test_03429,0.3806390166282654
test_03430,0.9845519661903381
test_03431,0.9233117699623108
test_03432,0.3498992621898651
test_03433,0.2720707654953003
test_03434,0.28540268540382385
test_03435,0.21802665293216705
test_03436,0.6305192112922668
test_03437,0.3509216010570526
test_03438,0.3258100152015686
test_03439,0.8863340020179749
test_03440,0.5979505777359009
test_03441,0.9802418947219849
test_03442,0.6165539622306824
test_03443,0.4721999764442444
test_03444,0.4613914489746094
test_03445,0.4313068091869354
test_03446,0.6010156869888306
test_03447,0.3256467878818512
test_03448,0.8992615938186646
test_03449,0.999245285987854
test_03450,0.8598158955574036
test_03451,0.922485888004303
test_03452,0.28172942996025085
test_03453,0.3572700619697571
test_03454,0.36771145462989807
test_03455,0.982027530670166
test_03456,0.44808536767959595
test_03457,0.5208160877227783
test_03458,0.30023473501205444
test_03459,0.12823650240898132
test_03460,0.557990312576294
test_03461,0.4861023426055908
test_03462,0.1379726082086563
test_03463,0.15135197341442108
test_03464,0.01398196816444397
test_03465,0.45366960763931274
test_03466,0.962732195854187
test_03467,0.8190775513648987
test_03468,0.024229003116488457
test_03469,0.7417809367179871
test_03470,0.951596736907959
test_03471,0.913924515247345
test_03472,0.9445914626121521
test_03473,0.30503225326538086
test_03474,0.9284137487411499
test_03475,0.43971848487854004
test_03476,0.9982731342315674
test_03477,0.02458825334906578
test_03478,0.19451068341732025
test_03479,0.5265854597091675
test_03480,0.773686408996582
test_03481,0.538597583770752
test_03482,0.9961283206939697
test_03483,0.9963610768318176
test_03484,0.22546470165252686
test_03485,0.7414480447769165
test_03486,0.4585551619529724
test_03487,0.46760639548301697
test_03488,0.018591834232211113
test_03489,0.5633406639099121
test_03490,0.9202620983123779
test_03491,0.9523493051528931
test_03492,0.7569792866706848
test_03493,0.9345095157623291
test_03494,0.5319068431854248
test_03495,0.20434211194515228
test_03496,0.3912864923477173
test_03497,0.06148110702633858
test_03498,0.7278555631637573
test_03499,0.9075989127159119
test_03500,0.6653164625167847
test_03501,0.622413694858551
test_03502,0.4545783996582031
test_03503,0.6376901268959045
test_03504,0.7437492609024048
test_03505,0.15562523901462555
test_03506,0.7504671812057495
test_03507,0.18924583494663239
test_03508,0.4835212230682373
test_03509,0.5992201566696167
test_03510,0.3722544312477112
test_03511,0.8247742056846619
test_03512,0.4360370337963104
test_03513,0.47403115034103394
test_03514,0.3704668879508972
test_03515,0.5006659030914307
test_03516,0.6462695002555847
test_03517,0.5722275376319885
test_03518,0.9617799520492554
test_03519,0.33885130286216736
test_03520,0.735957682132721
test_03521,0.9372266530990601
test_03522,0.9284100532531738
test_03523,0.6566157341003418
test_03524,0.6435397863388062
test_03525,0.41056933999061584
test_03526,0.32444652915000916
test_03527,0.5379868745803833
test_03528,0.06371401250362396
test_03529,0.8271186351776123
test_03530,0.35932889580726624
test_03531,0.5980944037437439
test_03532,0.5468273758888245
test_03533,0.6262041330337524
test_03534,0.9876996278762817
test_03535,0.07855410128831863
test_03536,0.0070391385816037655
test_03537,0.9069706797599792
test_03538,0.9994766116142273
test_03539,0.5217307806015015
test_03540,0.43830054998397827
test_03541,0.5529860258102417
test_03542,0.464653342962265
test_03543,0.7044363617897034
test_03544,0.17587235569953918
test_03545,0.5158403515815735
test_03546,0.26666459441185
test_03547,0.9481580257415771
test_03548,0.9905459880828857
test_03549,0.35652413964271545
test_03550,0.8077477216720581
test_03551,0.039278000593185425
test_03552,0.34324783086776733
test_03553,0.32982614636421204
test_03554,0.578369140625
test_03555,0.5177519917488098
test_03556,0.4640108048915863
test_03557,0.7279012799263
test_03558,0.8794395327568054
test_03559,0.29092416167259216
test_03560,0.35303449630737305
test_03561,0.7041314244270325
test_03562,0.42085859179496765
test_03563,0.39186957478523254
test_03564,0.48495230078697205
test_03565,0.6897251605987549
test_03566,0.975562334060669
test_03567,0.4864596724510193
test_03568,0.09638746827840805
test_03569,0.49226829409599304
test_03570,0.993236243724823
test_03571,0.7731868028640747
test_03572,0.30783945322036743
test_03573,0.6031036376953125
test_03574,0.3449201285839081
test_03575,0.5379067063331604
test_03576,0.8011166453361511
test_03577,0.5994386672973633
test_03578,0.04597245156764984
test_03579,0.23478363454341888
test_03580,0.5055824518203735
test_03581,0.6040806174278259
test_03582,0.4146276116371155
test_03583,0.500771701335907
test_03584,0.5237734317779541
test_03585,0.24976716935634613
test_03586,0.7542360424995422
test_03587,0.19068168103694916
test_03588,0.5564775466918945
test_03589,0.6498857140541077
test_03590,0.658764123916626
test_03591,0.00597996124997735
test_03592,0.920303225517273
test_03593,0.4863622486591339
test_03594,0.5357041954994202
test_03595,0.37914684414863586
test_03596,0.2909873425960541
test_03597,0.057682979851961136
test_03598,0.6499965786933899
test_03599,0.8957191705703735
test_03600,0.6937525868415833
test_03601,0.729901909828186
test_03602,0.04132823273539543
test_03603,0.3156363070011139
test_03604,0.6844806671142578
test_03605,0.9990695118904114
test_03606,0.40552690625190735
test_03607,0.07984331250190735
test_03608,0.8872588276863098
test_03609,0.8500680923461914
test_03610,0.052478086203336716
test_03611,0.36763498187065125
test_03612,0.45976030826568604
test_03613,0.4528876543045044
test_03614,0.9895853400230408
test_03615,0.7764047980308533
test_03616,0.6612714529037476
test_03617,6.055633639334701e-05
test_03618,0.9993995428085327
test_03619,0.8733135461807251
test_03620,0.9956871867179871
test_03621,0.26886120438575745
test_03622,0.41228601336479187
test_03623,0.1375102996826172
test_03624,0.47265157103538513
test_03625,0.48947831988334656
test_03626,0.2784096598625183
test_03627,0.4354410767555237
test_03628,0.0817868709564209
test_03629,0.6877491474151611
test_03630,0.9818195104598999
test_03631,0.47146177291870117
test_03632,0.5353785753250122
test_03633,0.789436399936676
test_03634,0.9879018068313599
test_03635,0.9836732149124146
test_03636,0.4795806407928467
test_03637,0.22737959027290344
test_03638,0.6460451483726501
test_03639,0.049553968012332916
test_03640,0.5216009020805359
test_03641,0.9230553507804871
test_03642,0.5180395841598511
test_03643,0.8358360528945923
test_03644,0.10592419654130936
test_03645,0.9387389421463013
test_03646,0.49057403206825256
test_03647,0.9330734014511108
test_03648,0.07675126940011978
test_03649,0.5607295036315918
test_03650,0.9975912570953369
test_03651,0.5024484395980835
test_03652,0.03387649729847908
test_03653,0.947588324546814
test_03654,0.322860449552536
test_03655,0.45956650376319885
test_03656,0.34719863533973694
test_03657,0.5391976833343506
test_03658,0.5714935064315796
test_03659,0.5959508419036865
test_03660,0.9971259236335754
test_03661,0.5036494731903076
test_03662,0.2730509042739868
test_03663,0.2714209258556366
test_03664,0.9080861806869507
test_03665,0.894580066204071
test_03666,0.5144675374031067
test_03667,0.496710866689682
test_03668,0.9919478297233582
test_03669,0.5053133368492126
test_03670,0.8405482172966003
test_03671,0.009195118211209774
test_03672,0.6871033310890198
test_03673,0.499612033367157
test_03674,0.25638628005981445
test_03675,0.4599577486515045
test_03676,0.6259710788726807
test_03677,0.6796351671218872
test_03678,0.5724163055419922
test_03679,0.0729362964630127
test_03680,0.2830725908279419
test_03681,0.47650784254074097
test_03682,0.6394637227058411
test_03683,0.4014669358730316
test_03684,0.9555392265319824
test_03685,0.3081305921077728
test_03686,0.3071524202823639
test_03687,0.4956570565700531
test_03688,0.988118588924408
test_03689,0.980426549911499
test_03690,0.02218308486044407
test_03691,0.9615861177444458
test_03692,0.1762767732143402
test_03693,0.5010354518890381
test_03694,0.32558760046958923
test_03695,0.0007875874871388078
test_03696,0.6705884337425232
test_03697,0.4951392710208893
test_03698,0.9098752737045288
test_03699,0.8828554153442383
test_03700,0.18734963238239288
test_03701,0.492428719997406
test_03702,0.9336528778076172
test_03703,0.5013023018836975
test_03704,0.5777263045310974
test_03705,0.006563826464116573
test_03706,0.07403144985437393
test_03707,0.7402090430259705
test_03708,0.4462510645389557
test_03709,0.9987010955810547
test_03710,0.9634243249893188
test_03711,0.9693605899810791
test_03712,0.5325514078140259
test_03713,0.5684756636619568
test_03714,0.4066331684589386
test_03715,0.999913215637207
test_03716,0.8340758085250854
test_03717,0.060172196477651596
test_03718,0.485751748085022
test_03719,0.9917895793914795
test_03720,0.5622870326042175
test_03721,0.0674118623137474
test_03722,0.19043104350566864
test_03723,0.12351853400468826
test_03724,0.6923423409461975
test_03725,0.03560858964920044
test_03726,0.575096607208252
test_03727,0.5264809131622314
test_03728,0.6321632266044617
test_03729,0.2744407057762146
test_03730,0.23704035580158234
test_03731,0.6970353126525879
test_03732,0.7127677798271179
test_03733,0.9923670887947083
test_03734,0.9921506643295288
test_03735,0.4650639593601227
test_03736,0.5314944386482239
test_03737,0.5179755091667175
test_03738,0.6469635367393494
test_03739,0.3545409142971039
test_03740,0.7265220880508423
test_03741,0.5616853833198547
test_03742,0.4194008708000183
test_03743,0.8574497699737549
test_03744,0.9511571526527405
test_03745,0.8482385277748108
test_03746,0.877670168876648
test_03747,0.3910312056541443
test_03748,0.10392224788665771
test_03749,0.3924720883369446
test_03750,0.7973958849906921
test_03751,0.11473457515239716
test_03752,0.5949247479438782
test_03753,0.3124257028102875
test_03754,0.34691980481147766
test_03755,0.9919054508209229
test_03756,0.8435065150260925
test_03757,0.9473971724510193
test_03758,0.8779012560844421
test_03759,7.306373959181656e-07
test_03760,0.5557073354721069
test_03761,0.14559632539749146
test_03762,0.9907227158546448
test_03763,0.620324432849884
test_03764,0.8048247694969177
test_03765,0.10946501791477203
test_03766,0.8985808491706848
test_03767,0.5542581081390381
test_03768,0.1512782722711563
test_03769,0.858721911907196
test_03770,0.5033923387527466
test_03771,0.5833815336227417
test_03772,0.4047001600265503
test_03773,0.5894818902015686
test_03774,0.802964985370636
test_03775,0.13995510339736938
test_03776,0.45847395062446594
test_03777,0.04611126706004143
test_03778,0.2295176088809967
test_03779,0.4334285855293274
test_03780,0.9360857605934143
test_03781,0.7538583874702454
test_03782,0.435357928276062
test_03783,0.6715595126152039
test_03784,0.9951667785644531
test_03785,0.06771925836801529
test_03786,0.7180716395378113
test_03787,0.4720481038093567
test_03788,0.0009344558930024505
test_03789,0.5980926752090454
test_03790,0.5495613217353821
test_03791,0.5418887734413147
test_03792,0.916634202003479
test_03793,0.9762776494026184
test_03794,0.8798653483390808
test_03795,0.7610535025596619
test_03796,0.5541352033615112
test_03797,0.7203651666641235
test_03798,0.9781111478805542
test_03799,0.40765008330345154
test_03800,0.49112221598625183
test_03801,0.21985331177711487
test_03802,0.4325093924999237
test_03803,0.8963355422019958
test_03804,0.7285539507865906
test_03805,0.6324348449707031
test_03806,0.8925171494483948
test_03807,0.5752633213996887
test_03808,0.014587349258363247
test_03809,0.9852515459060669
test_03810,0.01904889941215515
test_03811,0.26276153326034546
test_03812,0.732575535774231
test_03813,0.4028492867946625
test_03814,0.794684648513794
test_03815,0.601135790348053
test_03816,0.5692819952964783
test_03817,0.5505641102790833
test_03818,0.1481231153011322
test_03819,0.6569703817367554
test_03820,0.7492032051086426
test_03821,0.6539328098297119
test_03822,0.4671451151371002
test_03823,0.6331532597541809
test_03824,0.5573652386665344
test_03825,0.9618985056877136
test_03826,0.9682977199554443
test_03827,0.6929864287376404
test_03828,0.6171322464942932
test_03829,0.1920424848794937
test_03830,0.07944951951503754
test_03831,0.029920008033514023
test_03832,0.6821553707122803
test_03833,0.841376781463623
test_03834,0.6108421087265015
test_03835,0.9441999793052673
test_03836,0.31736302375793457
test_03837,0.7540842294692993
test_03838,0.5916025042533875
test_03839,0.9709195494651794
test_03840,0.6095379590988159
test_03841,0.9874078035354614
test_03842,0.656622588634491
test_03843,0.06819748133420944
test_03844,0.06975346803665161
test_03845,0.6857953667640686
test_03846,0.5767481923103333
test_03847,0.831562340259552
test_03848,0.3676648736000061
test_03849,0.7460198998451233
test_03850,0.5456731915473938
test_03851,0.6416586637496948
test_03852,0.15333643555641174
test_03853,0.8798749446868896
test_03854,0.9131891131401062
test_03855,0.985164999961853
test_03856,0.6316841244697571
test_03857,0.016314633190631866
test_03858,0.33223336935043335
test_03859,0.30019500851631165
test_03860,0.4534585773944855
test_03861,0.5783222913742065
test_03862,0.9977660179138184
test_03863,0.2940893769264221
test_03864,0.9683370590209961
test_03865,0.12998837232589722
test_03866,0.0363527350127697
test_03867,0.5362290143966675
test_03868,0.023126846179366112
test_03869,0.9758068919181824
test_03870,0.6190264821052551
test_03871,0.12412303686141968
test_03872,0.391021192073822
test_03873,0.27338603138923645
test_03874,0.00013806766946800053
test_03875,0.9384455680847168
test_03876,0.8866700530052185
test_03877,0.6624162793159485
test_03878,0.934700071811676
test_03879,0.9943779110908508
test_03880,0.7970481514930725
test_03881,0.01460804883390665
test_03882,0.9538414478302002
test_03883,0.705731213092804
test_03884,0.7052700519561768
test_03885,0.5452297329902649
test_03886,0.6679654717445374
test_03887,0.15659934282302856
test_03888,0.5352141857147217
test_03889,0.16273252665996552
test_03890,0.34591245651245117
test_03891,0.9576169848442078
test_03892,0.33188337087631226
test_03893,0.9252147078514099
test_03894,0.9558008313179016
test_03895,0.47960641980171204
test_03896,0.7723754644393921
test_03897,0.8107929229736328
test_03898,0.9093630909919739
test_03899,0.5420568585395813
test_03900,0.86312335729599
test_03901,0.501176118850708
test_03902,0.29388535022735596
test_03903,0.6137668490409851
test_03904,0.23736713826656342
test_03905,0.6490371823310852
test_03906,0.3380861282348633
test_03907,0.7527369856834412
test_03908,0.3728561997413635
test_03909,0.8329223394393921
test_03910,0.005974380299448967
test_03911,0.5812655091285706
test_03912,0.04665751755237579
test_03913,0.5693654417991638
test_03914,0.9999918937683105
test_03915,0.029062723740935326
test_03916,0.8614095449447632
test_03917,0.5187436938285828
test_03918,0.5697674751281738
test_03919,0.5773727893829346
test_03920,0.9185518026351929
test_03921,0.7984498143196106
test_03922,0.7406930923461914
test_03923,0.9995113611221313
test_03924,0.5739780068397522
test_03925,0.9114950895309448
test_03926,0.004351103212684393
test_03927,0.6217676997184753
test_03928,0.01635710522532463
test_03929,0.16772690415382385
test_03930,0.5837804079055786
test_03931,0.6327699422836304
test_03932,0.16928626596927643
test_03933,0.1585017293691635
test_03934,0.4042462706565857
test_03935,0.1882474720478058
test_03936,0.5057374835014343
test_03937,0.5062087178230286
test_03938,0.7112233638763428
test_03939,0.3628964424133301
test_03940,0.49320393800735474
test_03941,0.517662763595581
test_03942,0.3072873055934906
test_03943,0.5371027588844299
test_03944,0.14860598742961884
test_03945,0.6129758954048157
test_03946,0.626508891582489
test_03947,0.5650776624679565
test_03948,0.07364630699157715
test_03949,0.7280128598213196
test_03950,0.2291557937860489
test_03951,0.006500877905637026
test_03952,0.5858478546142578
test_03953,0.9295311570167542
test_03954,0.5084696412086487
test_03955,0.5412077307701111
test_03956,0.7988758087158203
test_03957,0.8761944770812988
test_03958,0.9938056468963623
test_03959,0.47686609625816345
test_03960,0.9645448327064514
test_03961,0.7252549529075623
test_03962,0.05481722950935364
test_03963,0.2607105076313019
test_03964,0.6447395086288452
test_03965,0.15953263640403748
test_03966,0.8599361181259155
test_03967,0.6112642288208008
test_03968,0.9588126540184021
test_03969,0.544496476650238
test_03970,0.6456214189529419
test_03971,0.7838490009307861
test_03972,0.5031167268753052
test_03973,0.46943962574005127
test_03974,0.5715417265892029
test_03975,0.7994097471237183
test_03976,0.730678141117096
test_03977,0.5460436344146729
test_03978,0.6172624826431274
test_03979,0.3821997344493866
test_03980,0.03689882904291153
test_03981,0.030681390315294266
test_03982,0.8036210536956787
test_03983,0.5611991286277771
test_03984,0.769612193107605
test_03985,0.32083773612976074
test_03986,0.05948001146316528
test_03987,0.21831034123897552
test_03988,0.9174797534942627
test_03989,0.635993480682373
test_03990,0.6339646577835083
test_03991,0.009847364388406277
test_03992,0.6865593194961548
test_03993,0.15031005442142487
test_03994,0.14879262447357178
test_03995,0.9175621271133423
test_03996,0.5313639044761658
test_03997,0.06811453402042389
test_03998,0.14700409770011902
test_03999,0.3539081811904907
test_04000,0.385048508644104
test_04001,0.122245192527771
test_04002,0.7579697966575623
test_04003,0.14101727306842804
test_04004,0.7539595365524292
test_04005,0.8693337440490723
test_04006,0.5079154372215271
test_04007,0.9102712273597717
test_04008,0.6601173877716064
test_04009,0.6841134428977966
test_04010,0.5850485563278198
test_04011,0.8090502023696899
test_04012,0.14047357439994812
test_04013,0.8036600947380066
test_04014,0.6984370350837708
test_04015,0.4039442539215088
test_04016,0.20304059982299805
test_04017,0.5277278423309326
test_04018,0.9952730536460876
test_04019,0.8470011353492737
test_04020,0.5567930340766907
test_04021,0.7495885491371155
test_04022,0.3638802170753479
test_04023,0.6569574475288391
test_04024,0.24197368323802948
test_04025,0.11389397084712982
test_04026,0.9985544085502625
test_04027,0.7296134829521179
test_04028,0.5478997826576233
test_04029,0.05492420867085457
test_04030,0.6537516713142395
test_04031,0.10748516023159027
test_04032,0.9773259162902832
test_04033,0.5362310409545898
test_04034,0.4842623770236969
test_04035,0.7512348890304565
test_04036,0.516061007976532
test_04037,0.8279478549957275
test_04038,0.5236895084381104
test_04039,0.42020437121391296
test_04040,0.3278466761112213
test_04041,0.5241472721099854
test_04042,0.7718032002449036
test_04043,0.49047812819480896
test_04044,0.5445446372032166
test_04045,0.7646833062171936
test_04046,0.8081002831459045
test_04047,0.5242394208908081
test_04048,0.5085839033126831
test_04049,0.5022051930427551
test_04050,0.2870745360851288
test_04051,0.024965578690171242
test_04052,0.5052764415740967
test_04053,0.5599866509437561
test_04054,0.11748659610748291
test_04055,0.6759371161460876
test_04056,0.5494580268859863
test_04057,0.7625340223312378
test_04058,0.9916185736656189
test_04059,0.6339263319969177
test_04060,0.45880791544914246
test_04061,0.730003297328949
test_04062,0.1876664161682129
test_04063,0.08428049832582474
test_04064,0.9983927607536316
test_04065,0.47911927103996277
test_04066,0.9443714618682861
test_04067,0.04746661335229874
test_04068,0.9604550004005432
test_04069,0.8549151420593262
test_04070,0.38773590326309204
test_04071,0.13593147695064545
test_04072,0.009894676506519318
test_04073,0.0001207351524499245
test_04074,0.05583290383219719
test_04075,0.8757672905921936
test_04076,0.5529547929763794
test_04077,0.5086262822151184
test_04078,0.27442219853401184
test_04079,0.18643732368946075
test_04080,0.6685977578163147
test_04081,0.9316542148590088
test_04082,0.028722692281007767
test_04083,0.5766401290893555
test_04084,0.3518964648246765
test_04085,0.7477153539657593
test_04086,0.6335926651954651
test_04087,0.7436126470565796
test_04088,0.9863677620887756
test_04089,0.5259568095207214
test_04090,0.917326033115387
test_04091,0.21849362552165985
test_04092,0.7759502530097961
test_04093,0.9986180067062378
test_04094,0.4564612805843353
test_04095,0.48082655668258667
test_04096,0.28746530413627625
test_04097,0.5247765183448792
test_04098,0.21797403693199158
test_04099,0.648004412651062
test_04100,0.8079416751861572
test_04101,0.16251981258392334
test_04102,0.9029397964477539
test_04103,0.6277080178260803
test_04104,0.4818224012851715
test_04105,0.9365126490592957
test_04106,0.26972582936286926
test_04107,0.49503910541534424
test_04108,0.9814801812171936
test_04109,0.546203076839447
test_04110,0.5638099312782288
test_04111,0.7502219080924988
test_04112,0.7331589460372925
test_04113,0.9559973478317261
test_04114,0.6525003910064697
test_04115,0.6497026085853577
test_04116,0.6233640909194946
test_04117,0.4059707522392273
test_04118,0.3111037015914917
test_04119,0.23876190185546875
test_04120,0.8638852834701538
test_04121,0.3582475185394287
test_04122,0.4692186713218689
test_04123,0.1457832157611847
test_04124,0.1418132781982422
test_04125,0.020722581073641777
test_04126,0.34878432750701904
test_04127,0.6228870153427124
test_04128,0.21318963170051575
test_04129,0.9963250756263733
test_04130,0.0009249189752154052
test_04131,0.20383651554584503
test_04132,0.9231460690498352
test_04133,0.28920048475265503
test_04134,0.9971374273300171
test_04135,0.8767627477645874
test_04136,0.49736613035202026
test_04137,0.40695226192474365
test_04138,0.5491631031036377
test_04139,0.7839879989624023
test_04140,0.11259421706199646
test_04141,0.8563540577888489
test_04142,0.5541551113128662
test_04143,0.5637861490249634
test_04144,0.9997087121009827
test_04145,0.8340873718261719
test_04146,0.08701316267251968
test_04147,0.12940667569637299
test_04148,0.43636971712112427
test_04149,0.3633289337158203
test_04150,0.08662720024585724
test_04151,0.4925207793712616
test_04152,0.3485363721847534
test_04153,0.49997901916503906
test_04154,0.7107321619987488
test_04155,0.1662389039993286
test_04156,0.5210521221160889
test_04157,0.06754260510206223
test_04158,0.8177728652954102
test_04159,0.9810267686843872
test_04160,0.468881756067276
test_04161,0.19853626191616058
test_04162,0.2902551293373108
test_04163,0.9487865567207336
test_04164,0.10042716562747955
test_04165,0.6818144917488098
test_04166,0.5300716161727905
test_04167,0.2438463270664215
test_04168,0.04626292362809181
test_04169,0.27191755175590515
test_04170,0.6222225427627563
test_04171,0.6591612100601196
test_04172,0.1597633808851242
test_04173,0.5065774917602539
test_04174,0.37982678413391113
test_04175,0.6341955065727234
test_04176,0.3374176323413849
test_04177,0.5343220829963684
test_04178,0.9999927282333374
test_04179,0.3437534272670746
test_04180,0.4348732829093933
test_04181,0.6417977809906006
test_04182,0.9057800769805908
test_04183,0.584061324596405
test_04184,0.5035741925239563
test_04185,0.32330936193466187
test_04186,0.20350460708141327
test_04187,0.9203119874000549
test_04188,0.8420937657356262
test_04189,0.5438034534454346
test_04190,0.9959180951118469
test_04191,0.5354730486869812
test_04192,0.06925373524427414
test_04193,0.5961145162582397
test_04194,0.5466439723968506
test_04195,0.37421369552612305
test_04196,0.5275280475616455
test_04197,0.9640612006187439
test_04198,0.17182424664497375
test_04199,0.5606510043144226
test_04200,0.4293726980686188
test_04201,0.14762713015079498
test_04202,0.406080037355423
test_04203,0.3332175314426422
test_04204,0.7331896424293518
test_04205,0.0003710980527102947
test_04206,0.9301363825798035
test_04207,0.44324684143066406
test_04208,0.3005126416683197
test_04209,0.9999696016311646
test_04210,0.4078606069087982
test_04211,0.07457027584314346
test_04212,0.5012927651405334
test_04213,0.0011164768366143107
test_04214,0.91810542345047
test_04215,0.662700891494751
test_04216,0.8976626396179199
test_04217,0.9263452291488647
test_04218,0.9722209572792053
test_04219,0.7049866318702698
test_04220,0.4829636812210083
test_04221,0.46571213006973267
test_04222,0.5070741176605225
test_04223,0.9338054656982422
test_04224,0.9934731125831604
test_04225,0.5239421725273132
test_04226,0.4205394983291626
test_04227,0.33777785301208496
test_04228,0.28059759736061096
test_04229,0.007876389659941196
test_04230,0.5043939352035522
test_04231,0.9293941855430603
test_04232,0.09234239161014557
test_04233,0.8221548795700073
test_04234,0.5235700607299805
test_04235,0.8043969869613647
test_04236,0.8586126565933228
test_04237,0.38859832286834717
test_04238,0.8664529919624329
test_04239,0.6546517610549927
test_04240,0.5172811150550842
test_04241,0.9939903020858765
test_04242,0.47111088037490845
test_04243,0.7029473781585693
test_04244,0.9527254104614258
test_04245,0.7765462398529053
test_04246,0.9500901103019714
test_04247,0.9632508754730225
test_04248,0.09632423520088196
test_04249,0.8526291251182556
test_04250,0.384542852640152
test_04251,0.9089755415916443
test_04252,0.7166103720664978
test_04253,0.49692708253860474
test_04254,0.6257818937301636
test_04255,0.20710963010787964
test_04256,0.8904224038124084
test_04257,0.6039277911186218
test_04258,0.2748852074146271
test_04259,0.4818018078804016
test_04260,0.49549251794815063
test_04261,0.593972384929657
test_04262,0.7385337948799133
test_04263,0.00014607413322664797
test_04264,0.596604585647583
test_04265,0.9308828711509705
test_04266,0.12903358042240143
test_04267,0.28168559074401855
test_04268,0.060031913220882416
test_04269,0.5200250148773193
test_04270,0.05040047690272331
test_04271,0.9621233344078064
test_04272,0.13727636635303497
test_04273,0.7400795221328735
test_04274,0.6283329725265503
test_04275,0.5865151286125183
test_04276,0.41345810890197754
test_04277,0.7084169387817383
test_04278,0.9455575346946716
test_04279,0.7443297505378723
test_04280,0.24455025792121887
test_04281,0.9500585198402405
test_04282,0.5647770762443542
test_04283,0.7209839820861816
test_04284,0.016876554116606712
test_04285,0.8222813010215759
test_04286,0.011785648763179779
test_04287,0.9947357773780823
test_04288,0.32195723056793213
test_04289,0.9872744083404541
test_04290,0.8352012038230896
test_04291,0.836327314376831
test_04292,0.7980150580406189
test_04293,0.44168388843536377
test_04294,0.7319794297218323
test_04295,0.30468249320983887
test_04296,0.5500198006629944
test_04297,0.5427690744400024
test_04298,0.8604040145874023
test_04299,0.033833909779787064
test_04300,0.6928768754005432
test_04301,0.09723604470491409
test_04302,0.7659614682197571
test_04303,0.15376928448677063
test_04304,0.940123975276947
test_04305,0.8768744468688965
test_04306,0.5465822219848633
test_04307,0.7963135242462158
test_04308,0.004441108554601669
test_04309,0.4741528034210205
test_04310,0.9992080330848694
test_04311,0.678292989730835
test_04312,0.8234739303588867
test_04313,0.3241860866546631
test_04314,0.609921395778656
test_04315,0.8399655222892761
test_04316,0.20475129783153534
test_04317,0.4457438588142395
test_04318,0.5356311202049255
test_04319,0.00010544253018451855
test_04320,0.5329664349555969
test_04321,0.3413814604282379
test_04322,0.7053234577178955
test_04323,0.946666955947876
test_04324,0.2958501875400543
test_04325,0.9650739431381226
test_04326,0.6394307017326355
test_04327,0.5427058339118958
test_04328,0.4149490296840668
test_04329,0.8193808197975159
test_04330,0.8498144149780273
test_04331,0.6603229641914368
test_04332,0.08556823432445526
test_04333,0.004227930214256048
test_04334,0.6035324335098267
test_04335,0.859305202960968
test_04336,0.20485475659370422
test_04337,0.3589155673980713
test_04338,0.3623405992984772
test_04339,0.3577265739440918
test_04340,0.45687809586524963
test_04341,0.9874610304832458
test_04342,0.4961448013782501
test_04343,0.9593429565429688
test_04344,0.4163353741168976
test_04345,0.8500387072563171
test_04346,0.3481721580028534
test_04347,0.5396250486373901
test_04348,0.8724737167358398
test_04349,0.14239118993282318
test_04350,0.5857990980148315
test_04351,0.5755658149719238
test_04352,0.8305306434631348
test_04353,0.6555886268615723
test_04354,0.8994390964508057
test_04355,0.9367528557777405
test_04356,0.21936273574829102
test_04357,0.647636353969574
test_04358,0.0017434076871722937
test_04359,0.7754940390586853
test_04360,0.7497333884239197
test_04361,0.9954067468643188
test_04362,0.39925745129585266
test_04363,0.7358481884002686
test_04364,0.4930521547794342
test_04365,0.36597999930381775
test_04366,0.03426669165492058
test_04367,0.5226861238479614
test_04368,0.5345796346664429
test_04369,0.574666440486908
test_04370,0.10289538651704788
test_04371,0.32339388132095337
test_04372,0.8564437031745911
test_04373,0.5375535488128662
test_04374,0.9665278196334839
test_04375,0.8773484230041504
test_04376,0.30408576130867004
test_04377,0.9317849278450012
test_04378,0.41600438952445984
test_04379,0.058314673602581024
test_04380,0.29564034938812256
test_04381,0.9999995231628418
test_04382,0.22996394336223602
test_04383,0.6664899587631226
test_04384,0.9642016291618347
test_04385,0.5017136335372925
test_04386,0.06171341612935066
test_04387,0.019236264750361443
test_04388,0.9219578504562378
test_04389,0.5229902863502502
test_04390,0.5502483248710632
test_04391,0.2590305507183075
test_04392,0.4997371733188629
test_04393,0.7984260320663452
test_04394,0.9936275482177734
test_04395,0.8190092444419861
test_04396,0.3189491331577301
test_04397,0.5466565489768982
test_04398,0.3102201223373413
test_04399,0.49283942580223083
test_04400,0.6866652965545654
test_04401,0.3357450067996979
test_04402,0.41393643617630005
test_04403,0.5285404324531555
test_04404,0.5813474655151367
test_04405,0.737674355506897
test_04406,0.8130559325218201
test_04407,0.11957217752933502
test_04408,0.23579518496990204
test_04409,0.276198148727417
test_04410,0.2264116108417511
test_04411,0.14384344220161438
test_04412,0.5519160032272339
test_04413,0.9383026957511902
test_04414,0.0011455761268734932
test_04415,0.22346985340118408
test_04416,0.8506171107292175
test_04417,0.3858296573162079
test_04418,0.8605018854141235
test_04419,0.5723678469657898
test_04420,0.6087427735328674
test_04421,0.3964347243309021
test_04422,0.9836835265159607
test_04423,0.2950921654701233
test_04424,0.2618807852268219
test_04425,0.03143709897994995
test_04426,0.6189773082733154
test_04427,0.5742204785346985
test_04428,0.0227239727973938
test_04429,0.9384753704071045
test_04430,0.7888545989990234
test_04431,0.658739447593689
test_04432,0.5914220809936523
test_04433,0.3841516077518463
test_04434,0.5436450242996216
test_04435,0.9534446597099304
test_04436,0.6144585609436035
test_04437,0.9754711389541626
test_04438,0.5289286375045776
test_04439,0.4746129810810089
test_04440,0.22326675057411194
test_04441,0.779155433177948
test_04442,0.13819749653339386
test_04443,0.14259371161460876
test_04444,0.44375261664390564
test_04445,0.65528804063797
test_04446,0.5154635906219482
test_04447,0.0033173945266753435
test_04448,0.04805266857147217
test_04449,0.630587637424469
test_04450,0.5290547013282776
test_04451,0.9691231846809387
test_04452,0.312542587518692
test_04453,0.12961916625499725
test_04454,0.4378664195537567
test_04455,0.9844154715538025
test_04456,0.9533537030220032
test_04457,0.48220372200012207
test_04458,0.3653145432472229
test_04459,0.0421646423637867
test_04460,0.31505003571510315
test_04461,0.7048090100288391
test_04462,0.6473221182823181
test_04463,0.22033648192882538
test_04464,0.6025633215904236
test_04465,0.834447979927063
test_04466,0.3137946128845215
test_04467,0.999971866607666
test_04468,0.6516322493553162
test_04469,0.6425775289535522
test_04470,0.6695832014083862
test_04471,0.7591488361358643
test_04472,0.822711169719696
test_04473,0.0448710136115551
test_04474,0.9788322448730469
test_04475,0.36286452412605286
test_04476,0.18320991098880768
test_04477,0.5053885579109192
test_04478,0.40075406432151794
test_04479,0.5792007446289062
test_04480,0.9921814203262329
test_04481,0.6280003190040588
test_04482,0.5508564710617065
test_04483,0.6690689325332642
test_04484,0.16211465001106262
test_04485,0.8962768316268921
test_04486,0.1474332958459854
test_04487,0.8301581144332886
test_04488,0.017440620809793472
test_04489,0.043255578726530075
test_04490,0.6564545631408691
test_04491,0.4123280346393585
test_04492,0.9803399443626404
test_04493,0.6153503060340881
test_04494,0.6303932070732117
test_04495,0.5364193916320801
test_04496,0.7543580532073975
test_04497,0.4837362766265869
test_04498,0.49217864871025085
test_04499,0.2672784924507141
test_04500,0.8499231338500977
test_04501,0.1752592772245407
test_04502,0.33843380212783813
test_04503,0.2237575501203537
test_04504,0.4983270764350891
test_04505,0.5658936500549316
test_04506,0.3315199613571167
test_04507,0.5693350434303284
test_04508,0.08903440088033676
test_04509,0.6529321074485779
test_04510,0.09330704063177109
test_04511,0.992852509021759
test_04512,0.9966004490852356
test_04513,0.6041846871376038
test_04514,0.9763136506080627
test_04515,0.8264622092247009
test_04516,0.9112005829811096
test_04517,0.8984391093254089
test_04518,0.4038022458553314
test_04519,0.9822909832000732
test_04520,0.1502644270658493
test_04521,0.9947433471679688
test_04522,0.6561011672019958
test_04523,0.618518054485321
test_04524,0.639707088470459
test_04525,0.8708012700080872
test_04526,0.9943141341209412
test_04527,0.7135317325592041
test_04528,0.550744354724884
test_04529,0.29240986704826355
test_04530,0.9871593713760376
test_04531,0.22703447937965393
test_04532,0.7709560394287109
test_04533,0.04564475268125534
test_04534,0.32473424077033997
test_04535,0.48962533473968506
test_04536,0.4491370916366577
test_04537,0.6443287134170532
test_04538,0.8145942091941833
test_04539,0.6634268164634705
test_04540,0.06579354405403137
test_04541,0.6745705008506775
test_04542,0.020603835582733154
test_04543,0.013922573067247868
test_04544,0.5200904011726379
test_04545,0.8769862055778503
test_04546,0.9657919406890869
test_04547,0.8360717296600342
test_04548,0.25045260787010193
test_04549,0.9744666814804077
test_04550,0.9683386087417603
test_04551,0.4651394784450531
test_04552,0.9368927478790283
test_04553,0.45184874534606934
test_04554,0.5260493159294128
test_04555,0.7947328686714172
test_04556,0.46466898918151855
test_04557,0.09204001724720001
test_04558,0.00016421974578406662
test_04559,0.22423475980758667
test_04560,0.777241051197052
test_04561,0.5704551339149475
test_04562,0.5031728148460388
test_04563,0.07499952614307404
test_04564,0.3295867443084717
test_04565,0.9911562204360962
test_04566,0.0033234732691198587
test_04567,0.9756388068199158
test_04568,0.6044648885726929
test_04569,0.7079959511756897
test_04570,0.7765470743179321
test_04571,0.38575008511543274
test_04572,0.9799559116363525
test_04573,0.24664399027824402
test_04574,0.00027147590299136937
test_04575,0.31121397018432617
test_04576,0.9947271943092346
test_04577,0.8072407841682434
test_04578,0.8964567184448242
test_04579,0.9075657725334167
test_04580,0.43188416957855225
test_04581,0.4824046492576599
test_04582,0.1383933573961258
test_04583,0.689043402671814
test_04584,0.5816869139671326
test_04585,0.713620126247406
test_04586,0.5726132988929749
test_04587,0.3016590178012848
test_04588,0.5150035619735718
test_04589,0.26940977573394775
test_04590,0.37146565318107605
test_04591,0.8141070008277893
test_04592,0.0787728875875473
test_04593,0.6001617908477783
test_04594,0.6819968819618225
test_04595,0.659654438495636
test_04596,0.4518337547779083
test_04597,0.49885642528533936
test_04598,0.4848824441432953
test_04599,0.2671935558319092
test_04600,0.10900551825761795
test_04601,0.4655967354774475
test_04602,0.49250873923301697
test_04603,0.3585185706615448
test_04604,0.9068569540977478
test_04605,0.5707168579101562
test_04606,0.9142587184906006
test_04607,0.7116495370864868
test_04608,0.20663727819919586
test_04609,0.7306215763092041
test_04610,0.832595944404602
test_04611,0.14419567584991455
test_04612,0.02541285566985607
test_04613,0.816274106502533
test_04614,0.9998030066490173
test_04615,0.7361106276512146
test_04616,0.8829604387283325
test_04617,0.6990435123443604
test_04618,0.8751786947250366
test_04619,0.7799748778343201
test_04620,0.9997058510780334
test_04621,0.28940150141716003
test_04622,0.4949432611465454
test_04623,0.041777439415454865
test_04624,0.11831415444612503
test_04625,0.48786282539367676
test_04626,0.13535040616989136
test_04627,0.5622760057449341
test_04628,0.00807596743106842
test_04629,0.35499975085258484
test_04630,0.47403109073638916
test_04631,0.9707652926445007
test_04632,0.5068022012710571
test_04633,0.534561276435852
test_04634,0.6102221608161926
test_04635,0.23843254148960114
test_04636,0.9194349050521851
test_04637,0.727210283279419
test_04638,0.5637827515602112
test_04639,0.8047122955322266
test_04640,0.8963329792022705
test_04641,0.858735203742981
test_04642,0.19952374696731567
test_04643,0.35421887040138245
test_04644,0.7202070951461792
test_04645,0.3749816417694092
test_04646,0.8440237045288086
test_04647,0.9285483360290527
test_04648,0.9687256217002869
test_04649,0.5598805546760559
test_04650,0.9473629593849182
test_04651,0.3587101697921753
test_04652,3.7945237636449747e-06
test_04653,0.12663930654525757
test_04654,0.6271696090698242
test_04655,0.6746268272399902
test_04656,0.756397008895874
test_04657,0.6792293787002563
test_04658,0.19820258021354675
test_04659,0.5543373823165894
test_04660,0.6625431180000305
test_04661,0.6407522559165955
test_04662,0.6573663949966431
test_04663,0.663661777973175
test_04664,0.4454811215400696
test_04665,0.8401078581809998
test_04666,0.36391812562942505
test_04667,0.78900545835495
test_04668,0.6853018999099731
test_04669,0.47764021158218384
test_04670,0.9957793951034546
test_04671,0.572765588760376
test_04672,0.8581241369247437
test_04673,0.30435383319854736
test_04674,0.23140941560268402
test_04675,0.46330931782722473
test_04676,0.5206934213638306
test_04677,0.8489089012145996
test_04678,0.9689360857009888
test_04679,0.4717697501182556
test_04680,0.331760972738266
test_04681,0.937024712562561
test_04682,0.3696695566177368
test_04683,0.44958823919296265
test_04684,0.5242017507553101
test_04685,0.9252262115478516
test_04686,0.7937043905258179
test_04687,0.5861731767654419
test_04688,0.09160114824771881
test_04689,0.20726659893989563
test_04690,0.007352066691964865
test_04691,0.432612806558609
test_04692,0.9468927383422852
test_04693,0.7529798746109009
test_04694,0.3549562692642212
test_04695,0.5721433162689209
test_04696,0.9966705441474915
test_04697,0.5686179399490356
test_04698,0.44756707549095154
test_04699,0.4462145268917084
test_04700,0.9840182662010193
test_04701,0.5294745564460754
test_04702,0.7033197283744812
test_04703,0.6467645168304443
test_04704,0.9062149524688721
test_04705,0.8515485525131226
test_04706,0.006448585540056229
test_04707,0.13433492183685303
test_04708,0.4063480794429779
test_04709,0.5612930655479431
test_04710,0.5567010641098022
test_04711,0.55963534116745
test_04712,0.13142408430576324
test_04713,0.3138919472694397
test_04714,0.19573533535003662
test_04715,0.8325275778770447
test_04716,0.23158857226371765
test_04717,0.26021239161491394
test_04718,0.5003998875617981
test_04719,0.47442466020584106
test_04720,0.9978854060173035
test_04721,0.997157096862793
test_04722,0.3597898483276367
test_04723,0.4717835485935211
test_04724,0.667293131351471
test_04725,0.633415162563324
test_04726,0.15163269639015198
test_04727,0.8566962480545044
test_04728,0.6150434613227844
test_04729,0.08933291584253311
test_04730,0.017102839425206184
test_04731,0.5349932909011841
test_04732,0.7373717427253723
test_04733,0.8128653764724731
test_04734,0.9641496539115906
test_04735,0.9992125034332275
test_04736,0.7156007289886475
test_04737,0.5972864627838135
test_04738,0.8830794095993042
test_04739,0.8430353999137878
test_04740,0.34438225626945496
test_04741,0.5189117789268494
test_04742,0.484860360622406
test_04743,0.5778272151947021
test_04744,0.9504708051681519
test_04745,0.976141631603241
test_04746,0.30348509550094604
test_04747,0.6141412854194641
test_04748,0.6887518167495728
test_04749,0.5662402510643005
test_04750,0.6112576723098755
test_04751,0.9455358982086182
test_04752,0.6213962435722351
test_04753,0.31271156668663025
test_04754,0.46861788630485535
test_04755,0.5695111155509949
test_04756,0.2395762950181961
test_04757,0.006453591398894787
test_04758,3.506001303321682e-05
test_04759,0.7398415207862854
test_04760,0.18600133061408997
test_04761,0.607649564743042
test_04762,0.5554656982421875
test_04763,0.09730632603168488
test_04764,0.5384743809700012
test_04765,0.45427796244621277
test_04766,0.6552518010139465
test_04767,0.9697499871253967
test_04768,0.5262432098388672
test_04769,0.9985456466674805
test_04770,0.6325314044952393
test_04771,0.6711059212684631
test_04772,0.9990623593330383
test_04773,0.8263003826141357
test_04774,0.0010777689749374986
test_04775,0.10903362929821014
test_04776,0.5870397686958313
test_04777,0.5417271256446838
test_04778,0.8032866716384888
test_04779,0.0006501454045064747
test_04780,0.4936775267124176
test_04781,0.13484899699687958
test_04782,0.9057317972183228
test_04783,0.7448889017105103
test_04784,0.9451912045478821
test_04785,0.8303249478340149
test_04786,0.2821676731109619
test_04787,0.9584751725196838
test_04788,0.49660253524780273
test_04789,0.19293558597564697
test_04790,0.6655185222625732
test_04791,0.12229514122009277
test_04792,0.967187225818634
test_04793,0.9658187627792358
test_04794,0.3372734785079956
test_04795,0.06809627264738083
test_04796,0.35126855969429016
test_04797,0.9969984292984009
test_04798,0.7798173427581787
test_04799,0.9814732670783997
test_04800,0.7977551817893982
test_04801,0.44809335470199585
test_04802,0.5701203346252441
test_04803,0.7837114930152893
test_04804,0.7881304025650024
test_04805,0.8435924053192139
test_04806,0.46258243918418884
test_04807,0.40523675084114075
test_04808,0.45605191588401794
test_04809,0.931323766708374
test_04810,0.5959588885307312
test_04811,0.4130607545375824
test_04812,0.19634008407592773
test_04813,0.9999767541885376
test_04814,0.7671452164649963
test_04815,0.9965834021568298
test_04816,0.4424901604652405
test_04817,0.043782707303762436
test_04818,0.47039252519607544
test_04819,0.9324532747268677
test_04820,0.3879220485687256
test_04821,0.9955951571464539
test_04822,0.011499539017677307
test_04823,0.9837071299552917
test_04824,0.03578760474920273
test_04825,0.009576579555869102
test_04826,0.655807375907898
test_04827,0.2752001881599426
test_04828,0.7194535136222839
test_04829,0.8617886900901794
test_04830,0.04623987898230553
test_04831,0.7752451300621033
test_04832,0.6177719831466675
test_04833,0.17607265710830688
test_04834,0.12108910828828812
test_04835,0.9309378862380981
test_04836,0.7250298857688904
test_04837,0.3155379891395569
test_04838,0.7941681742668152
test_04839,0.1807866245508194
test_04840,0.014058179222047329
test_04841,0.27805662155151367
test_04842,0.7059789299964905
test_04843,0.9969122409820557
test_04844,0.5788244009017944
test_04845,0.9911423921585083
test_04846,0.47625160217285156
test_04847,0.4604015350341797
test_04848,0.18844227492809296
test_04849,0.556077778339386
test_04850,0.5043982267379761
test_04851,0.5638242959976196
test_04852,0.8409981727600098
test_04853,0.6341835260391235
test_04854,0.02301735058426857
test_04855,0.007545430213212967
test_04856,0.1899537593126297
test_04857,0.24566060304641724
test_04858,0.48871880769729614
test_04859,0.044898536056280136
test_04860,0.7809774279594421
test_04861,0.8924246430397034
test_04862,0.8297337889671326
test_04863,0.803666889667511
test_04864,0.04163001850247383
test_04865,0.40941980481147766
test_04866,0.01285509206354618
test_04867,0.29713574051856995
test_04868,0.9431204199790955
test_04869,0.49736034870147705
test_04870,0.33093565702438354
test_04871,0.9994692206382751
test_04872,0.5592538714408875
test_04873,0.5252052545547485
test_04874,0.0013341434532776475
test_04875,0.7057647705078125
test_04876,0.1857251673936844
test_04877,0.9805490374565125
test_04878,0.5253278017044067
test_04879,0.33196595311164856
test_04880,0.45014268159866333
test_04881,0.19345545768737793
test_04882,0.5705841183662415
test_04883,0.7526100873947144
test_04884,0.6544930934906006
test_04885,0.5201842188835144
test_04886,0.9945194125175476
test_04887,0.4312133491039276
test_04888,0.3245875835418701
test_04889,0.9895927906036377
test_04890,0.4838360548019409
test_04891,0.5437448620796204
test_04892,0.527649998664856
test_04893,0.5886029601097107
test_04894,0.9033780694007874
test_04895,0.9533314108848572
test_04896,0.13444019854068756
test_04897,0.09024949371814728
test_04898,0.009030054323375225
test_04899,0.4571266174316406
test_04900,0.9352344870567322
test_04901,0.5435996055603027
test_04902,0.5680786371231079
test_04903,0.9217125177383423
test_04904,0.9600481390953064
test_04905,0.4764946401119232
test_04906,0.9829708337783813
test_04907,0.7644029259681702
test_04908,0.38409334421157837
test_04909,0.6782070994377136
test_04910,0.8196557760238647
test_04911,0.6655119061470032
test_04912,0.25242647528648376
test_04913,0.6965034008026123
test_04914,0.5077214241027832
test_04915,0.3917677700519562
test_04916,0.27425533533096313
test_04917,0.8110523223876953
test_04918,0.629205048084259
test_04919,0.8895788788795471
test_04920,0.5951281785964966
test_04921,0.9877511262893677
test_04922,0.03980668634176254
test_04923,0.5173319578170776
test_04924,0.6297294497489929
test_04925,0.028914490714669228
test_04926,0.998672366142273
test_04927,0.02174397185444832
test_04928,0.03530820831656456
test_04929,0.9999808073043823
test_04930,0.7086983323097229
test_04931,0.5307438969612122
test_04932,0.01086384616792202
test_04933,0.20633818209171295
test_04934,0.54714435338974
test_04935,0.025872915983200073
test_04936,0.5408650040626526
test_04937,0.005577766336500645
test_04938,0.08818935602903366
test_04939,0.1610860377550125
test_04940,0.48041120171546936
test_04941,0.9760833978652954
test_04942,0.8688487410545349
test_04943,0.960972011089325
test_04944,0.8967365622520447
test_04945,0.9168543219566345
test_04946,0.6922597289085388
test_04947,0.9831863641738892
test_04948,0.8890560269355774
test_04949,0.7212446928024292
test_04950,0.3566598892211914
test_04951,0.693852424621582
test_04952,0.627596378326416
test_04953,0.5599268078804016
test_04954,0.7333962321281433
test_04955,0.5514194369316101
test_04956,0.5247732996940613
test_04957,0.7150139212608337
test_04958,0.07964922487735748
test_04959,0.15586784482002258
test_04960,0.011136885732412338
test_04961,0.7227767705917358
test_04962,0.489402174949646
test_04963,0.11400163918733597
test_04964,0.44576191902160645
test_04965,0.8493980765342712
test_04966,0.9914830327033997
test_04967,0.3881306052207947
test_04968,0.7426596879959106
test_04969,0.8929517269134521
test_04970,0.41949692368507385
test_04971,0.9134920239448547
test_04972,0.03972106799483299
test_04973,0.9997979998588562
test_04974,0.06424320489168167
test_04975,0.7201429605484009
test_04976,0.5565277338027954
test_04977,0.3963996469974518
test_04978,0.5585338473320007
test_04979,0.3166547119617462
test_04980,0.8262149095535278
test_04981,0.951199471950531
test_04982,0.7936350107192993
test_04983,0.5419718027114868
test_04984,0.3519081175327301
test_04985,0.7919186353683472
test_04986,0.010114850476384163
test_04987,0.19109149277210236
test_04988,0.8911150693893433
test_04989,0.6502158045768738
test_04990,0.27619385719299316
test_04991,0.9118676781654358
test_04992,0.5980271100997925
test_04993,0.7872726321220398
test_04994,0.4459286034107208
test_04995,0.1934048980474472
test_04996,0.7485896348953247
test_04997,0.7717641592025757
test_04998,0.05269235745072365
test_04999,0.1233968660235405
test_05000,0.12851344048976898
test_05001,0.8716373443603516
test_05002,0.12319992482662201
test_05003,0.5077213644981384
test_05004,0.03514522686600685
test_05005,0.7145628929138184
test_05006,0.27484387159347534
test_05007,0.3379431664943695
test_05008,0.9517561197280884
test_05009,0.7331098914146423
test_05010,0.4907929599285126
test_05011,0.52650386095047
test_05012,0.10207128524780273
test_05013,0.5123123526573181
test_05014,0.628390371799469
test_05015,0.48051005601882935
test_05016,0.470666766166687
test_05017,0.8513614535331726
test_05018,0.22858849167823792
test_05019,0.6102627515792847
test_05020,0.8731928467750549
test_05021,0.5360644459724426
test_05022,0.047468703240156174
test_05023,0.8412946462631226
test_05024,0.3191518783569336
test_05025,0.08192746341228485
test_05026,0.6211782097816467
test_05027,0.7260550856590271
test_05028,0.5854747891426086
test_05029,0.048772260546684265
test_05030,0.8599984645843506
test_05031,0.8829837441444397
test_05032,0.6490224003791809
test_05033,0.8100793361663818
test_05034,0.8356838822364807
test_05035,0.4988469183444977
test_05036,0.4165761172771454
test_05037,0.9119247794151306
test_05038,0.20773904025554657
test_05039,0.8067204356193542
test_05040,0.8653077483177185
test_05041,0.999387264251709
test_05042,0.652470588684082
test_05043,0.43484658002853394
test_05044,0.9993860721588135
test_05045,0.997956395149231
test_05046,0.14186128973960876
test_05047,0.99276202917099
test_05048,0.9050672054290771
test_05049,0.644298791885376
test_05050,0.21650910377502441
test_05051,0.5479104518890381
test_05052,0.5308637022972107
test_05053,0.06661410629749298
test_05054,0.2736329436302185
test_05055,0.9865185618400574
test_05056,0.16909797489643097
test_05057,0.7863731980323792
test_05058,0.995235025882721
test_05059,0.9605017304420471
test_05060,0.017535334452986717
test_05061,0.9755354523658752
test_05062,0.5312240719795227
test_05063,0.9867697954177856
test_05064,0.3582213222980499
test_05065,0.3170589804649353
test_05066,0.5205076336860657
test_05067,0.8808583617210388
test_05068,0.6721805930137634
test_05069,0.8391895294189453
test_05070,0.44654059410095215
test_05071,0.3820219039916992
test_05072,0.5722193121910095
test_05073,0.34656068682670593
test_05074,0.630524218082428
test_05075,0.3893071413040161
test_05076,0.7508553266525269
test_05077,0.289272665977478
test_05078,0.5428310632705688
test_05079,0.787213921546936
test_05080,0.7548448443412781
test_05081,0.964482843875885
test_05082,0.6634194850921631
test_05083,0.7608540058135986
test_05084,0.005313147325068712
test_05085,0.008850491605699062
test_05086,0.9187610149383545
test_05087,0.05332924425601959
test_05088,0.056314099580049515
test_05089,0.5727499723434448
test_05090,0.28261634707450867
test_05091,0.8647415041923523
test_05092,0.2699548006057739
test_05093,0.4394165575504303
test_05094,0.5610072016716003
test_05095,0.4930574893951416
test_05096,0.6382372975349426
test_05097,0.9407235980033875
test_05098,0.37767741084098816
test_05099,0.9740898013114929
test_05100,0.2138993740081787
test_05101,0.2713843584060669
test_05102,0.5353286862373352
test_05103,0.5569698214530945
test_05104,0.6698989868164062
test_05105,0.48042750358581543
test_05106,0.5772900581359863
test_05107,0.10868611931800842
test_05108,0.7703802585601807
test_05109,0.41780731081962585
test_05110,0.9565621614456177
test_05111,0.5175025463104248
test_05112,0.3760276436805725
test_05113,0.6175988912582397
test_05114,0.7433238625526428
test_05115,0.4216472804546356
test_05116,0.4915435314178467
test_05117,0.7875367999076843
test_05118,0.5061014294624329
test_05119,0.9315897822380066
test_05120,0.7203361392021179
test_05121,0.6471798419952393
test_05122,0.38815319538116455
test_05123,0.8786743879318237
test_05124,0.5461686849594116
test_05125,0.4872530400753021
test_05126,0.07625730335712433
test_05127,0.42961952090263367
test_05128,0.31794217228889465
test_05129,0.9680439233779907
test_05130,0.10513395816087723
test_05131,0.9518516063690186
test_05132,0.3544674217700958
test_05133,0.15965662896633148
test_05134,0.7371160984039307
test_05135,0.6820467710494995
test_05136,0.5233048796653748
test_05137,0.8599289655685425
test_05138,0.5715129971504211
test_05139,0.7477443814277649
test_05140,0.9921250939369202
test_05141,0.37996888160705566
test_05142,0.49858495593070984
test_05143,0.8646726608276367
test_05144,0.7514359354972839
test_05145,0.9947998523712158
test_05146,0.9705660343170166
test_05147,0.617719292640686
test_05148,0.513742983341217
test_05149,0.5446916818618774
test_05150,0.4989784359931946
test_05151,0.9102010130882263
test_05152,0.7079976201057434
test_05153,0.19063612818717957
test_05154,0.7740209102630615
test_05155,0.5532180070877075
test_05156,0.4477517604827881
test_05157,0.1432822048664093
test_05158,0.0022940821945667267
test_05159,0.5050696730613708
test_05160,0.5725687146186829
test_05161,0.1169356256723404
test_05162,0.3836477994918823
test_05163,0.9120209217071533
test_05164,0.3969670236110687
test_05165,0.5410596132278442
test_05166,0.1667921394109726
test_05167,0.7089784145355225
test_05168,0.5407615303993225
test_05169,0.44845709204673767
test_05170,0.2505914866924286
test_05171,0.49484118819236755
test_05172,0.5628796815872192
test_05173,0.9191247224807739
test_05174,0.801297664642334
test_05175,0.013092035427689552
test_05176,0.5622822046279907
test_05177,0.47568532824516296
test_05178,0.6414751410484314
test_05179,0.0002071010385407135
test_05180,0.46417587995529175
test_05181,0.5140873789787292
test_05182,0.20267599821090698
test_05183,0.5785101056098938
test_05184,0.007948636077344418
test_05185,0.838009238243103
test_05186,0.993200957775116
test_05187,0.1604275405406952
test_05188,0.6283926963806152
test_05189,0.6758121848106384
test_05190,0.107008196413517
test_05191,0.6427398920059204
test_05192,0.07221122086048126
test_05193,0.33155620098114014
test_05194,0.5531978011131287
test_05195,0.5872066617012024
test_05196,0.1748001128435135
test_05197,0.9772059917449951
test_05198,0.4513792395591736
test_05199,0.15892329812049866
test_05200,0.7332466244697571
test_05201,0.7522315382957458
test_05202,0.4864824712276459
test_05203,0.5180293917655945
test_05204,0.015111314132809639
test_05205,0.9000797271728516
test_05206,0.43422988057136536
test_05207,0.7092532515525818
test_05208,0.93843674659729
test_05209,0.30810678005218506
test_05210,0.5019717812538147
test_05211,0.5581790804862976
test_05212,0.6263380646705627
test_05213,0.686964213848114
test_05214,0.6662082672119141
test_05215,0.6595020890235901
test_05216,0.46494776010513306
test_05217,0.4164205491542816
test_05218,0.3587360680103302
test_05219,0.6461133360862732
test_05220,0.9702073931694031
test_05221,0.002174269873648882
test_05222,0.055590491741895676
test_05223,0.7367419600486755
test_05224,0.15030963718891144
test_05225,0.9983661770820618
test_05226,0.11710016429424286
test_05227,0.9941076040267944
test_05228,0.7230759859085083
test_05229,0.08762403577566147
test_05230,0.8800206780433655
test_05231,0.9922050833702087
test_05232,0.6527642011642456
test_05233,0.7639078497886658
test_05234,0.6400749683380127
test_05235,0.5726757645606995
test_05236,0.6198554635047913
test_05237,0.22518278658390045
test_05238,0.015498677268624306
test_05239,0.20390847325325012
test_05240,0.3802878260612488
test_05241,0.4170890152454376
test_05242,0.8749296069145203
test_05243,0.9413033127784729
test_05244,0.3456120789051056
test_05245,0.004839141387492418
test_05246,0.6315787434577942
test_05247,0.9998656511306763
test_05248,0.6265273690223694
test_05249,0.7233467102050781
test_05250,0.8115127682685852
test_05251,0.7508472800254822
test_05252,0.13812857866287231
test_05253,0.053697001188993454
test_05254,0.549851655960083
test_05255,0.22262895107269287
test_05256,0.4122495949268341
test_05257,0.6187971830368042
test_05258,0.40210166573524475
test_05259,0.9115845561027527
test_05260,0.5931584239006042
test_05261,0.006461735349148512
test_05262,0.6388435363769531
test_05263,0.8253335952758789
test_05264,0.9815945625305176
test_05265,0.7323904633522034
test_05266,0.9545256495475769
test_05267,0.5078063011169434
test_05268,0.8167181611061096
test_05269,0.7634146809577942
test_05270,0.10350072383880615
test_05271,0.7421320080757141
test_05272,0.6045036911964417
test_05273,0.17208494246006012
test_05274,0.13279879093170166
test_05275,0.5198227167129517
test_05276,0.15764819085597992
test_05277,0.7878457307815552
test_05278,0.5614541172981262
test_05279,0.9163597226142883
test_05280,0.43036678433418274
test_05281,0.9143991470336914
test_05282,0.9604752063751221
test_05283,0.8698779344558716
test_05284,0.7686987519264221
test_05285,0.541031002998352
test_05286,0.5477964878082275
test_05287,0.5381726622581482
test_05288,0.8667629361152649
test_05289,0.859359622001648
test_05290,0.6136879920959473
test_05291,0.3190489709377289
test_05292,0.9950193166732788
test_05293,0.2748587131500244
test_05294,0.9566214680671692
test_05295,0.8892117738723755
test_05296,0.7083982229232788
test_05297,0.03513481467962265
test_05298,0.21916575729846954
test_05299,0.4779636859893799
test_05300,0.5198973417282104
test_05301,0.0007592348847538233
test_05302,0.16547662019729614
test_05303,0.6018815040588379
test_05304,0.7942397594451904
test_05305,0.5659579634666443
test_05306,0.8319380879402161
test_05307,0.960197389125824
test_05308,0.32976070046424866
test_05309,5.158477142686024e-05
test_05310,0.6242354512214661
test_05311,0.8574776649475098
test_05312,0.9341796040534973
test_05313,0.7995418310165405
test_05314,0.7783586978912354
test_05315,0.7109053730964661
test_05316,0.9698764681816101
test_05317,0.673170268535614
test_05318,0.31787219643592834
test_05319,0.6106457710266113
test_05320,0.9585018754005432
test_05321,0.9149499535560608
test_05322,0.48924189805984497
test_05323,0.5652653574943542
test_05324,0.9992759823799133
test_05325,0.6970921158790588
test_05326,0.4450035095214844
test_05327,0.8014344573020935
test_05328,0.36735087633132935
test_05329,0.1714606136083603
test_05330,3.8087888242444023e-05
test_05331,0.8559122681617737
test_05332,0.8760173320770264
test_05333,0.8494941592216492
test_05334,0.503314733505249
test_05335,0.89035964012146
test_05336,0.9038344621658325
test_05337,0.999868631362915
test_05338,0.8866102695465088
test_05339,0.12209977209568024
test_05340,0.23005183041095734
test_05341,0.7950306534767151
test_05342,0.4212077558040619
test_05343,0.8715458512306213
test_05344,0.3613532781600952
test_05345,0.11246207356452942
test_05346,0.9315164089202881
test_05347,0.5453802347183228
test_05348,0.547809362411499
test_05349,0.9593643546104431
test_05350,0.7431750893592834
test_05351,0.7707261443138123
test_05352,0.9610238671302795
test_05353,0.3545783758163452
test_05354,0.0006781487609259784
test_05355,0.464038610458374
test_05356,0.9879778623580933
test_05357,0.5140106678009033
test_05358,0.3430599272251129
test_05359,0.026524756103754044
test_05360,0.053673066198825836
test_05361,0.8404935598373413
test_05362,0.5644135475158691
test_05363,0.06605025380849838
test_05364,0.920405924320221
test_05365,0.7666192054748535
test_05366,0.3025510907173157
test_05367,0.06416965276002884
test_05368,0.44231534004211426
test_05369,0.026593830436468124
test_05370,0.10041960328817368
test_05371,0.062267012894153595
test_05372,0.5313551425933838
test_05373,0.8573153018951416
test_05374,0.512454092502594
test_05375,0.024589475244283676
test_05376,0.8505542874336243
test_05377,0.5206327438354492
test_05378,0.00044103822438046336
test_05379,0.7466756105422974
test_05380,0.572300136089325
test_05381,0.7735081911087036
test_05382,0.5699567794799805
test_05383,0.8457162380218506
test_05384,0.07407313585281372
test_05385,0.8637155890464783
test_05386,0.4911149740219116
test_05387,0.9501791596412659
test_05388,0.9935577511787415
test_05389,0.36337223649024963
test_05390,0.9937094449996948
test_05391,0.5222418904304504
test_05392,0.49732232093811035
test_05393,0.06062399968504906
test_05394,0.5831418633460999
test_05395,0.9959650039672852
test_05396,0.9685700535774231
test_05397,0.49888157844543457
test_05398,0.6242895722389221
test_05399,0.4393296539783478
test_05400,0.08066526800394058
test_05401,0.6776348948478699
test_05402,0.05247734114527702
test_05403,0.5603984594345093
test_05404,0.5503212809562683
test_05405,0.9187748432159424
test_05406,0.701793909072876
test_05407,0.1782389134168625
test_05408,0.7748784422874451
test_05409,0.9791046380996704
test_05410,0.734766960144043
test_05411,0.8416104912757874
test_05412,0.7704772353172302
test_05413,0.017212534323334694
test_05414,0.72551429271698
test_05415,0.9501822590827942
test_05416,0.019137050956487656
test_05417,8.043785783229396e-05
test_05418,0.9826701283454895
test_05419,0.9326158165931702
test_05420,0.5323687195777893
test_05421,0.6516261100769043
test_05422,0.003374087857082486
test_05423,0.5424541234970093
test_05424,0.0035708178766071796
test_05425,0.5166758298873901
test_05426,0.8520225882530212
test_05427,0.23563818633556366
test_05428,0.95974200963974
test_05429,0.3265002965927124
test_05430,0.6792824268341064
test_05431,0.3710019588470459
test_05432,0.9927414655685425
test_05433,0.9519650936126709
test_05434,0.6784679293632507
test_05435,0.001461027772165835
test_05436,0.646954357624054
test_05437,0.4201172888278961
test_05438,0.5589996576309204
test_05439,0.4755796194076538
test_05440,0.2422640025615692
test_05441,0.9974554181098938
test_05442,0.7380403280258179
test_05443,0.10590822994709015
test_05444,0.011461802758276463
test_05445,0.08495866507291794
test_05446,0.8803986310958862
test_05447,0.1229695975780487
test_05448,0.6155746579170227
test_05449,0.5268341302871704
test_05450,0.6354826092720032
test_05451,0.6300870776176453
test_05452,0.8817687034606934
test_05453,0.8929663300514221
test_05454,0.921923041343689
test_05455,0.7169052362442017
test_05456,0.9759037494659424
test_05457,0.9981456995010376
test_05458,0.6113617420196533
test_05459,0.5159673690795898
test_05460,0.7096374034881592
test_05461,0.9291114211082458
test_05462,0.3240019679069519
test_05463,0.9776555299758911
test_05464,0.5707018971443176
test_05465,0.030608290806412697
test_05466,0.6745533347129822
test_05467,0.9914053678512573
test_05468,0.8041521310806274
test_05469,0.9465833306312561
test_05470,0.8038132786750793
test_05471,0.09712888300418854
test_05472,0.5581938624382019
test_05473,0.662648618221283
test_05474,0.0650157630443573
test_05475,0.7873342037200928
test_05476,0.21197129786014557
test_05477,0.31350722908973694
test_05478,0.5289645791053772
test_05479,0.506061315536499
test_05480,0.5216624736785889
test_05481,0.22282710671424866
test_05482,0.001139016356319189
test_05483,0.6656287908554077
test_05484,0.14695633947849274
test_05485,0.18985939025878906
test_05486,0.5028534531593323
test_05487,0.5490776300430298
test_05488,0.9998119473457336
test_05489,0.1288224756717682
test_05490,0.3781214654445648
test_05491,0.651554524898529
test_05492,0.9879300594329834
test_05493,0.9246141314506531
test_05494,0.42255842685699463
test_05495,0.7142004370689392
test_05496,0.5844799876213074
test_05497,0.3903382420539856
test_05498,0.23368528485298157
test_05499,0.8713958263397217
test_05500,0.9737093448638916
test_05501,0.5980428457260132
test_05502,0.0017366516403853893
test_05503,0.3031860589981079
test_05504,0.0031413082033395767
test_05505,0.6037449240684509
test_05506,0.5656158924102783
test_05507,0.5394420623779297
test_05508,0.007556550670415163
test_05509,0.9835822582244873
test_05510,0.7484931349754333
test_05511,0.9158858060836792
test_05512,0.9981400966644287
test_05513,0.5011800527572632
test_05514,0.8006651997566223
test_05515,0.2046043425798416
test_05516,0.1605890542268753
test_05517,0.19552300870418549
test_05518,0.9457996487617493
test_05519,0.3556024134159088
test_05520,0.7742598652839661
test_05521,0.4678773581981659
test_05522,0.909791111946106
test_05523,0.4675852358341217
test_05524,0.5242756605148315
test_05525,0.4568299651145935
test_05526,0.9588840007781982
test_05527,0.7664927244186401
test_05528,0.0049637616612017155
test_05529,0.9311096668243408
test_05530,0.9147871136665344
test_05531,0.7827050089836121
test_05532,0.9735161066055298
test_05533,0.7334293723106384
test_05534,0.9664331674575806
test_05535,0.9940006136894226
test_05536,0.19339674711227417
test_05537,0.8828251361846924
test_05538,0.46674373745918274
test_05539,0.24877415597438812
test_05540,0.6389589905738831
test_05541,0.6888484954833984
test_05542,0.6770178079605103
test_05543,1.0371490134275518e-05
test_05544,0.8972471952438354
test_05545,0.09450126439332962
test_05546,0.5124718546867371
test_05547,0.05346553772687912
test_05548,0.7356744408607483
test_05549,0.5111405849456787
test_05550,0.19862551987171173
test_05551,0.8027626276016235
test_05552,0.5037158131599426
test_05553,0.9140065908432007
test_05554,0.5567499995231628
test_05555,0.23466870188713074
test_05556,0.40842005610466003
test_05557,0.9078037738800049
test_05558,0.42990630865097046
test_05559,0.7237830758094788
test_05560,0.9106072783470154
test_05561,0.6584423184394836
test_05562,0.9998644590377808
test_05563,0.584404468536377
test_05564,0.9526875019073486
test_05565,0.4381605386734009
test_05566,0.09044496715068817
test_05567,0.9743444919586182
test_05568,0.5583566427230835
test_05569,0.649807870388031
test_05570,0.38076168298721313
test_05571,0.539341926574707
test_05572,0.997312605381012
test_05573,0.9191941618919373
test_05574,0.003696381114423275
test_05575,0.9924081563949585
test_05576,0.519409716129303
test_05577,0.9823432564735413
test_05578,0.9849543571472168
test_05579,0.14339081943035126
test_05580,0.781689465045929
test_05581,0.6106412410736084
test_05582,0.11664275079965591
test_05583,0.6886517405509949
test_05584,0.8180879950523376
test_05585,0.8045163750648499
test_05586,0.5658761858940125
test_05587,0.2510388493537903
test_05588,0.16018131375312805
test_05589,0.00012281761155463755
test_05590,0.06291035562753677
test_05591,0.9001530408859253
test_05592,0.7954476475715637
test_05593,0.8950190544128418
test_05594,0.3718417286872864
test_05595,0.9486873149871826
test_05596,0.2183428853750229
test_05597,0.1721753031015396
test_05598,0.8774572610855103
test_05599,0.19387881457805634
test_05600,0.8519115447998047
test_05601,0.5055381059646606
test_05602,0.8634889125823975
test_05603,0.18599221110343933
test_05604,0.5224334001541138
test_05605,0.3159016966819763
test_05606,0.1545662134885788
test_05607,0.48909834027290344
test_05608,0.5996406674385071
test_05609,0.00023989674809854478
test_05610,0.9961686730384827
test_05611,0.39453983306884766
test_05612,0.10361158847808838
test_05613,0.9601802229881287
test_05614,0.5169356465339661
test_05615,0.27028390765190125
test_05616,0.895195722579956
test_05617,0.6879263520240784
test_05618,0.05985760688781738
test_05619,0.7018471956253052
test_05620,0.31437957286834717
test_05621,0.6065972447395325
test_05622,0.9991796612739563
test_05623,0.8429654240608215
test_05624,0.5596974492073059
test_05625,0.2641628682613373
test_05626,0.9989781379699707
test_05627,0.9396024346351624
test_05628,0.4218304455280304
test_05629,0.6521998047828674
test_05630,0.4972061812877655
test_05631,0.7155724167823792
test_05632,0.4048737585544586
test_05633,0.9615261554718018
test_05634,0.6934165954589844
test_05635,0.8946926593780518
test_05636,0.01562957838177681
test_05637,0.5310295820236206
test_05638,0.5154615044593811
test_05639,0.3356417119503021
test_05640,0.6383806467056274
test_05641,0.8544861078262329
test_05642,0.9976159334182739
test_05643,0.5335334539413452
test_05644,0.7241696119308472
test_05645,0.9696391224861145
test_05646,0.5959681272506714
test_05647,0.0462426021695137
test_05648,0.0003531972470227629
test_05649,0.09801788628101349
test_05650,0.9927963614463806
test_05651,0.5576246976852417
test_05652,0.4967038035392761
test_05653,0.01226828247308731
test_05654,0.6951777338981628
test_05655,0.691624104976654
test_05656,0.5739315748214722
test_05657,0.4684123694896698
test_05658,0.01989603228867054
test_05659,0.2774551808834076
test_05660,0.007098081987351179
test_05661,0.6393172144889832
test_05662,0.3301848769187927
test_05663,0.3977237641811371
test_05664,0.08001972734928131
test_05665,0.9158523082733154
test_05666,0.8904789090156555
test_05667,0.6243374347686768
test_05668,0.23713934421539307
test_05669,0.9646092653274536
test_05670,0.1573108583688736
test_05671,0.7236931324005127
test_05672,0.7577248811721802
test_05673,0.439337819814682
test_05674,0.2627694010734558
test_05675,0.7506510615348816
test_05676,0.361682265996933
test_05677,0.40221911668777466
test_05678,0.024862563237547874
test_05679,0.5522711277008057
test_05680,0.23324036598205566
test_05681,0.978118360042572
test_05682,0.9949386119842529
test_05683,0.6780179738998413
test_05684,0.6004810333251953
test_05685,0.9478242993354797
test_05686,0.9313225746154785
test_05687,0.26258060336112976
test_05688,0.7135541439056396
test_05689,0.5586376190185547
test_05690,0.8823371529579163
test_05691,0.9958814382553101
test_05692,0.5948468446731567
test_05693,0.5355485677719116
test_05694,0.6717674732208252
test_05695,0.38977760076522827
test_05696,0.4517592787742615
test_05697,0.46818724274635315
test_05698,0.05642583221197128
test_05699,0.4725780487060547
test_05700,0.9930764436721802
test_05701,0.9435579776763916
test_05702,0.530279815196991
test_05703,0.9475903511047363
test_05704,0.1550338864326477
test_05705,0.06269695609807968
test_05706,0.5450245141983032
test_05707,0.19514095783233643
test_05708,0.3019426763057709
test_05709,0.1656961590051651
test_05710,0.5071319937705994
test_05711,0.6623364686965942
test_05712,0.6442447900772095
test_05713,0.533145546913147
test_05714,0.4075169563293457
test_05715,0.9976962208747864
test_05716,0.26680266857147217
test_05717,0.5926893949508667
test_05718,0.9927961230278015
test_05719,0.27248409390449524
test_05720,0.5973119139671326
test_05721,0.9811323285102844
test_05722,0.5924192667007446
test_05723,0.014509757049381733
test_05724,0.16036124527454376
test_05725,0.7205759882926941
test_05726,0.14220839738845825
test_05727,0.9794703125953674
test_05728,0.9633650183677673
test_05729,0.24129946529865265
test_05730,0.8343085050582886
test_05731,0.041039738804101944
test_05732,0.09290316700935364
test_05733,0.359519362449646
test_05734,0.42249152064323425
test_05735,0.46755489706993103
test_05736,0.49945735931396484
test_05737,0.23363880813121796
test_05738,0.7348300218582153
test_05739,0.9139607548713684
test_05740,0.5481832027435303
test_05741,0.9757646918296814
test_05742,0.6121074557304382
test_05743,0.010609119199216366
test_05744,0.7538464069366455
test_05745,0.4844214618206024
test_05746,0.7011030316352844
test_05747,0.6397915482521057
test_05748,0.7035460472106934
test_05749,0.9206994771957397
test_05750,0.4895852208137512
test_05751,0.3565441966056824
test_05752,0.9989744424819946
test_05753,0.48713138699531555
test_05754,0.7006006836891174
test_05755,0.03375747427344322
test_05756,0.42694753408432007
test_05757,0.5679646730422974
test_05758,0.8069509863853455
test_05759,0.6981748938560486
test_05760,0.00282565550878644
test_05761,0.9898276329040527
test_05762,0.7931280136108398
test_05763,0.731825590133667
test_05764,0.7868781089782715
test_05765,0.6806266903877258
test_05766,0.12631234526634216
test_05767,0.6924834251403809
test_05768,0.3339217007160187
test_05769,0.04832978546619415
test_05770,0.4694836437702179
test_05771,0.6781513690948486
test_05772,0.6320225596427917
test_05773,0.9279326796531677
test_05774,0.8696073293685913
test_05775,0.4649907648563385
test_05776,0.2662021815776825
test_05777,0.8789179921150208
test_05778,0.1588633954524994
test_05779,0.6518426537513733
test_05780,0.6280866861343384
test_05781,0.7587427496910095
test_05782,0.02788466401398182
test_05783,0.9849727153778076
test_05784,0.613322377204895
test_05785,0.50628262758255
test_05786,0.9124585390090942
test_05787,0.26748523116111755
test_05788,0.7683213949203491
test_05789,0.5357306599617004
test_05790,0.02446131221950054
test_05791,0.5761764049530029
test_05792,0.3876519203186035
test_05793,0.6692652106285095
test_05794,0.3546546399593353
test_05795,0.48581305146217346
test_05796,0.4985998868942261
test_05797,0.3699774146080017
test_05798,0.9944021105766296
test_05799,0.5002734661102295
test_05800,0.9644182324409485
test_05801,0.8466976881027222
test_05802,0.11897926032543182
test_05803,0.6830177903175354
test_05804,0.941565990447998
test_05805,0.6651609539985657
test_05806,0.06262605637311935
test_05807,0.1322605162858963
test_05808,0.3736255466938019
test_05809,0.6829229593276978
test_05810,0.9936112761497498
test_05811,0.5933957099914551
test_05812,0.5866690278053284
test_05813,0.4309995472431183
test_05814,0.8458631038665771
test_05815,0.2640288174152374
test_05816,0.4118039011955261
test_05817,0.8759542107582092
test_05818,0.06757520139217377
test_05819,0.6812284588813782
test_05820,0.0957336351275444
test_05821,0.08413641154766083
test_05822,0.2779131829738617
test_05823,0.9864003658294678
test_05824,0.06807297468185425
test_05825,0.032356567680835724
test_05826,0.9715297818183899
test_05827,1.3144056538294535e-05
test_05828,0.4987911581993103
test_05829,0.24556104838848114
test_05830,0.11283821612596512
test_05831,0.7633838653564453
test_05832,0.38959845900535583
test_05833,0.9546443819999695
test_05834,0.5816669464111328
test_05835,0.06589370220899582
test_05836,0.06222570315003395
test_05837,0.7060948014259338
test_05838,0.965901255607605
test_05839,0.8734841346740723
test_05840,0.8980821371078491
test_05841,0.38265281915664673
test_05842,0.9980652928352356
test_05843,0.3227791488170624
test_05844,0.003279919968917966
test_05845,0.08265075832605362
test_05846,0.4359652101993561
test_05847,0.5446812510490417
test_05848,0.3195827603340149
test_05849,0.796405017375946
test_05850,0.7628856301307678
test_05851,0.9976054430007935
test_05852,0.8272393941879272
test_05853,0.5739256739616394
test_05854,0.4584292471408844
test_05855,0.4906432330608368
test_05856,0.8508512377738953
test_05857,0.9990695118904114
test_05858,0.9157128930091858
test_05859,0.4046472907066345
test_05860,0.6016808748245239
test_05861,0.07826008647680283
test_05862,0.49551790952682495
test_05863,0.8871458172798157
test_05864,0.8196588158607483
test_05865,0.4986036717891693
test_05866,0.6059767007827759
test_05867,0.5881155133247375
test_05868,0.8215014338493347
test_05869,0.7264454364776611
test_05870,0.00015907760825939476
test_05871,0.957843005657196
test_05872,0.6995235681533813
test_05873,0.22923001646995544
test_05874,0.7220298051834106
test_05875,0.09152102470397949
test_05876,0.2863560616970062
test_05877,0.4967547357082367
test_05878,0.8390026688575745
test_05879,0.9773845076560974
test_05880,0.6231277585029602
test_05881,0.753679633140564
test_05882,0.9203892350196838
test_05883,0.9967674016952515
test_05884,0.8264076709747314
test_05885,0.45625537633895874
test_05886,0.49336498975753784
test_05887,0.964451789855957
test_05888,0.23306821286678314
test_05889,0.12646429240703583
test_05890,0.09459581226110458
test_05891,0.15804585814476013
test_05892,0.6211684346199036
test_05893,0.4129326641559601
test_05894,0.2906542718410492
test_05895,0.6205899119377136
test_05896,0.9373189210891724
test_05897,0.5205368399620056
test_05898,0.0198663342744112
test_05899,0.9939790964126587
test_05900,0.35038167238235474
test_05901,0.49776047468185425
test_05902,0.8757383227348328
test_05903,0.9219377040863037
test_05904,0.9074636101722717
test_05905,0.3722461760044098
test_05906,0.03016974776983261
test_05907,0.5171589851379395
test_05908,0.44605621695518494
test_05909,0.7241747975349426
test_05910,0.007950914092361927
test_05911,0.46249738335609436
test_05912,0.14617758989334106
test_05913,0.5014964938163757
test_05914,0.28560003638267517
test_05915,0.9837105870246887
test_05916,0.9904678463935852
test_05917,0.9914433360099792
test_05918,0.6116196513175964
test_05919,0.724604070186615
test_05920,0.9892498254776001
test_05921,0.6464421153068542
test_05922,0.9957560896873474
test_05923,0.17579935491085052
test_05924,0.0008648702641949058
test_05925,0.1608191877603531
test_05926,0.01748530939221382
test_05927,0.3064548075199127
test_05928,0.9067044258117676
test_05929,0.01506720669567585
test_05930,0.9543988108634949
test_05931,0.4961286783218384
test_05932,0.9219456315040588
test_05933,0.7417906522750854
test_05934,0.43055295944213867
test_05935,0.2112138420343399
test_05936,0.2539786100387573
test_05937,0.5605078339576721
test_05938,0.9992820620536804
test_05939,0.5079436302185059
test_05940,0.8851329684257507
test_05941,0.8532347083091736
test_05942,0.6138773560523987
test_05943,0.9644003510475159
test_05944,0.29309311509132385
test_05945,0.6582228541374207
test_05946,0.9950969815254211
test_05947,0.9962798953056335
test_05948,0.11488506942987442
test_05949,0.2519604563713074
test_05950,0.2674952745437622
test_05951,0.3292178511619568
test_05952,0.3388442099094391
test_05953,0.14944879710674286
test_05954,0.1402752548456192
test_05955,0.6373297572135925
test_05956,0.5490778088569641
test_05957,0.9969025254249573
test_05958,0.23408634960651398
test_05959,0.7595179677009583
test_05960,0.974899411201477
test_05961,0.8592156767845154
test_05962,0.6758991479873657
test_05963,0.5791295170783997
test_05964,0.9034090042114258
test_05965,0.06222911551594734
test_05966,0.47644320130348206
test_05967,0.5201272368431091
test_05968,0.9295437335968018
test_05969,0.5629794001579285
test_05970,0.6750757098197937
test_05971,0.26170334219932556
test_05972,0.5127377510070801
test_05973,0.5545485615730286
test_05974,0.6685582995414734
test_05975,0.4701792895793915
test_05976,0.8240171074867249
test_05977,0.08103066682815552
test_05978,0.8891721367835999
test_05979,0.2688206732273102
test_05980,0.9279544353485107
test_05981,0.6226787567138672
test_05982,0.3689071536064148
test_05983,0.054149240255355835
test_05984,0.04437703639268875
test_05985,0.17022697627544403
test_05986,0.9573298692703247
test_05987,0.32170116901397705
test_05988,0.48445311188697815
test_05989,0.6082303524017334
test_05990,0.9713740944862366
test_05991,0.4511954188346863
test_05992,0.992234468460083
test_05993,0.0053250049240887165
test_05994,0.43983930349349976
test_05995,0.49660828709602356
test_05996,0.5555567741394043
test_05997,0.6348896622657776
test_05998,0.38450244069099426
test_05999,0.5958132147789001
test_06000,0.036113202571868896
test_06001,0.9713003039360046
test_06002,0.9980066418647766
test_06003,0.584030270576477
test_06004,0.07017993927001953
test_06005,0.5851916074752808
test_06006,0.9985674619674683
test_06007,0.297844260931015
test_06008,0.5269646048545837
test_06009,0.08172644674777985
test_06010,0.0026187219191342592
test_06011,0.5486862063407898
test_06012,0.48821011185646057
test_06013,0.5844362378120422
test_06014,0.9979523420333862
test_06015,0.004685192368924618
test_06016,0.5770760178565979
test_06017,0.9962978959083557
test_06018,0.9958606362342834
test_06019,0.6857520937919617
test_06020,0.48106062412261963
test_06021,0.6252515316009521
test_06022,0.11202935129404068
test_06023,0.42031389474868774
test_06024,0.8816695809364319
test_06025,0.9607200622558594
test_06026,0.7092269659042358
test_06027,0.8498275876045227
test_06028,0.0441565178334713
test_06029,0.5221990346908569
test_06030,0.8677427768707275
test_06031,0.009135119616985321
test_06032,0.17728593945503235
test_06033,0.2914741635322571
test_06034,0.5875911116600037
test_06035,0.005888943560421467
test_06036,0.9490205645561218
test_06037,0.2324129194021225
test_06038,0.9388052821159363
test_06039,0.33707931637763977
test_06040,0.511664628982544
test_06041,0.47070446610450745
test_06042,0.511400043964386
test_06043,0.7001870274543762
test_06044,0.8037163019180298
test_06045,0.9976365566253662
test_06046,0.46984463930130005
test_06047,0.6371641755104065
test_06048,0.5159536600112915
test_06049,0.31538257002830505
test_06050,0.9240661859512329
test_06051,0.5547192692756653
test_06052,0.21110405027866364
test_06053,0.41104766726493835
test_06054,0.687988817691803
test_06055,0.33735689520835876
test_06056,0.9983364939689636
test_06057,0.17598895728588104
test_06058,0.6736916303634644
test_06059,0.8366349935531616
test_06060,0.9432587027549744
test_06061,0.3696709871292114
test_06062,0.4994249939918518
test_06063,0.4950815439224243
test_06064,0.9898631572723389
test_06065,0.014282068237662315
test_06066,0.1477465182542801
test_06067,0.5921816825866699
test_06068,0.9356339573860168
test_06069,0.49373865127563477
test_06070,0.4393169581890106
test_06071,0.7212700247764587
test_06072,0.013759535737335682
test_06073,0.6070006489753723
test_06074,0.667295515537262
test_06075,0.06398662179708481
test_06076,0.9970671534538269
test_06077,0.7355374693870544
test_06078,0.39151501655578613
test_06079,0.8031141757965088
test_06080,0.9625601768493652
test_06081,0.5848554372787476
test_06082,0.5615048408508301
test_06083,0.9344443678855896
test_06084,0.7807795405387878
test_06085,0.7811679244041443
test_06086,0.14445216953754425
test_06087,0.31757447123527527
test_06088,0.5215489268302917
test_06089,0.9290173053741455
test_06090,0.8575027585029602
test_06091,0.6843001246452332
test_06092,0.8159265518188477
test_06093,0.47167298197746277
test_06094,0.6374883055686951
test_06095,0.9956786036491394
test_06096,0.773129940032959
test_06097,0.596276581287384
test_06098,0.10805250704288483
test_06099,0.5866685509681702
test_06100,0.05212399363517761
test_06101,0.33106327056884766
test_06102,0.13646991550922394
test_06103,0.9995331764221191
test_06104,0.4826725721359253
test_06105,0.9999653100967407
test_06106,0.9128143787384033
test_06107,0.49302202463150024
test_06108,0.3846929967403412
test_06109,0.10292867571115494
test_06110,0.548738420009613
test_06111,0.016322985291481018
test_06112,0.9672805666923523
test_06113,0.25935113430023193
test_06114,0.5791816115379333
test_06115,0.9935611486434937
test_06116,0.5371590852737427
test_06117,0.004890687298029661
test_06118,0.8190205097198486
test_06119,0.8832354545593262
test_06120,0.7911033630371094
test_06121,0.7581672668457031
test_06122,0.4490537643432617
test_06123,0.01059287041425705
test_06124,0.8806549310684204
test_06125,0.0359828844666481
test_06126,0.5620383024215698
test_06127,0.9600536823272705
test_06128,0.3010447025299072
test_06129,0.8073752522468567
test_06130,0.5264648199081421
test_06131,0.1939181685447693
test_06132,0.9907073974609375
test_06133,0.42650657892227173
test_06134,0.24615360796451569
test_06135,0.23274752497673035
test_06136,0.4807796776294708
test_06137,0.9011386632919312
test_06138,0.3236188590526581
test_06139,0.9938534498214722
test_06140,0.5488176941871643
test_06141,0.43387195467948914
test_06142,0.22453585267066956
test_06143,0.5265952944755554
test_06144,0.5613648891448975
test_06145,0.5942544937133789
test_06146,0.21858932077884674
test_06147,0.2691289186477661
test_06148,0.42293795943260193
test_06149,0.024646993726491928
test_06150,0.926585853099823
test_06151,0.552520215511322
test_06152,0.20051230490207672
test_06153,0.7839921712875366
test_06154,0.50997394323349
test_06155,0.4870513379573822
test_06156,0.6273413896560669
test_06157,0.595414936542511
test_06158,0.6205133199691772
test_06159,0.5049028396606445
test_06160,0.9824441075325012
test_06161,0.19095201790332794
test_06162,0.5898017883300781
test_06163,0.6092700362205505
test_06164,0.7208331823348999
test_06165,0.5241624116897583
test_06166,0.5574734210968018
test_06167,0.6905525922775269
test_06168,0.6106420159339905
test_06169,0.9966756105422974
test_06170,0.0446239672601223
test_06171,0.1489594429731369
test_06172,0.8686210513114929
test_06173,0.7206711173057556
test_06174,0.14646564424037933
test_06175,0.006907461676746607
test_06176,0.8136891722679138
test_06177,0.9984305500984192
test_06178,0.3801637291908264
test_06179,0.004054287914186716
test_06180,0.9791290760040283
test_06181,0.5866170525550842
test_06182,0.01775285415351391
test_06183,0.9672391414642334
test_06184,0.47666695713996887
test_06185,0.9600297212600708
test_06186,0.8125886917114258
test_06187,0.45791324973106384
test_06188,0.8033396601676941
test_06189,0.7048094868659973
test_06190,0.5091156959533691
test_06191,0.002562168287113309
test_06192,0.9440391063690186
test_06193,0.9294547438621521
test_06194,0.46583637595176697
test_06195,0.41303345561027527
test_06196,0.11643682420253754
test_06197,0.6169080138206482
test_06198,0.6324611306190491
test_06199,0.04043654724955559
test_06200,0.9250237941741943
test_06201,0.8789012432098389
test_06202,0.07685770839452744
test_06203,0.9589858651161194
test_06204,0.7899857759475708
test_06205,0.5581974983215332
test_06206,0.8407675623893738
test_06207,0.5792347192764282
test_06208,0.5231133103370667
test_06209,0.43762779235839844
test_06210,0.060514409095048904
test_06211,0.28445154428482056
test_06212,0.9986063838005066
test_06213,0.741793692111969
test_06214,0.4319925308227539
test_06215,0.3855742812156677
test_06216,0.1956527978181839
test_06217,0.873797595500946
test_06218,0.7860996127128601
test_06219,0.3691166937351227
test_06220,0.4190947115421295
test_06221,0.023635651916265488
test_06222,0.16079188883304596
test_06223,0.5623427629470825
test_06224,0.7906635403633118
test_06225,0.6700766086578369
test_06226,0.8105093240737915
test_06227,0.09166465699672699
test_06228,0.08606500178575516
test_06229,8.955712837632746e-05
test_06230,0.8642439246177673
test_06231,0.013371795415878296
test_06232,0.5882854461669922
test_06233,0.7738588452339172
test_06234,0.8704583644866943
test_06235,0.4498547613620758
test_06236,0.41718196868896484
test_06237,0.6589040756225586
test_06238,0.4574242830276489
test_06239,0.15293188393115997
test_06240,0.8180835843086243
test_06241,0.6946326494216919
test_06242,0.15992893278598785
test_06243,0.936704158782959
test_06244,0.8334150910377502
test_06245,0.5352011919021606
test_06246,0.6790301203727722
test_06247,0.564873456954956
test_06248,0.6609708070755005
test_06249,0.7183300256729126
test_06250,0.9937766790390015
test_06251,0.2553310990333557
test_06252,0.6792513132095337
test_06253,0.4516347050666809
test_06254,0.8388192057609558
test_06255,0.2721841633319855
test_06256,0.21802115440368652
test_06257,0.7630115747451782
test_06258,0.4764273464679718
test_06259,0.11021918803453445
test_06260,0.9227450489997864
test_06261,0.37289026379585266
test_06262,0.9070149064064026
test_06263,0.41123175621032715
test_06264,0.4267147481441498
test_06265,0.5146569013595581
test_06266,0.8061063885688782
test_06267,0.5196487903594971
test_06268,0.9903466105461121
test_06269,0.679479718208313
test_06270,0.49189671874046326
test_06271,0.9777368903160095
test_06272,0.8924165964126587
test_06273,0.6652012467384338
test_06274,0.5032312870025635
test_06275,0.8816520571708679
test_06276,0.23145155608654022
test_06277,0.6571254134178162
test_06278,0.09489468485116959
test_06279,0.23577146232128143
test_06280,0.4444548189640045
test_06281,0.8318676352500916
test_06282,0.6155871152877808
test_06283,0.2106616199016571
test_06284,0.5355490446090698
test_06285,0.8232461810112
test_06286,0.49424436688423157
test_06287,0.5957924127578735
test_06288,0.334424763917923
test_06289,0.9974023699760437
test_06290,0.4780943989753723
test_06291,0.9885302186012268
test_06292,0.05739250034093857
test_06293,0.29806283116340637
test_06294,0.519107460975647
test_06295,0.03595796599984169
test_06296,0.4164523184299469
test_06297,0.8211845755577087
test_06298,0.9639666080474854
test_06299,0.6109017729759216
test_06300,0.8621641397476196
test_06301,0.0910210907459259
test_06302,0.43187522888183594
test_06303,0.7425988912582397
test_06304,0.5268971920013428
test_06305,0.635796844959259
test_06306,0.03188243508338928
test_06307,0.257303923368454
test_06308,0.2658877372741699
test_06309,0.681799590587616
test_06310,0.9337493181228638
test_06311,0.6409345865249634
test_06312,0.790642499923706
test_06313,0.9890578389167786
test_06314,0.5157470107078552
test_06315,0.4724266529083252
test_06316,0.24479606747627258
test_06317,0.5905840992927551
test_06318,0.7603601813316345
test_06319,0.6896210312843323
test_06320,0.9999653100967407
test_06321,0.9988111257553101
test_06322,0.057102713733911514
test_06323,0.5800080895423889
test_06324,0.027603905647993088
test_06325,0.7830013036727905
test_06326,0.8882348537445068
test_06327,0.006807447876781225
test_06328,0.22228610515594482
test_06329,0.06803334504365921
test_06330,0.06492405384778976
test_06331,0.48444437980651855
test_06332,0.30509430170059204
test_06333,0.9714825749397278
test_06334,0.6817575097084045
test_06335,0.5497680902481079
test_06336,0.6146909594535828
test_06337,0.4343832731246948
test_06338,0.3433074653148651
test_06339,0.9490885138511658
test_06340,0.13755542039871216
test_06341,0.8860764503479004
test_06342,0.7910284996032715
test_06343,0.9053723216056824
test_06344,0.6192892789840698
test_06345,0.516209602355957
test_06346,0.47110575437545776
test_06347,0.33115941286087036
test_06348,0.6326002478599548
test_06349,0.2961019277572632
test_06350,0.8272778987884521
test_06351,0.8464140295982361
test_06352,0.8641324639320374
test_06353,0.24057208001613617
test_06354,0.420714408159256
test_06355,0.8490246534347534
test_06356,0.9965925812721252
test_06357,0.3072282373905182
test_06358,0.5848695039749146
test_06359,0.862731397151947
test_06360,0.6383603811264038
test_06361,0.4719873070716858
test_06362,0.3459729552268982
test_06363,0.614395260810852
test_06364,0.5348817110061646
test_06365,0.40971341729164124
test_06366,0.19730935990810394
test_06367,0.6145653128623962
test_06368,0.5517362356185913
test_06369,0.031001059338450432
test_06370,0.9911790490150452
test_06371,0.3145677149295807
test_06372,0.9992617964744568
test_06373,0.9916587471961975
test_06374,0.999488115310669
test_06375,0.39442816376686096
test_06376,0.6176546216011047
test_06377,0.5528929829597473
test_06378,0.8015923500061035
test_06379,0.08063162863254547
test_06380,0.8878172636032104
test_06381,8.567274926463142e-05
test_06382,0.9707719087600708
test_06383,0.09211308509111404
test_06384,0.7139800786972046
test_06385,0.5218576192855835
test_06386,0.9800432920455933
test_06387,0.517060399055481
test_06388,0.7713422775268555
test_06389,0.32001131772994995
test_06390,0.7152783274650574
test_06391,0.08570101857185364
test_06392,0.5644561052322388
test_06393,0.16692723333835602
test_06394,0.7754068374633789
test_06395,0.2543908357620239
test_06396,0.21425804495811462
test_06397,0.023020640015602112
test_06398,0.4666852653026581
test_06399,0.06839656084775925
test_06400,0.72328120470047
test_06401,0.7372987866401672
test_06402,0.11058555543422699
test_06403,0.515712320804596
test_06404,0.46989747881889343
test_06405,0.008677289821207523
test_06406,0.46071943640708923
test_06407,0.49139603972435
test_06408,0.14414621889591217
test_06409,0.46107643842697144
test_06410,0.9097734689712524
test_06411,0.24028585851192474
test_06412,0.5415370464324951
test_06413,0.4705384075641632
test_06414,0.994620680809021
test_06415,0.39160481095314026
test_06416,0.18356846272945404
test_06417,0.9889616370201111
test_06418,0.21197810769081116
test_06419,0.9993140697479248
test_06420,0.5636644959449768
test_06421,0.5281989574432373
test_06422,0.544163703918457
test_06423,0.9997215867042542
test_06424,0.42359766364097595
test_06425,0.4627615511417389
test_06426,0.17322827875614166
test_06427,0.011226549744606018
test_06428,0.7118821740150452
test_06429,0.5674872398376465
test_06430,0.9681366682052612
test_06431,0.8407491445541382
test_06432,0.032948192209005356
test_06433,0.46733206510543823
test_06434,0.14255283772945404
test_06435,0.03822166100144386
test_06436,0.26568523049354553
test_06437,0.985171377658844
test_06438,0.07297655940055847
test_06439,0.9915709495544434
test_06440,0.12121441960334778
test_06441,0.5631527304649353
test_06442,0.31194305419921875
test_06443,0.5344208478927612
test_06444,0.09333229064941406
test_06445,0.9212354421615601
test_06446,0.5772708058357239
test_06447,0.46733400225639343
test_06448,0.9627622365951538
test_06449,0.08408369868993759
test_06450,0.8826115131378174
test_06451,0.954707682132721
test_06452,0.5836874842643738
test_06453,0.09849171340465546
test_06454,0.739014744758606
test_06455,0.928167998790741
test_06456,0.81095290184021
test_06457,0.20669420063495636
test_06458,0.050393246114254
test_06459,0.2955508232116699
test_06460,0.6460319757461548
test_06461,0.9793923497200012
test_06462,0.4144427478313446
test_06463,0.6174014210700989
test_06464,0.08923275023698807
test_06465,0.3748324513435364
test_06466,0.4889332950115204
test_06467,0.36143192648887634
test_06468,0.049180809408426285
test_06469,0.8717332482337952
test_06470,0.6124686598777771
test_06471,0.2614735960960388
test_06472,0.15825411677360535
test_06473,0.9744078516960144
test_06474,0.997724711894989
test_06475,0.46483686566352844
test_06476,0.05786433070898056
test_06477,0.05199158564209938
test_06478,0.4686778485774994
test_06479,0.9831851124763489
test_06480,0.44384902715682983
test_06481,0.30169588327407837
test_06482,0.29822859168052673
test_06483,0.5581904053688049
test_06484,5.027338193031028e-05
test_06485,0.9613879919052124
test_06486,0.9690030217170715
test_06487,0.07311799377202988
test_06488,0.7050276398658752
test_06489,0.9011989831924438
test_06490,0.9999364614486694
test_06491,0.44171035289764404
test_06492,0.3354772627353668
test_06493,0.23435233533382416
test_06494,0.4372194707393646
test_06495,0.8140817284584045
test_06496,0.9896663427352905
test_06497,0.9445586204528809
test_06498,0.19153669476509094
test_06499,0.6273735165596008
test_06500,0.454042911529541
test_06501,0.7913609147071838
test_06502,0.7162572741508484
test_06503,0.14344412088394165
test_06504,0.6779987812042236
test_06505,0.004360835067927837
test_06506,0.1011967584490776
test_06507,0.5150237679481506
test_06508,0.5283931493759155
test_06509,0.9992662072181702
test_06510,0.914792537689209
test_06511,0.07917776703834534
test_06512,0.6215834617614746
test_06513,0.44966286420822144
test_06514,0.07995492964982986
test_06515,0.8971609473228455
test_06516,0.9981076717376709
test_06517,0.9557211399078369
test_06518,0.3792654275894165
test_06519,0.9813329577445984
test_06520,0.08211379498243332
test_06521,0.8018548488616943
test_06522,0.6763502955436707
test_06523,0.8919065594673157
test_06524,0.39154770970344543
test_06525,0.9928225874900818
test_06526,0.6768804788589478
test_06527,0.09983748942613602
test_06528,0.8843772411346436
test_06529,0.7177237868309021
test_06530,0.9679476618766785
test_06531,0.17603974044322968
test_06532,0.8711392879486084
test_06533,0.9951815009117126
test_06534,0.8147044777870178
test_06535,0.27350515127182007
test_06536,0.11683079600334167
test_06537,0.06821136176586151
test_06538,0.5729422569274902
test_06539,0.6349120736122131
test_06540,0.559805691242218
test_06541,0.8637488484382629
test_06542,0.5304316878318787
test_06543,0.3393104374408722
test_06544,0.7495153546333313
test_06545,0.9308561086654663
test_06546,0.5886715054512024
test_06547,0.28905734419822693
test_06548,0.8258110284805298
test_06549,0.4700623154640198
test_06550,0.9527155756950378
test_06551,0.5487011075019836
test_06552,0.5453056693077087
test_06553,0.999840259552002
test_06554,0.48497629165649414
test_06555,0.8146967887878418
test_06556,0.99991774559021
test_06557,0.16286133229732513
test_06558,0.03506503254175186
test_06559,0.6347365379333496
test_06560,0.5576173067092896
test_06561,0.7890616059303284
test_06562,0.010470004752278328
test_06563,0.5289608836174011
test_06564,0.2075800746679306
test_06565,0.4391579329967499
test_06566,0.292276531457901
test_06567,0.04386401176452637
test_06568,0.4859566390514374
test_06569,0.3422080874443054
test_06570,0.9933996200561523
test_06571,0.27223828434944153
test_06572,0.5207211375236511
test_06573,0.6011829972267151
test_06574,0.353971928358078
test_06575,0.7711824178695679
test_06576,0.8616520762443542
test_06577,0.6818371415138245
test_06578,0.9453096389770508
test_06579,0.1888241022825241
test_06580,0.9757776260375977
test_06581,0.15714189410209656
test_06582,0.5458947420120239
test_06583,0.03064742125570774
test_06584,0.0562584288418293
test_06585,0.9284400343894958
test_06586,0.8592078685760498
test_06587,0.6564721465110779
test_06588,0.45491740107536316
test_06589,0.005972194951027632
test_06590,0.797522246837616
test_06591,0.8916516900062561
test_06592,0.7242113351821899
test_06593,0.41289034485816956
test_06594,0.6042435169219971
test_06595,0.5676381587982178
test_06596,0.75300133228302
test_06597,0.5594715476036072
test_06598,0.03495251014828682
test_06599,0.043965838849544525
test_06600,0.10171332210302353
test_06601,0.5086808800697327
test_06602,0.5858333110809326
test_06603,0.4786207675933838
test_06604,0.23804962635040283
test_06605,0.36415165662765503
test_06606,0.8067290782928467
test_06607,0.02030450850725174
test_06608,0.1344107836484909
test_06609,0.9736121296882629
test_06610,0.6603960394859314
test_06611,0.7114978432655334
test_06612,0.446708083152771
test_06613,0.006781698204576969
test_06614,0.36573347449302673
test_06615,0.7472583651542664
test_06616,0.5782316327095032
test_06617,0.26585230231285095
test_06618,0.9431201815605164
test_06619,0.32915976643562317
test_06620,0.5458465218544006
test_06621,0.41557133197784424
test_06622,0.01194852776825428
test_06623,0.7966645359992981
test_06624,0.9980454444885254
test_06625,0.009761210530996323
test_06626,0.6476638317108154
test_06627,0.8214158415794373
test_06628,0.5454307198524475
test_06629,0.007017029915004969
test_06630,0.5906029343605042
test_06631,0.9888084530830383
test_06632,0.6121677160263062
test_06633,0.10949090123176575
test_06634,0.7349370121955872
test_06635,0.5251476764678955
test_06636,0.31320416927337646
test_06637,0.9256276488304138
test_06638,0.5463594198226929
test_06639,0.6842250227928162
test_06640,0.9232805967330933
test_06641,0.6091025471687317
test_06642,0.5686418414115906
test_06643,0.6217272877693176
test_06644,0.9998447895050049
test_06645,0.7593329548835754
test_06646,0.526822566986084
test_06647,0.615331768989563
test_06648,0.8595340847969055
test_06649,0.7074694633483887
test_06650,0.0006623169756494462
test_06651,0.9281425476074219
test_06652,0.9482947587966919
test_06653,0.9738698601722717
test_06654,0.5618428587913513
test_06655,0.08461783826351166
test_06656,0.7699666619300842
test_06657,0.9866142868995667
test_06658,0.06026909872889519
test_06659,0.057587530463933945
test_06660,0.43875110149383545
test_06661,0.2846522629261017
test_06662,0.7277680039405823
test_06663,2.408000364084728e-05
test_06664,0.8477115631103516
test_06665,0.8737371563911438
test_06666,0.46167129278182983
test_06667,0.6708959341049194
test_06668,0.5097916126251221
test_06669,0.3925829827785492
test_06670,0.8030041456222534
test_06671,0.7168142199516296
test_06672,0.6341637969017029
test_06673,0.6936072111129761
test_06674,0.4125814735889435
test_06675,0.8285699486732483
test_06676,0.6115255355834961
test_06677,0.8939110636711121
test_06678,0.7326821088790894
test_06679,0.9550356268882751
test_06680,0.13119177520275116
test_06681,0.9913105964660645
test_06682,0.6776435971260071
test_06683,0.5395194888114929
test_06684,0.9802026748657227
test_06685,0.8637657761573792
test_06686,0.5959339737892151
test_06687,0.3813990652561188
test_06688,0.105697400867939
test_06689,0.36095958948135376
test_06690,0.05316741392016411
test_06691,0.003143028821796179
test_06692,0.8962144255638123
test_06693,0.8737108707427979
test_06694,0.6749223470687866
test_06695,0.1842811405658722
test_06696,0.9012506604194641
test_06697,0.9097896218299866
test_06698,0.07183246314525604
test_06699,0.4726244807243347
test_06700,0.9998539686203003
test_06701,0.4723328649997711
test_06702,0.32160380482673645
test_06703,0.12665829062461853
test_06704,0.9677760004997253
test_06705,0.6849157810211182
test_06706,0.5876431465148926
test_06707,0.3080996870994568
test_06708,0.9824893474578857
test_06709,0.9654465913772583
test_06710,0.700453519821167
test_06711,0.7708327174186707
test_06712,0.2547571659088135
test_06713,0.511427640914917
test_06714,0.4954136908054352
test_06715,0.7779248356819153
test_06716,0.9239948391914368
test_06717,0.7722660303115845
test_06718,0.4482807517051697
test_06719,0.5227835178375244
test_06720,0.6766500473022461
test_06721,0.5798892378807068
test_06722,0.30904653668403625
test_06723,0.39556825160980225
test_06724,0.4929298460483551
test_06725,0.4059975743293762
test_06726,0.4362039268016815
test_06727,0.7999242544174194
test_06728,0.9859915375709534
test_06729,0.05076765641570091
test_06730,0.4778064489364624
test_06731,0.7701756358146667
test_06732,0.03771864250302315
test_06733,0.1554132103919983
test_06734,0.9266360402107239
test_06735,0.6607558131217957
test_06736,0.8248944282531738
test_06737,0.9999687671661377
test_06738,0.05051867291331291
test_06739,0.998863935470581
test_06740,0.060270145535469055
test_06741,0.4785802364349365
test_06742,0.9268488883972168
test_06743,0.15063847601413727
test_06744,0.5494644641876221
test_06745,0.21731722354888916
test_06746,0.5308106541633606
test_06747,0.5526224374771118
test_06748,0.5015702843666077
test_06749,0.32275742292404175
test_06750,0.4816768169403076
test_06751,0.573424756526947
test_06752,0.0963229238986969
test_06753,0.08700038492679596
test_06754,0.4399316906929016
test_06755,0.9306929111480713
test_06756,0.18174278736114502
test_06757,0.8707839250564575
test_06758,0.9815636873245239
test_06759,0.38693827390670776
test_06760,0.7257833480834961
test_06761,0.6266983151435852
test_06762,0.004713915288448334
test_06763,0.5176737904548645
test_06764,0.48091500997543335
test_06765,0.9657866954803467
test_06766,0.2407594472169876
test_06767,0.9872356057167053
test_06768,0.5930036306381226
test_06769,0.9999969005584717
test_06770,0.6887773275375366
test_06771,0.48931261897087097
test_06772,0.0458565391600132
test_06773,0.6371015906333923
test_06774,0.5048280358314514
test_06775,0.510784387588501
test_06776,0.8274558782577515
test_06777,0.30269768834114075
test_06778,0.32743039727211
test_06779,0.1400734931230545
test_06780,0.8461552262306213
test_06781,0.40174514055252075
test_06782,0.8882161974906921
test_06783,0.45452815294265747
test_06784,0.7396859526634216
test_06785,0.5348581075668335
test_06786,0.9796435236930847
test_06787,0.5500010848045349
test_06788,0.11895859241485596
test_06789,0.6597035527229309
test_06790,0.8234413862228394
test_06791,0.32416972517967224
test_06792,0.00959655363112688
test_06793,0.6942424774169922
test_06794,0.809687614440918
test_06795,0.8954262137413025
test_06796,0.9619687795639038
test_06797,0.9773812294006348
test_06798,0.6175804734230042
test_06799,0.9606238007545471
test_06800,0.38234880566596985
test_06801,0.008808818645775318
test_06802,0.6464762091636658
test_06803,0.5481178164482117
test_06804,0.6885515451431274
test_06805,0.27965545654296875
test_06806,0.729408323764801
test_06807,0.6081374883651733
test_06808,0.7386669516563416
test_06809,0.5842295289039612
test_06810,0.6216194033622742
test_06811,0.7732768654823303
test_06812,0.00328989140689373
test_06813,0.788655698299408
test_06814,0.9884998202323914
test_06815,0.46631118655204773
test_06816,0.75310879945755
test_06817,0.5290800929069519
test_06818,0.5068709254264832
test_06819,0.6182460188865662
test_06820,0.5400997996330261
test_06821,0.569420337677002
test_06822,0.37313055992126465
test_06823,0.5879927277565002
test_06824,0.9791984558105469
test_06825,0.422931969165802
test_06826,0.6455101370811462
test_06827,0.03800210729241371
test_06828,0.9101508259773254
test_06829,0.42408880591392517
test_06830,0.6403002142906189
test_06831,0.8462966084480286
test_06832,0.22111055254936218
test_06833,0.38838809728622437
test_06834,0.7042516469955444
test_06835,0.0025882204063236713
test_06836,0.69035804271698
test_06837,0.3079012632369995
test_06838,0.9239084124565125
test_06839,0.39611560106277466
test_06840,0.7484288811683655
test_06841,0.36847805976867676
test_06842,0.6166070103645325
test_06843,0.6824615597724915
test_06844,0.02354872226715088
test_06845,0.0020920487586408854
test_06846,0.7997381687164307
test_06847,0.4192042052745819
test_06848,0.6449644565582275
test_06849,0.4301433861255646
test_06850,0.4994334578514099
test_06851,0.5866138339042664
test_06852,0.06008981913328171
test_06853,0.006089066155254841
test_06854,0.4167218804359436
test_06855,0.045894525945186615
test_06856,0.22481687366962433
test_06857,0.5558741688728333
test_06858,0.45609405636787415
test_06859,0.5413584113121033
test_06860,0.4817578196525574
test_06861,0.042986251413822174
test_06862,0.6155123710632324
test_06863,0.7919022440910339
test_06864,0.9418436884880066
test_06865,0.8754667043685913
test_06866,0.591985821723938
test_06867,0.5489752292633057
test_06868,0.6817784309387207
test_06869,0.5543673634529114
test_06870,0.9086929559707642
test_06871,0.5004048943519592
test_06872,0.7509214282035828
test_06873,0.7352010607719421
test_06874,0.7552729249000549
test_06875,0.8925057649612427
test_06876,0.3203057646751404
test_06877,0.8728732466697693
test_06878,0.32708558440208435
test_06879,0.5289868712425232
test_06880,0.5377359986305237
test_06881,0.5880253314971924
test_06882,0.9263452887535095
test_06883,0.705549955368042
test_06884,0.005533057264983654
test_06885,0.5290089845657349
test_06886,0.09852389991283417
test_06887,0.9249356985092163
test_06888,0.8348408937454224
test_06889,0.47297942638397217
test_06890,0.7864735126495361
test_06891,0.8399413228034973
test_06892,0.478174090385437
test_06893,0.6205758452415466
test_06894,0.1004725843667984
test_06895,0.4861731231212616
test_06896,0.9972189664840698
test_06897,0.7832616567611694
test_06898,0.437790185213089
test_06899,0.03591451793909073
test_06900,0.8633649349212646
test_06901,0.03118647076189518
test_06902,0.7773433327674866
test_06903,0.43914225697517395
test_06904,0.971659779548645
test_06905,0.9957093000411987
test_06906,0.6540146470069885
test_06907,0.9701964855194092
test_06908,0.9499857425689697
test_06909,0.32063114643096924
test_06910,0.041830312460660934
test_06911,0.6163617968559265
test_06912,0.604947566986084
test_06913,0.22632867097854614
test_06914,0.8524873852729797
test_06915,0.9519472718238831
test_06916,0.6068943738937378
test_06917,0.451351523399353
test_06918,0.9649888873100281
test_06919,0.739129364490509
test_06920,0.09659315645694733
test_06921,0.3473816514015198
test_06922,0.9695810675621033
test_06923,0.234748974442482
test_06924,0.8757089972496033
test_06925,0.5948086977005005
test_06926,0.6755400896072388
test_06927,0.7327418923377991
test_06928,0.6085335612297058
test_06929,0.425744891166687
test_06930,0.35970911383628845
test_06931,0.709471583366394
test_06932,0.9663882851600647
test_06933,0.5604886412620544
test_06934,0.7596784234046936
test_06935,0.6633850932121277
test_06936,0.5102166533470154
test_06937,0.6926528811454773
test_06938,0.30216264724731445
test_06939,0.7525066137313843
test_06940,0.853496789932251
test_06941,0.9450507760047913
test_06942,0.4767807424068451
test_06943,0.6400749087333679
test_06944,0.5759161114692688
test_06945,0.050243012607097626
test_06946,0.6275189518928528
test_06947,0.6550963521003723
test_06948,0.6530789136886597
test_06949,0.8289984464645386
test_06950,0.9906522035598755
test_06951,0.5281606912612915
test_06952,0.8498876690864563
test_06953,0.8340014219284058
test_06954,0.6092134118080139
test_06955,0.8093683123588562
test_06956,0.6998012661933899
test_06957,0.5834692120552063
test_06958,0.4123944938182831
test_06959,0.0022458129096776247
test_06960,0.05737766996026039
test_06961,0.6406344175338745
test_06962,0.4139972925186157
test_06963,0.6142065525054932
test_06964,0.8683692216873169
test_06965,0.6201238632202148
test_06966,0.9384538531303406
test_06967,0.6791418790817261
test_06968,0.06688074767589569
test_06969,0.17172756791114807
test_06970,0.969754159450531
test_06971,0.18750964105129242
test_06972,0.7783221006393433
test_06973,0.8236548900604248
test_06974,0.5956674218177795
test_06975,0.5848855972290039
test_06976,0.8465803265571594
test_06977,0.7991408109664917
test_06978,0.9696704149246216
test_06979,0.04138318821787834
test_06980,0.6307067275047302
test_06981,0.9111793041229248
test_06982,0.7669716477394104
test_06983,0.299053430557251
test_06984,0.490618497133255
test_06985,0.028437674045562744
test_06986,0.966053307056427
test_06987,0.8875443935394287
test_06988,0.8991002440452576
test_06989,0.9010564684867859
test_06990,0.6811635494232178
test_06991,0.6801608204841614
test_06992,0.8870197534561157
test_06993,0.9379815459251404
test_06994,0.6697075366973877
test_06995,0.40911877155303955
test_06996,0.5533050894737244
test_06997,0.6189911365509033
test_06998,0.1768571436405182
test_06999,0.9945500493049622
test_07000,0.6995310187339783
test_07001,0.535511314868927
test_07002,0.8891385793685913
test_07003,0.06127503514289856
test_07004,0.947089433670044
test_07005,0.5164170265197754
test_07006,0.4400906264781952
test_07007,0.33598461747169495
test_07008,0.7915279269218445
test_07009,0.547007143497467
test_07010,0.6399611234664917
test_07011,0.39129510521888733
test_07012,0.854828417301178
test_07013,0.11836354434490204
test_07014,0.933040201663971
test_07015,0.5503482222557068
test_07016,0.4101405441761017
test_07017,0.6228797435760498
test_07018,0.9483461380004883
test_07019,0.4054301381111145
test_07020,0.9690998792648315
test_07021,0.08507329970598221
test_07022,0.033170539885759354
test_07023,0.4829813838005066
test_07024,0.8915163278579712
test_07025,0.004193572793155909
test_07026,0.9938528537750244
test_07027,0.0886983647942543
test_07028,0.29135051369667053
test_07029,0.45312583446502686
test_07030,0.7458228468894958
test_07031,0.9033942222595215
test_07032,0.26861438155174255
test_07033,0.2151484489440918
test_07034,0.0035331689286977053
test_07035,0.8005570769309998
test_07036,0.7392182946205139
test_07037,0.11729706823825836
test_07038,0.549807608127594
test_07039,0.01888424903154373
test_07040,0.6595696210861206
test_07041,0.7838060259819031
test_07042,0.9878978133201599
test_07043,0.8092738389968872
test_07044,0.9532082080841064
test_07045,0.33217689394950867
test_07046,0.7397630214691162
test_07047,0.9873170256614685
test_07048,0.029585525393486023
test_07049,0.5349492430686951
test_07050,0.35040926933288574
test_07051,0.5673322081565857
test_07052,0.22705699503421783
test_07053,0.6347885131835938
test_07054,0.5498473644256592
test_07055,0.771852970123291
test_07056,0.7567262053489685
test_07057,0.14600352942943573
test_07058,0.5685240626335144
test_07059,0.7439820766448975
test_07060,0.7933511734008789
test_07061,0.4447720944881439
test_07062,0.1414472460746765
test_07063,0.3316706120967865
test_07064,0.10257059335708618
test_07065,0.6708662509918213
test_07066,0.6530013680458069
test_07067,0.9066346287727356
test_07068,0.6948586702346802
test_07069,0.7782413363456726
test_07070,0.5291339159011841
test_07071,0.21013794839382172
test_07072,0.509956955909729
test_07073,0.8079334497451782
test_07074,0.9844638705253601
test_07075,0.4404483437538147
test_07076,0.9969647526741028
test_07077,0.5213227868080139
test_07078,0.9326186180114746
test_07079,0.7308915853500366
test_07080,0.5395544171333313
test_07081,0.9623233079910278
test_07082,0.6007069945335388
test_07083,0.21654266119003296
test_07084,0.1374852955341339
test_07085,0.6003615260124207
test_07086,0.709490954875946
test_07087,0.002689272863790393
test_07088,0.03364303335547447
test_07089,0.17484338581562042
test_07090,0.013895686715841293
test_07091,0.8089612126350403
test_07092,0.6934083104133606
test_07093,0.48862987756729126
test_07094,0.5465078353881836
test_07095,0.1840398758649826
test_07096,0.7372514605522156
test_07097,0.7169061303138733
test_07098,0.9808973670005798
test_07099,0.9722651839256287
test_07100,0.5654734969139099
test_07101,0.27521955966949463
test_07102,0.0174210537225008
test_07103,0.7334245443344116
test_07104,0.8597232103347778
test_07105,0.04789869114756584
test_07106,0.9985450506210327
test_07107,0.8686079978942871
test_07108,0.4719214141368866
test_07109,0.37588396668434143
test_07110,0.6538360714912415
test_07111,0.815632164478302
test_07112,0.029822930693626404
test_07113,0.11293720453977585
test_07114,0.7791510224342346
test_07115,0.5014570355415344
test_07116,0.834517776966095
test_07117,0.390672892332077
test_07118,0.4367848336696625
test_07119,0.43750956654548645
test_07120,0.44482162594795227
test_07121,0.3002844452857971
test_07122,0.48389142751693726
test_07123,0.5227994918823242
test_07124,0.6959257125854492
test_07125,0.9798506498336792
test_07126,0.5154310464859009
test_07127,0.06751754879951477
test_07128,0.027783604338765144
test_07129,0.0013256800593808293
test_07130,0.8267675638198853
test_07131,0.7691220641136169
test_07132,0.08294129371643066
test_07133,0.18799610435962677
test_07134,0.030264675617218018
test_07135,0.020059974864125252
test_07136,0.7852623462677002
test_07137,0.24172617495059967
test_07138,0.8789449334144592
test_07139,0.11505941301584244
test_07140,0.4360593557357788
test_07141,0.4860091805458069
test_07142,0.5985990762710571
test_07143,0.5074677467346191
test_07144,0.057776518166065216
test_07145,0.40945208072662354
test_07146,0.6332476735115051
test_07147,0.39792102575302124
test_07148,0.7447883486747742
test_07149,0.22862058877944946
test_07150,0.5503115057945251
test_07151,0.8207290172576904
test_07152,0.20958973467350006
test_07153,0.6029990315437317
test_07154,0.8479906916618347
test_07155,0.5720796585083008
test_07156,0.5302384495735168
test_07157,0.9992644190788269
test_07158,0.9993299245834351
test_07159,0.24280992150306702
test_07160,0.21726898849010468
test_07161,0.08505767583847046
test_07162,0.8515499830245972
test_07163,0.5525211691856384
test_07164,0.4985525906085968
test_07165,0.4933975040912628
test_07166,0.949344277381897
test_07167,0.3225845992565155
test_07168,0.631679356098175
test_07169,0.14741112291812897
test_07170,0.9988806843757629
test_07171,0.37748393416404724
test_07172,0.9821634292602539
test_07173,0.6835084557533264
test_07174,0.2534961402416229
test_07175,0.9346394538879395
test_07176,0.6778090596199036
test_07177,0.9482066631317139
test_07178,0.9369530081748962
test_07179,0.42225295305252075
test_07180,0.44588810205459595
test_07181,0.5040814876556396
test_07182,0.49746498465538025
test_07183,0.01605241745710373
test_07184,0.6623978614807129
test_07185,0.25729408860206604
test_07186,0.4528738558292389
test_07187,0.5698214769363403
test_07188,0.5117621421813965
test_07189,0.42971256375312805
test_07190,0.2647603750228882
test_07191,0.5044035315513611
test_07192,0.9649054408073425
test_07193,0.9558874368667603
test_07194,0.8380112051963806
test_07195,0.542588472366333
test_07196,0.9935334920883179
test_07197,0.034075964242219925
test_07198,0.21623097360134125
test_07199,0.5626136064529419
test_07200,0.8114147186279297
test_07201,0.4463005065917969
test_07202,0.3921608030796051
test_07203,0.9808016419410706
test_07204,0.09068779647350311
test_07205,1.4848914361209609e-05
test_07206,0.13968855142593384
test_07207,0.02841511368751526
test_07208,0.5682458877563477
test_07209,0.7377445101737976
test_07210,0.7090518474578857
test_07211,0.6169552803039551
test_07212,0.6903768181800842
test_07213,0.6806260347366333
test_07214,0.9755944609642029
test_07215,0.5056207180023193
test_07216,0.6065766215324402
test_07217,0.006520197726786137
test_07218,0.7324770092964172
test_07219,0.2808997929096222
test_07220,0.8617886900901794
test_07221,0.47635719180107117
test_07222,0.17600131034851074
test_07223,0.5734040141105652
test_07224,0.6127549409866333
test_07225,0.5760491490364075
test_07226,0.25019386410713196
test_07227,0.8779233694076538
test_07228,0.981847882270813
test_07229,0.019264277070760727
test_07230,0.2687274217605591
test_07231,0.3737548589706421
test_07232,0.5433598160743713
test_07233,0.5307708382606506
test_07234,0.9958666563034058
test_07235,0.6431081891059875
test_07236,0.642217218875885
test_07237,0.995764970779419
test_07238,0.19249024987220764
test_07239,0.7951498031616211
test_07240,0.9795745015144348
test_07241,0.010668464004993439
test_07242,0.4816749393939972
test_07243,0.008616093546152115
test_07244,0.014826570637524128
test_07245,0.9147136211395264
test_07246,0.6123118996620178
test_07247,0.6068704128265381
test_07248,0.374240517616272
test_07249,0.9849658012390137
test_07250,0.6221052408218384
test_07251,0.4388812780380249
test_07252,0.24655883014202118
test_07253,0.663625955581665
test_07254,0.15608619153499603
test_07255,0.33381620049476624
test_07256,0.2791461944580078
test_07257,0.946904718875885
test_07258,0.6424086689949036
test_07259,0.572544515132904
test_07260,0.22626249492168427
test_07261,0.0028034558054059744
test_07262,0.20676420629024506
test_07263,0.5939756631851196
test_07264,0.5099801421165466
test_07265,0.8370816111564636
test_07266,0.9683353900909424
test_07267,0.5761719942092896
test_07268,0.7274435758590698
test_07269,0.8521213531494141
test_07270,0.24851016700267792
test_07271,0.8468822240829468
test_07272,0.611311674118042
test_07273,0.6567611694335938
test_07274,0.4878140091896057
test_07275,0.533443808555603
test_07276,0.9799799919128418
test_07277,0.9083729386329651
test_07278,0.5227394104003906
test_07279,0.03795696422457695
test_07280,0.11475156992673874
test_07281,0.07025515288114548
test_07282,0.5622237920761108
test_07283,0.5256234407424927
test_07284,0.3487793803215027
test_07285,0.9945147037506104
test_07286,0.5187145471572876
test_07287,0.14629335701465607
test_07288,0.8264134526252747
test_07289,0.6291602849960327
test_07290,0.8541448712348938
test_07291,0.8153658509254456
test_07292,0.9061436653137207
test_07293,0.14941269159317017
test_07294,0.3707581162452698
test_07295,0.7387706637382507
test_07296,0.0372595489025116
test_07297,0.48445066809654236
test_07298,0.4762870669364929
test_07299,0.6961027979850769
test_07300,0.48471856117248535
test_07301,0.21894888579845428
test_07302,0.3033014237880707
test_07303,0.543410062789917
test_07304,0.32736098766326904
test_07305,0.771052896976471
test_07306,0.4092443585395813
test_07307,0.715908944606781
test_07308,0.12175952643156052
test_07309,0.6094726324081421
test_07310,0.8586081266403198
test_07311,0.037624746561050415
test_07312,0.2537274956703186
test_07313,0.12564530968666077
test_07314,0.3141433894634247
test_07315,0.5645896196365356
test_07316,0.7409684658050537
test_07317,0.9597211480140686
test_07318,0.03872941434383392
test_07319,0.36962947249412537
test_07320,0.9708272814750671
test_07321,0.12133647501468658
test_07322,0.43118906021118164
test_07323,0.9796600937843323
test_07324,0.5081909894943237
test_07325,0.6637929081916809
test_07326,0.5560683012008667
test_07327,0.40936005115509033
test_07328,0.9999960660934448
test_07329,0.4706204831600189
test_07330,0.428579717874527
test_07331,0.9994726777076721
test_07332,0.3871098756790161
test_07333,0.7990818619728088
test_07334,0.39723169803619385
test_07335,0.7019262909889221
test_07336,0.7207735180854797
test_07337,0.457710862159729
test_07338,0.20314240455627441
test_07339,0.12404515594244003
test_07340,0.9654780030250549
test_07341,0.21180185675621033
test_07342,0.7848613262176514
test_07343,0.33469080924987793
test_07344,0.4690580666065216
test_07345,0.5234429240226746
test_07346,0.8556302189826965
test_07347,0.010233164764940739
test_07348,0.999816358089447
test_07349,0.3551327586174011
test_07350,0.5635533928871155
test_07351,0.4643319547176361
test_07352,0.43691521883010864
test_07353,0.18586485087871552
test_07354,0.4572029411792755
test_07355,0.8471548557281494
test_07356,0.8960078954696655
test_07357,0.5362823605537415
test_07358,0.6073994636535645
test_07359,0.6842550039291382
test_07360,0.08029502630233765
test_07361,0.5593598484992981
test_07362,0.6257033944129944
test_07363,0.06936514377593994
test_07364,0.795159101486206
test_07365,0.727340579032898
test_07366,0.9228096008300781
test_07367,0.9738934636116028
test_07368,0.910884439945221
test_07369,0.5408293604850769
test_07370,0.6818519830703735
test_07371,0.49441996216773987
test_07372,0.38043808937072754
test_07373,0.08518984168767929
test_07374,0.3214012682437897
test_07375,0.5363357067108154
test_07376,0.5762729048728943
test_07377,0.8885015845298767
test_07378,0.9980077147483826
test_07379,0.8100122809410095
test_07380,0.3572162389755249
test_07381,0.4681808054447174
test_07382,0.16127784550189972
test_07383,0.6424111723899841
test_07384,0.08806917071342468
test_07385,0.8995924592018127
test_07386,0.5352294445037842
test_07387,0.01639418862760067
test_07388,0.15705245733261108
test_07389,0.39377361536026
test_07390,0.4585491418838501
test_07391,0.9818389415740967
test_07392,0.6087946891784668
test_07393,0.40861713886260986
test_07394,0.9157987833023071
test_07395,0.8338841795921326
test_07396,0.20441795885562897
test_07397,0.9422821998596191
test_07398,0.9073802828788757
test_07399,0.7431852221488953
test_07400,0.24373465776443481
test_07401,0.7512528300285339
test_07402,0.9892628788948059
test_07403,0.009998064488172531
test_07404,0.08913927525281906
test_07405,0.9384680390357971
test_07406,0.22723233699798584
test_07407,0.6505346298217773
test_07408,0.01369986031204462
test_07409,0.569054365158081
test_07410,0.9214248657226562
test_07411,0.39388424158096313
test_07412,0.06742313504219055
test_07413,0.5198132395744324
test_07414,0.40944725275039673
test_07415,0.9508237242698669
test_07416,0.35768088698387146
test_07417,0.12969224154949188
test_07418,0.8960371017456055
test_07419,0.3325057923793793
test_07420,0.05455051362514496
test_07421,0.7179825305938721
test_07422,0.5439528226852417
test_07423,0.73093181848526
test_07424,0.09309805929660797
test_07425,0.6135643124580383
test_07426,0.5672536492347717
test_07427,0.30285272002220154
test_07428,0.40133196115493774
test_07429,0.5015814900398254
test_07430,0.8247954249382019
test_07431,0.9689244627952576
test_07432,0.06874992698431015
test_07433,0.5316091775894165
test_07434,0.0792151391506195
test_07435,0.010109885595738888
test_07436,0.026225894689559937
test_07437,0.13533712923526764
test_07438,0.9909785985946655
test_07439,0.007777341175824404
test_07440,0.8618202209472656
test_07441,0.5309550762176514
test_07442,0.38271793723106384
test_07443,0.8131713271141052
test_07444,0.46934863924980164
test_07445,0.017921900376677513
test_07446,0.09381107985973358
test_07447,0.20182602107524872
test_07448,0.15515156090259552
test_07449,0.42246896028518677
test_07450,1.0
test_07451,0.3237200975418091
test_07452,0.417075514793396
test_07453,0.06492529064416885
test_07454,0.06210834160447121
test_07455,0.4720361828804016
test_07456,0.11531693488359451
test_07457,0.5411413908004761
test_07458,0.8855603933334351
test_07459,0.9314384460449219
test_07460,0.8432067036628723
test_07461,0.7406298518180847
test_07462,0.8129152059555054
test_07463,0.39139822125434875
test_07464,0.08726242184638977
test_07465,0.6146958470344543
test_07466,0.021003833040595055
test_07467,0.4875239431858063
test_07468,0.9950337409973145
test_07469,0.5598010420799255
test_07470,0.992061972618103
test_07471,0.5928106307983398
test_07472,0.511440098285675
test_07473,0.46991464495658875
test_07474,0.14560841023921967
test_07475,0.43243739008903503
test_07476,0.027946749702095985
test_07477,0.10726844519376755
test_07478,0.9634327292442322
test_07479,0.9985631108283997
test_07480,0.5734602212905884
test_07481,0.9842097759246826
test_07482,0.364248126745224
test_07483,0.47717082500457764
test_07484,0.6807945370674133
test_07485,0.44093674421310425
test_07486,0.10996724665164948
test_07487,0.3280010223388672
test_07488,0.5981083512306213
test_07489,0.46011096239089966
test_07490,0.5625954270362854
test_07491,0.3698616325855255
test_07492,0.4533675014972687
test_07493,0.530434787273407
test_07494,0.10342449694871902
test_07495,0.981600284576416
test_07496,0.5293785333633423
test_07497,0.5055481195449829
test_07498,0.6075894236564636
test_07499,0.5810590982437134
test_07500,0.6487168669700623
test_07501,0.05934914946556091
test_07502,0.8889885544776917
test_07503,0.2999092936515808
test_07504,0.74518883228302
test_07505,0.05001512169837952
test_07506,0.1676478385925293
test_07507,0.5455995798110962
test_07508,0.3094711899757385
test_07509,0.9726231098175049
test_07510,0.5811879634857178
test_07511,0.8536269068717957
test_07512,0.41559430956840515
test_07513,0.8320889472961426
test_07514,0.6724834442138672
test_07515,0.9997844099998474
test_07516,0.9999955892562866
test_07517,0.46448856592178345
test_07518,0.05979711934924126
test_07519,0.5148929953575134
test_07520,0.606521487236023
test_07521,0.058851029723882675
test_07522,0.8070952296257019
test_07523,0.543013334274292
test_07524,0.5036201477050781
test_07525,0.32855018973350525
test_07526,0.8729766607284546
test_07527,0.6421200633049011
test_07528,0.9136622548103333
test_07529,0.24094609916210175
test_07530,0.4933207631111145
test_07531,0.5361922383308411
test_07532,0.656535804271698
test_07533,0.7584902048110962
test_07534,0.4876627027988434
test_07535,0.9721542000770569
test_07536,0.39134180545806885
test_07537,0.5182209014892578
test_07538,0.4493943154811859
test_07539,0.3062485456466675
test_07540,0.44071662425994873
test_07541,0.4033086895942688
test_07542,0.504217267036438
test_07543,0.2803814113140106
test_07544,0.4327029585838318
test_07545,0.516671895980835
test_07546,0.3727179169654846
test_07547,0.7844111323356628
test_07548,0.4046773314476013
test_07549,0.7041394710540771
test_07550,0.6102453470230103
test_07551,0.4679670035839081
test_07552,0.724873960018158
test_07553,0.9087514877319336
test_07554,0.9383510947227478
test_07555,0.7646491527557373
test_07556,0.2450600117444992
test_07557,0.9964924454689026
test_07558,0.09267561137676239
test_07559,0.40749892592430115
test_07560,0.4894689619541168
test_07561,0.7317644357681274
test_07562,0.1837584674358368
test_07563,0.9979099631309509
test_07564,0.9095314741134644
test_07565,0.47564196586608887
test_07566,0.5069127082824707
test_07567,0.09247104823589325
test_07568,0.2501790225505829
test_07569,0.5803905725479126
test_07570,0.24620415270328522
test_07571,0.6305800676345825
test_07572,0.8378363847732544
test_07573,0.7934542894363403
test_07574,0.8507735729217529
test_07575,0.3292312026023865
test_07576,0.529741108417511
test_07577,0.5357434153556824
test_07578,0.8727720975875854
test_07579,0.6574931740760803
test_07580,0.7834733128547668
test_07581,0.18879184126853943
test_07582,0.149166539311409
test_07583,0.5369607210159302
test_07584,0.31699374318122864
test_07585,0.5739684700965881
test_07586,0.8671722412109375
test_07587,0.7762883901596069
test_07588,0.6374385356903076
test_07589,0.8118399977684021
test_07590,0.9995613694190979
test_07591,0.096105195581913
test_07592,0.31003233790397644
test_07593,0.8777507543563843
test_07594,0.6109043955802917
test_07595,0.15762782096862793
test_07596,0.8090218305587769
test_07597,0.5298571586608887
test_07598,0.42181161046028137
test_07599,0.7492089867591858
test_07600,0.4966367483139038
test_07601,0.49915000796318054
test_07602,0.10723615437746048
test_07603,0.9815292358398438
test_07604,0.5098021030426025
test_07605,0.5742838382720947
test_07606,0.00017575343372300267
test_07607,0.0034809934441000223
test_07608,0.36691734194755554
test_07609,0.9977855682373047
test_07610,0.2588702440261841
test_07611,0.5645375847816467
test_07612,0.021849432960152626
test_07613,0.5506207942962646
test_07614,0.021648336201906204
test_07615,0.9635213613510132
test_07616,0.44515690207481384
test_07617,0.42562901973724365
test_07618,0.6992199420928955
test_07619,0.12145029753446579
test_07620,0.0737094059586525
test_07621,0.5744324922561646
test_07622,0.4667445123195648
test_07623,0.999332845211029
test_07624,0.05244997888803482
test_07625,0.6836034059524536
test_07626,0.8855960965156555
test_07627,0.6413173675537109
test_07628,0.8206815719604492
test_07629,0.6681841015815735
test_07630,0.532184362411499
test_07631,0.026099974289536476
test_07632,0.3277747929096222
test_07633,0.49853989481925964
test_07634,0.632667601108551
test_07635,0.08478051424026489
test_07636,0.8897581696510315
test_07637,0.5335281491279602
test_07638,0.8396337628364563
test_07639,0.17262743413448334
test_07640,0.6800441741943359
test_07641,0.5706449747085571
test_07642,0.4927594065666199
test_07643,0.9584623575210571
test_07644,0.991880476474762
test_07645,0.13856884837150574
test_07646,0.7109494209289551
test_07647,0.9982274174690247
test_07648,0.29339370131492615
test_07649,0.7213743329048157
test_07650,0.8148896098136902
test_07651,0.16971470415592194
test_07652,0.6592605710029602
test_07653,0.7222334742546082
test_07654,0.6134697794914246
test_07655,0.46645498275756836
test_07656,0.19281336665153503
test_07657,0.9090499877929688
test_07658,0.05369441956281662
test_07659,0.812903106212616
test_07660,0.91567462682724
test_07661,0.9833217859268188
test_07662,0.673639178276062
test_07663,0.6659202575683594
test_07664,0.20554538071155548
test_07665,0.4861500859260559
test_07666,0.8630505800247192
test_07667,0.5788365602493286
test_07668,0.9742777943611145
test_07669,0.9723001718521118
test_07670,0.36038142442703247
test_07671,0.2803650200366974
test_07672,0.5549414753913879
test_07673,0.2574092745780945
test_07674,0.6755785346031189
test_07675,0.39907386898994446
test_07676,0.06390904635190964
test_07677,0.005654296837747097
test_07678,0.8550164103507996
test_07679,0.8352698087692261
test_07680,0.7782906293869019
test_07681,0.21061809360980988
test_07682,0.9357238411903381
test_07683,0.900662362575531
test_07684,0.8194020390510559
test_07685,0.9962402582168579
test_07686,0.4510468542575836
test_07687,0.15723848342895508
test_07688,0.43415144085884094
test_07689,0.10418103635311127
test_07690,0.47007226943969727
test_07691,0.5389391779899597
test_07692,0.5198940634727478
test_07693,0.3182299733161926
test_07694,0.37436893582344055
test_07695,0.443013995885849
test_07696,0.5080509185791016
test_07697,0.6908412575721741
test_07698,0.8924234509468079
test_07699,0.08591832965612411
test_07700,0.5957186222076416
test_07701,0.9575915336608887
test_07702,0.8921926617622375
test_07703,0.988443911075592
test_07704,0.6086083054542542
test_07705,0.19315199553966522
test_07706,0.9948040843009949
test_07707,0.3739146292209625
test_07708,0.9346005320549011
test_07709,0.9752060174942017
test_07710,0.9828178882598877
test_07711,0.64096599817276
test_07712,0.13303890824317932
test_07713,0.5658487677574158
test_07714,0.82877516746521
test_07715,0.997788667678833
test_07716,0.06666823476552963
test_07717,0.0008926606387831271
test_07718,0.3445857763290405
test_07719,0.47135740518569946
test_07720,0.7748529314994812
test_07721,0.02113064005970955
test_07722,0.00952297542244196
test_07723,0.20792339742183685
test_07724,0.8547875285148621
test_07725,0.6703770756721497
test_07726,0.6545132398605347
test_07727,0.43381598591804504
test_07728,0.4619050621986389
test_07729,0.7087447047233582
test_07730,0.638401448726654
test_07731,0.6447997093200684
test_07732,0.513154923915863
test_07733,0.2330401986837387
test_07734,0.8586626052856445
test_07735,0.5831785202026367
test_07736,0.2783583998680115
test_07737,0.0008367964765056968
test_07738,0.8470584750175476
test_07739,0.689333438873291
test_07740,0.44082754850387573
test_07741,0.9758020043373108
test_07742,0.17781972885131836
test_07743,0.9973770380020142
test_07744,0.1992642730474472
test_07745,0.5273411273956299
test_07746,0.6129791736602783
test_07747,0.4924514889717102
test_07748,0.3512633144855499
test_07749,0.6576123237609863
test_07750,0.8130049109458923
test_07751,0.0035962057299911976
test_07752,0.4852672517299652
test_07753,0.4146779477596283
test_07754,0.17122595012187958
test_07755,0.20971016585826874
test_07756,0.4633159637451172
test_07757,0.7893184423446655
test_07758,0.11835148185491562
test_07759,0.7770223617553711
test_07760,0.9645575881004333
test_07761,0.07918902486562729
test_07762,0.5833015441894531
test_07763,0.9830583333969116
test_07764,0.17716245353221893
test_07765,0.9897176027297974
test_07766,0.9985678195953369
test_07767,0.8564690351486206
test_07768,0.4935362935066223
test_07769,0.4377962052822113
test_07770,0.05522541329264641
test_07771,0.5562059283256531
test_07772,0.9996806383132935
test_07773,0.35259419679641724
test_07774,0.7627794742584229
test_07775,0.7264868021011353
test_07776,0.49238884449005127
test_07777,0.9508654475212097
test_07778,0.7958550453186035
test_07779,0.20120017230510712
test_07780,0.9210659265518188
test_07781,0.5022013187408447
test_07782,0.845848798751831
test_07783,0.1524154543876648
test_07784,0.5385536551475525
test_07785,0.24801921844482422
test_07786,0.5396586656570435
test_07787,0.041379790753126144
test_07788,0.8994536399841309
test_07789,0.17061170935630798
test_07790,0.6274889707565308
test_07791,0.6192772388458252
test_07792,0.8803850412368774
test_07793,0.0021165048237890005
test_07794,0.9903720617294312
test_07795,0.5386777520179749
test_07796,0.04435453563928604
test_07797,0.8777796030044556
test_07798,0.06068916618824005
test_07799,0.21366766095161438
test_07800,0.008912933990359306
test_07801,0.05181916430592537
test_07802,0.6146185398101807
test_07803,0.7563986778259277
test_07804,0.8573919534683228
test_07805,0.0034432262182235718
test_07806,0.5837643146514893
test_07807,0.7022743225097656
test_07808,0.8903244137763977
test_07809,0.4296427369117737
test_07810,0.15348951518535614
test_07811,0.46142059564590454
test_07812,0.26250484585762024
test_07813,0.9104129672050476
test_07814,0.5833222270011902
test_07815,0.09351705759763718
test_07816,0.025820842012763023
test_07817,0.26103854179382324
test_07818,0.22167938947677612
test_07819,0.747539222240448
test_07820,0.7338491678237915
test_07821,0.08018417656421661
test_07822,0.1355036050081253
test_07823,0.003576701506972313
test_07824,0.9048566818237305
test_07825,0.6937364935874939
test_07826,0.8270969986915588
test_07827,0.9756622314453125
test_07828,0.9032856822013855
test_07829,0.6740497946739197
test_07830,0.43191200494766235
test_07831,0.9809070229530334
test_07832,0.8342163562774658
test_07833,0.5876784324645996
test_07834,0.34099501371383667
test_07835,0.43753781914711
test_07836,0.5239031314849854
test_07837,0.014435140416026115
test_07838,0.6445693373680115
test_07839,0.9967599511146545
test_07840,0.5422742366790771
test_07841,0.5990967750549316
test_07842,0.5100335478782654
test_07843,8.460508979624137e-06
test_07844,0.3912124037742615
test_07845,0.9995563626289368
test_07846,0.46555477380752563
test_07847,0.39173537492752075
test_07848,0.19830742478370667
test_07849,0.575215220451355
test_07850,0.9350482821464539
test_07851,0.6469968557357788
test_07852,0.586280345916748
test_07853,0.028858769685029984
test_07854,0.9967893958091736
test_07855,0.48390907049179077
test_07856,0.5502083897590637
test_07857,0.05056259408593178
test_07858,0.5696184635162354
test_07859,0.7562997341156006
test_07860,0.8383816480636597
test_07861,0.6193225979804993
test_07862,0.5387083292007446
test_07863,0.8359050154685974
test_07864,0.3822135627269745
test_07865,0.9701520800590515
test_07866,0.2644900977611542
test_07867,0.7973052263259888
test_07868,0.9981389045715332
test_07869,0.3991248309612274
test_07870,0.693986177444458
test_07871,0.06989948451519012
test_07872,0.7250239849090576
test_07873,0.9741801619529724
test_07874,0.033806074410676956
test_07875,0.534730076789856
test_07876,0.8964308500289917
test_07877,0.9483681917190552
test_07878,0.11632132530212402
test_07879,0.7865488529205322
test_07880,0.5286772847175598
test_07881,0.7025546431541443
test_07882,0.8489176630973816
test_07883,0.9809741377830505
test_07884,0.1407574713230133
test_07885,0.43330347537994385
test_07886,0.009829995222389698
test_07887,0.34645047783851624
test_07888,0.5410175919532776
test_07889,0.21807417273521423
test_07890,0.9711478352546692
test_07891,0.42164042592048645
test_07892,0.6889230608940125
test_07893,0.651582658290863
test_07894,0.8547899723052979
test_07895,0.7993766069412231
test_07896,0.2584947943687439
test_07897,0.7846759557723999
test_07898,0.2060890644788742
test_07899,0.5872341394424438
test_07900,0.4019179940223694
test_07901,0.48393428325653076
test_07902,0.12954138219356537
test_07903,0.5466071963310242
test_07904,0.4212792217731476
test_07905,0.9131839275360107
test_07906,0.6873806715011597
test_07907,0.6335553526878357
test_07908,0.7768437266349792
test_07909,0.7397834062576294
test_07910,0.8553188443183899
test_07911,0.9233940243721008
test_07912,0.3181789815425873
test_07913,0.102195605635643
test_07914,0.3796114921569824
test_07915,0.45834389328956604
test_07916,0.3460436165332794
test_07917,0.13478022813796997
test_07918,0.9594717621803284
test_07919,0.5318332314491272
test_07920,0.42309102416038513
test_07921,0.6267650127410889
test_07922,0.48181360960006714
test_07923,0.9166843891143799
test_07924,0.7381620407104492
test_07925,0.6635609865188599
test_07926,0.6433276534080505
test_07927,0.5414291620254517
test_07928,0.7147731781005859
test_07929,0.0002051048504654318
test_07930,0.7637413144111633
test_07931,0.6605914235115051
test_07932,0.27454718947410583
test_07933,0.5478440523147583
test_07934,0.28835174441337585
test_07935,0.7409743666648865
test_07936,0.09604339301586151
test_07937,0.7229558825492859
test_07938,0.4863279163837433
test_07939,0.6387897729873657
test_07940,0.62096107006073
test_07941,0.5021666884422302
test_07942,0.592516303062439
test_07943,0.7307426333427429
test_07944,0.12374007701873779
test_07945,0.7191043496131897
test_07946,0.8216707706451416
test_07947,0.9486913681030273
test_07948,0.7702740430831909
test_07949,0.7563971877098083
test_07950,0.9416510462760925
test_07951,1.7963584468816407e-05
test_07952,0.9010055065155029
test_07953,0.716803252696991
test_07954,0.1928027868270874
test_07955,0.2702234387397766
test_07956,0.47373631596565247
test_07957,0.6761326789855957
test_07958,0.7670497298240662
test_07959,0.9156229496002197
test_07960,0.002531078876927495
test_07961,0.986853837966919
test_07962,0.7257970571517944
test_07963,0.4261817932128906
test_07964,0.4438713788986206
test_07965,0.16995882987976074
test_07966,0.6361581087112427
test_07967,0.992289125919342
test_07968,0.5481184720993042
test_07969,0.2963910698890686
test_07970,0.2593974769115448
test_07971,0.40692138671875
test_07972,0.4745411276817322
test_07973,0.03956875205039978
test_07974,0.5529115200042725
test_07975,0.37669962644577026
test_07976,0.6547123193740845
test_07977,0.5165403485298157
test_07978,0.5470453500747681
test_07979,0.33525535464286804
test_07980,0.582796037197113
test_07981,0.801582932472229
test_07982,0.6260020732879639
test_07983,0.036523494869470596
test_07984,0.1869852989912033
test_07985,0.7576186060905457
test_07986,0.20250438153743744
test_07987,0.4964616894721985
test_07988,0.19759206473827362
test_07989,0.18802101910114288
test_07990,0.6571421027183533
test_07991,0.6750816106796265
test_07992,0.4934500753879547
test_07993,0.9288330674171448
test_07994,0.5366224646568298
test_07995,0.9406476020812988
test_07996,0.6402578353881836
test_07997,0.9142235517501831
test_07998,0.5052018761634827
test_07999,0.9980431795120239
test_08000,0.40638867020606995
test_08001,0.0004325555928517133
test_08002,0.21451985836029053
test_08003,0.9640458226203918
test_08004,0.519676923751831
test_08005,0.05594736337661743
test_08006,0.0030432469211518764
test_08007,0.9837876558303833
test_08008,0.4473206698894501
test_08009,0.9924317598342896
test_08010,0.670665979385376
test_08011,0.23568259179592133
test_08012,0.32402804493904114
test_08013,0.7589651346206665
test_08014,0.6641868352890015
test_08015,0.32341429591178894
test_08016,0.00014761139755137265
test_08017,0.8128282427787781
test_08018,0.9778876900672913
test_08019,0.6062290072441101
test_08020,0.4768366813659668
test_08021,0.9683755040168762
test_08022,0.984046995639801
test_08023,0.9855127930641174
test_08024,0.9287386536598206
test_08025,0.9212832450866699
test_08026,0.46918806433677673
test_08027,0.9166533350944519
test_08028,0.6828386783599854
test_08029,0.5885528922080994
test_08030,0.8479577898979187
test_08031,0.4255637228488922
test_08032,0.39691606163978577
test_08033,0.9985116124153137
test_08034,0.7642983198165894
test_08035,0.003726343857124448
test_08036,0.5050439834594727
test_08037,0.1708841472864151
test_08038,0.2721152901649475
test_08039,0.7513126134872437
test_08040,0.20670992136001587
test_08041,0.9992039799690247
test_08042,0.442743182182312
test_08043,0.117766372859478
test_08044,0.798308789730072
test_08045,0.5499594211578369
test_08046,0.37328529357910156
test_08047,0.8831084370613098
test_08048,0.08768762648105621
test_08049,0.7486553192138672
test_08050,0.744471549987793
test_08051,0.5984300971031189
test_08052,0.2475159913301468
test_08053,0.015486720949411392
test_08054,0.12278180569410324
test_08055,0.9462441802024841
test_08056,0.9350458979606628
test_08057,0.10752934962511063
test_08058,0.676014244556427
test_08059,0.9049841165542603
test_08060,0.8700469136238098
test_08061,0.8914201855659485
test_08062,0.8310006856918335
test_08063,0.6371431946754456
test_08064,0.7712363600730896
test_08065,0.9909487366676331
test_08066,0.5108458399772644
test_08067,0.9825166463851929
test_08068,0.5413721799850464
test_08069,0.9796308279037476
test_08070,0.32973551750183105
test_08071,0.5143700838088989
test_08072,0.8741289377212524
test_08073,0.4854288697242737
test_08074,0.7451441287994385
test_08075,0.7377395033836365
test_08076,0.02762422524392605
test_08077,0.9921731948852539
test_08078,0.898939847946167
test_08079,0.863178551197052
test_08080,0.9204671382904053
test_08081,0.9260752201080322
test_08082,0.9504390358924866
test_08083,0.9011982083320618
test_08084,0.21185360848903656
test_08085,0.5940697193145752
test_08086,0.5638749599456787
test_08087,0.1626148819923401
test_08088,0.7234317064285278
test_08089,0.6596165299415588
test_08090,0.47337156534194946
test_08091,0.9228670597076416
test_08092,0.6971964836120605
test_08093,0.5053329467773438
test_08094,0.2686307430267334
test_08095,0.0024076299741864204
test_08096,0.24977587163448334
test_08097,0.009234683588147163
test_08098,0.2916111350059509
test_08099,0.4318313002586365
test_08100,0.09274124354124069
test_08101,0.39628708362579346
test_08102,0.00011013818584615365
test_08103,0.6026913523674011
test_08104,0.8295352458953857
test_08105,0.978692352771759
test_08106,0.935916543006897
test_08107,0.7016990184783936
test_08108,0.4722035825252533
test_08109,0.7591677904129028
test_08110,0.9992689490318298
test_08111,0.19866260886192322
test_08112,0.9835894107818604
test_08113,0.23395253717899323
test_08114,0.00036639528116211295
test_08115,0.22977347671985626
test_08116,0.7075947523117065
test_08117,0.33032914996147156
test_08118,0.2158799171447754
test_08119,0.9486437439918518
test_08120,0.5567629933357239
test_08121,0.8377278447151184
test_08122,0.8381262421607971
test_08123,0.18336766958236694
test_08124,0.7470197081565857
test_08125,0.11365097761154175
test_08126,0.17519837617874146
test_08127,0.5194355249404907
test_08128,0.4667392373085022
test_08129,0.9245743155479431
test_08130,0.11086659133434296
test_08131,0.9717575907707214
test_08132,0.9581919312477112
test_08133,0.1523052603006363
test_08134,0.5980034470558167
test_08135,0.9314306378364563
test_08136,0.6012479066848755
test_08137,0.4955516457557678
test_08138,0.027976395562291145
test_08139,0.5839690566062927
test_08140,0.779449999332428
test_08141,0.995122492313385
test_08142,0.9533975124359131
test_08143,0.7488537430763245
test_08144,0.4774598181247711
test_08145,0.6607834696769714
test_08146,0.893798291683197
test_08147,0.3589140474796295
test_08148,0.7599731683731079
test_08149,0.8046552538871765
test_08150,0.6881165504455566
test_08151,0.8473938703536987
test_08152,0.5692734122276306
test_08153,0.8389309048652649
test_08154,0.0006359457038342953
test_08155,0.633764386177063
test_08156,0.05267736315727234
test_08157,0.01824801042675972
test_08158,0.12969708442687988
test_08159,0.35676056146621704
test_08160,0.8552103042602539
test_08161,0.699892520904541
test_08162,0.9501838684082031
test_08163,0.8295983076095581
test_08164,0.44262945652008057
test_08165,0.12309735268354416
test_08166,0.5313020348548889
test_08167,0.7670368552207947
test_08168,0.7088789343833923
test_08169,0.7957218289375305
test_08170,0.40703338384628296
test_08171,0.9994720816612244
test_08172,0.16199596226215363
test_08173,0.5039258599281311
test_08174,0.14635320007801056
test_08175,0.7894572019577026
test_08176,0.3210614323616028
test_08177,0.716323733329773
test_08178,0.789039671421051
test_08179,0.7175344824790955
test_08180,0.14292365312576294
test_08181,0.389051616191864
test_08182,0.054883554577827454
test_08183,0.18594488501548767
test_08184,0.9056640267372131
test_08185,0.504564642906189
test_08186,0.5244020819664001
test_08187,0.5403021574020386
test_08188,0.9784310460090637
test_08189,0.6442511081695557
test_08190,0.014487966895103455
test_08191,0.671668529510498
test_08192,0.596672773361206
test_08193,0.9083003401756287
test_08194,0.2640555799007416
test_08195,0.0008578969864174724
test_08196,0.2250186800956726
test_08197,0.3609923720359802
test_08198,0.9445685148239136
test_08199,0.06375253945589066
test_08200,0.6535211205482483
test_08201,0.3770376741886139
test_08202,0.5601089000701904
test_08203,0.9676528573036194
test_08204,0.020538782700896263
test_08205,0.48906031250953674
test_08206,0.04617445915937424
test_08207,0.7914597988128662
test_08208,0.6392783522605896
test_08209,0.1903531849384308
test_08210,0.2570711374282837
test_08211,0.6984245181083679
test_08212,0.7147791981697083
test_08213,0.999007523059845
test_08214,0.27433300018310547
test_08215,0.49799245595932007
test_08216,0.12413155287504196
test_08217,0.8828698992729187
test_08218,0.6445534825325012
test_08219,0.8036476969718933
test_08220,0.9940592050552368
test_08221,0.40159526467323303
test_08222,0.9703087210655212
test_08223,0.2521219551563263
test_08224,0.0002647593501023948
test_08225,0.016202369704842567
test_08226,0.5469728708267212
test_08227,0.6500746607780457
test_08228,0.9780973792076111
test_08229,0.3551490008831024
test_08230,0.34240177273750305
test_08231,0.20961982011795044
test_08232,0.43541330099105835
test_08233,0.6677561402320862
test_08234,0.13370010256767273
test_08235,0.38160252571105957
test_08236,0.05922272428870201
test_08237,0.6359359622001648
test_08238,0.9566308856010437
test_08239,0.9656503796577454
test_08240,0.5500290989875793
test_08241,0.5964014530181885
test_08242,0.9973267316818237
test_08243,0.23662132024765015
test_08244,0.40875372290611267
test_08245,0.0025736719835549593
test_08246,0.45984387397766113
test_08247,0.49347829818725586
test_08248,0.18241055309772491
test_08249,0.9988800883293152
test_08250,0.5316668152809143
test_08251,0.7887622714042664
test_08252,0.690946638584137
test_08253,0.782340943813324
test_08254,0.5125624537467957
test_08255,0.7950785160064697
test_08256,0.6827852725982666
test_08257,0.10893252491950989
test_08258,0.5098960995674133
test_08259,0.8632231950759888
test_08260,0.5714811086654663
test_08261,0.9549927115440369
test_08262,0.013113981112837791
test_08263,0.9110913276672363
test_08264,0.3259390592575073
test_08265,0.6552193760871887
test_08266,0.5636003017425537
test_08267,0.9552208185195923
test_08268,0.977095365524292
test_08269,0.4761205017566681
test_08270,0.9784914255142212
test_08271,0.5123926997184753
test_08272,0.8877872824668884
test_08273,0.6961851716041565
test_08274,0.10272559523582458
test_08275,0.01683855801820755
test_08276,0.020378246903419495
test_08277,0.9957691431045532
test_08278,0.6705456972122192
test_08279,0.5372281670570374
test_08280,0.008993917144834995
test_08281,0.5724917054176331
test_08282,0.8640958666801453
test_08283,0.5587456822395325
test_08284,0.13708876073360443
test_08285,0.9843143224716187
test_08286,0.10041344910860062
test_08287,0.29960688948631287
test_08288,0.06712135672569275
test_08289,0.3410536050796509
test_08290,0.009993519634008408
test_08291,0.781963586807251
test_08292,0.3199099600315094
test_08293,0.9277614951133728
test_08294,0.375973641872406
test_08295,0.22486744821071625
test_08296,0.9621915221214294
test_08297,0.9822545647621155
test_08298,0.07324215769767761
test_08299,0.5488949418067932
test_08300,0.47266751527786255
test_08301,0.9836387634277344
test_08302,0.49855583906173706
test_08303,0.9114272594451904
test_08304,0.9784566164016724
test_08305,0.6975378394126892
test_08306,0.8992990255355835
test_08307,0.6854471564292908
test_08308,0.7242449522018433
test_08309,0.5763750076293945
test_08310,0.9387624859809875
test_08311,0.07604075223207474
test_08312,0.7033476233482361
test_08313,0.9946247935295105
test_08314,0.22840428352355957
test_08315,0.47180160880088806
test_08316,0.8172519207000732
test_08317,0.5904347896575928
test_08318,0.38177669048309326
test_08319,0.5361320972442627
test_08320,0.058048877865076065
test_08321,0.5622944831848145
test_08322,0.06435352563858032
test_08323,0.4707436263561249
test_08324,0.5137678384780884
test_08325,0.829047679901123
test_08326,0.5445541143417358
test_08327,0.3822520077228546
test_08328,0.6241040229797363
test_08329,0.02073478512465954
test_08330,0.6229650378227234
test_08331,0.157296285033226
test_08332,0.5455352067947388
test_08333,0.6678916811943054
test_08334,0.8933650851249695
test_08335,0.524777889251709
test_08336,0.8128568530082703
test_08337,0.34100964665412903
test_08338,0.22562836110591888
test_08339,0.5248814821243286
test_08340,0.616377055644989
test_08341,0.19621731340885162
test_08342,0.6476605534553528
test_08343,0.7639318704605103
test_08344,0.8294715881347656
test_08345,0.6118206977844238
test_08346,0.9020380973815918
test_08347,0.9683921337127686
test_08348,0.9595436453819275
test_08349,0.0022304176818579435
test_08350,0.999043881893158
test_08351,0.09394507855176926
test_08352,0.9529977440834045
test_08353,0.6340646147727966
test_08354,0.9002386927604675
test_08355,0.4497860074043274
test_08356,0.5005369186401367
test_08357,0.007024862337857485
test_08358,0.955781877040863
test_08359,0.7697617411613464
test_08360,0.8617846965789795
test_08361,0.9997274279594421
test_08362,0.5884488224983215
test_08363,0.9660096764564514
test_08364,0.12674255669116974
test_08365,0.04207700490951538
test_08366,0.5788931250572205
test_08367,0.6778102517127991
test_08368,0.9521965384483337
test_08369,0.2268248200416565
test_08370,0.35021331906318665
test_08371,0.08797374367713928
test_08372,0.17079012095928192
test_08373,0.432624489068985
test_08374,0.9072204232215881
test_08375,0.08150754868984222
test_08376,0.8571659922599792
test_08377,0.7280524969100952
test_08378,0.28097110986709595
test_08379,0.9071097373962402
test_08380,0.4199761152267456
test_08381,0.6376816034317017
test_08382,0.9214900732040405
test_08383,0.05241820588707924
test_08384,0.051460109651088715
test_08385,0.22980737686157227
test_08386,0.9496521353721619
test_08387,0.9543923735618591
test_08388,0.8754540681838989
test_08389,0.7201218008995056
test_08390,0.8479619026184082
test_08391,0.5430936813354492
test_08392,0.015478610061109066
test_08393,0.002162276767194271
test_08394,0.9978281855583191
test_08395,0.5767471790313721
test_08396,0.3708983063697815
test_08397,0.6590337157249451
test_08398,0.8417060375213623
test_08399,0.6195741891860962
test_08400,0.039512936025857925
test_08401,0.4821184277534485
test_08402,0.9844591617584229
test_08403,0.43305733799934387
test_08404,0.11592692881822586
test_08405,0.9395261406898499
test_08406,0.0372418649494648
test_08407,0.1261318325996399
test_08408,0.7618122100830078
test_08409,0.42909708619117737
test_08410,0.5452378988265991
test_08411,0.9769526720046997
test_08412,0.5099563598632812
test_08413,0.3603036403656006
test_08414,0.6686301827430725
test_08415,0.6761650443077087
test_08416,0.534265398979187
test_08417,0.42821526527404785
test_08418,0.5075390934944153
test_08419,0.8869609832763672
test_08420,0.7262663841247559
test_08421,0.3962315320968628
test_08422,0.6006588339805603
test_08423,0.9994624257087708
test_08424,0.44949832558631897
test_08425,0.07486317306756973
test_08426,0.9440956711769104
test_08427,0.7593587040901184
test_08428,0.8729215860366821
test_08429,0.4913010597229004
test_08430,0.9455115795135498
test_08431,0.97786945104599
test_08432,0.3103639483451843
test_08433,0.5448288917541504
test_08434,0.5213850736618042
test_08435,0.8587729930877686
test_08436,0.9871729612350464
test_08437,0.8142739534378052
test_08438,0.6364601850509644
test_08439,0.32878562808036804
test_08440,0.6767492890357971
test_08441,0.6249964237213135
test_08442,0.7485247850418091
test_08443,0.060425009578466415
test_08444,0.07161744683980942
test_08445,0.883872926235199
test_08446,0.0005283025675453246
test_08447,0.5632681846618652
test_08448,0.3050195872783661
test_08449,0.7549557685852051
test_08450,0.8183032870292664
test_08451,0.6513522267341614
test_08452,0.5224279165267944
test_08453,0.3755302131175995
test_08454,0.5631740689277649
test_08455,0.2907903790473938
test_08456,0.9954544305801392
test_08457,0.598829448223114
test_08458,0.9655805826187134
test_08459,0.2715456783771515
test_08460,0.6092662811279297
test_08461,0.5175265669822693
test_08462,0.19866740703582764
test_08463,0.36134520173072815
test_08464,0.6394677758216858
test_08465,0.68398517370224
test_08466,0.31148388981819153
test_08467,0.1195359006524086
test_08468,0.8315578699111938
test_08469,0.5328908562660217
test_08470,0.08306916803121567
test_08471,0.10767243802547455
test_08472,0.9994779229164124
test_08473,0.01920957677066326
test_08474,0.6640575528144836
test_08475,0.8456571698188782
test_08476,0.9998867511749268
test_08477,0.9862369298934937
test_08478,0.8635459542274475
test_08479,0.2517834007740021
test_08480,0.4744178056716919
test_08481,0.8032928109169006
test_08482,0.7333853244781494
test_08483,0.3589667081832886
test_08484,0.907782256603241
test_08485,0.20259571075439453
test_08486,0.34046533703804016
test_08487,0.9387929439544678
test_08488,0.6039843559265137
test_08489,0.4755033850669861
test_08490,0.9252678751945496
test_08491,0.672197699546814
test_08492,0.8988660573959351
test_08493,0.7777037620544434
test_08494,0.6116428971290588
test_08495,0.6852291822433472
test_08496,0.012445333413779736
test_08497,0.07422588765621185
test_08498,0.21440526843070984
test_08499,0.3677757680416107
test_08500,0.7389407753944397
test_08501,0.2758976221084595
test_08502,0.6776915788650513
test_08503,0.48619285225868225
test_08504,0.6514805555343628
test_08505,0.015729431062936783
test_08506,0.2984277307987213
test_08507,0.26480403542518616
test_08508,0.7165961861610413
test_08509,0.44149136543273926
test_08510,0.7707818150520325
test_08511,0.0688931792974472
test_08512,0.9985044002532959
test_08513,0.912689208984375
test_08514,0.4593464732170105
test_08515,0.2827521562576294
test_08516,0.9975572824478149
test_08517,0.625277578830719
test_08518,0.7189016938209534
test_08519,0.8088927268981934
test_08520,0.6906681656837463
test_08521,0.5003026127815247
test_08522,0.5421878099441528
test_08523,0.14191360771656036
test_08524,0.7549641728401184
test_08525,0.5129771828651428
test_08526,0.4460376501083374
test_08527,0.18921756744384766
test_08528,0.0004127857100684196
test_08529,0.6238871812820435
test_08530,0.9033796191215515
test_08531,0.6510568261146545
test_08532,0.2553015649318695
test_08533,0.799826979637146
test_08534,0.9866564273834229
test_08535,0.5764718651771545
test_08536,0.26577162742614746
test_08537,0.10707186907529831
test_08538,0.5480906367301941
test_08539,0.8951354622840881
test_08540,0.5424264073371887
test_08541,0.06409843266010284
test_08542,0.49587199091911316
test_08543,0.28015631437301636
test_08544,0.2710579037666321
test_08545,0.7131845951080322
test_08546,0.8898260593414307
test_08547,0.34421882033348083
test_08548,0.5107772350311279
test_08549,0.7710039615631104
test_08550,0.4859246015548706
test_08551,0.9705411195755005
test_08552,0.33020126819610596
test_08553,0.8971678018569946
test_08554,0.01624046266078949
test_08555,0.8762866258621216
test_08556,0.9647940993309021
test_08557,0.44666698575019836
test_08558,0.8327325582504272
test_08559,0.93973308801651
test_08560,0.5085508227348328
test_08561,0.9394994378089905
test_08562,0.35989511013031006
test_08563,0.4466651380062103
test_08564,0.38413429260253906
test_08565,0.9957751631736755
test_08566,0.7630638480186462
test_08567,0.18059000372886658
test_08568,0.7953993082046509
test_08569,0.9981003403663635
test_08570,0.7072129249572754
test_08571,0.3971615433692932
test_08572,0.041411031037569046
test_08573,0.1887979507446289
test_08574,0.6619499325752258
test_08575,0.45603564381599426
test_08576,0.9838505387306213
test_08577,0.5542385578155518
test_08578,0.0035237951669842005
test_08579,0.5725045800209045
test_08580,0.9702575206756592
test_08581,0.7181435227394104
test_08582,0.4561997354030609
test_08583,0.24645011126995087
test_08584,0.14363224804401398
test_08585,0.8665348291397095
test_08586,0.21718616783618927
test_08587,0.5126575827598572
test_08588,0.7017649412155151
test_08589,0.3794081509113312
test_08590,0.5014228224754333
test_08591,0.13120540976524353
test_08592,0.6836913824081421
test_08593,0.09420798718929291
test_08594,0.5912340879440308
test_08595,0.46974411606788635
test_08596,0.8489213585853577
test_08597,0.12376391142606735
test_08598,0.4231351613998413
test_08599,0.7968476414680481
test_08600,0.9116083383560181
test_08601,0.5783836245536804
test_08602,0.6998898386955261
test_08603,0.5495246648788452
test_08604,8.190500921045896e-06
test_08605,0.39839550852775574
test_08606,0.9995701909065247
test_08607,0.9179863333702087
test_08608,0.9091570973396301
test_08609,0.49928897619247437
test_08610,0.6141558289527893
test_08611,0.5410810708999634
test_08612,0.8149579167366028
test_08613,0.5199593305587769
test_08614,0.6156185269355774
test_08615,0.5488923788070679
test_08616,0.23979322612285614
test_08617,0.022520266473293304
test_08618,0.5382435917854309
test_08619,0.6435956358909607
test_08620,0.5082622170448303
test_08621,0.9891999959945679
test_08622,0.2835546135902405
test_08623,0.9825615286827087
test_08624,0.9374762773513794
test_08625,0.7158791422843933
test_08626,0.2648385763168335
test_08627,0.8249961733818054
test_08628,0.22821156680583954
test_08629,0.11257956922054291
test_08630,0.4089716374874115
test_08631,0.5722360610961914
test_08632,0.002540042856708169
test_08633,0.4610149562358856
test_08634,0.8962848782539368
test_08635,0.99212247133255
test_08636,0.6094068288803101
test_08637,0.3554912507534027
test_08638,0.6300641298294067
test_08639,0.8057038187980652
test_08640,0.854216456413269
test_08641,0.5174815058708191
test_08642,0.6558600068092346
test_08643,0.421872615814209
test_08644,0.41984084248542786
test_08645,0.00603887252509594
test_08646,0.1872369945049286
test_08647,0.35100486874580383
test_08648,0.48111453652381897
test_08649,0.5685258507728577
test_08650,0.15765467286109924
test_08651,0.6053857207298279
test_08652,0.5348573923110962
test_08653,0.5761728286743164
test_08654,0.6474307179450989
test_08655,0.3139859437942505
test_08656,0.5382181406021118
test_08657,0.3875144124031067
test_08658,0.7398034334182739
test_08659,0.009198120795190334
test_08660,0.5630578398704529
test_08661,0.9993334412574768
test_08662,0.32764461636543274
test_08663,0.022238748148083687
test_08664,0.6020041704177856
test_08665,0.42797788977622986
test_08666,0.9135705828666687
test_08667,0.007419135887175798
test_08668,0.5823610424995422
test_08669,0.9936449527740479
test_08670,0.43013614416122437
test_08671,0.5406889319419861
test_08672,0.10754138976335526
test_08673,0.3921341300010681
test_08674,0.979026198387146
test_08675,0.10372322052717209
test_08676,0.57097989320755
test_08677,0.9719651937484741
test_08678,0.6044079065322876
test_08679,0.9911780953407288
test_08680,0.9983715415000916
test_08681,0.7089824676513672
test_08682,0.5802301168441772
test_08683,0.494990736246109
test_08684,0.16178114712238312
test_08685,0.43002980947494507
test_08686,0.7814050316810608
test_08687,0.5647619962692261
test_08688,0.24402019381523132
test_08689,0.6551321148872375
test_08690,0.6053178906440735
test_08691,0.4462296664714813
test_08692,0.8623340725898743
test_08693,0.2159138023853302
test_08694,0.08749835193157196
test_08695,0.4830763339996338
test_08696,0.70802241563797
test_08697,0.4814445972442627
test_08698,0.8400659561157227
test_08699,0.26299887895584106
test_08700,0.8751439452171326
test_08701,0.853069007396698
test_08702,0.1551341563463211
test_08703,0.66438227891922
test_08704,0.4530488848686218
test_08705,0.22915707528591156
test_08706,0.4622868001461029
test_08707,0.26357337832450867
test_08708,0.8610293865203857
test_08709,0.9747548699378967
test_08710,0.00035046631819568574
test_08711,0.12988115847110748
test_08712,0.5188267827033997
test_08713,0.12566545605659485
test_08714,0.5835983157157898
test_08715,0.34296587109565735
test_08716,0.7320894002914429
test_08717,0.6585559248924255
test_08718,0.7604220509529114
test_08719,0.25085321068763733
test_08720,0.9537099003791809
test_08721,0.537955641746521
test_08722,0.9769977331161499
test_08723,0.6365773677825928
test_08724,0.8312680721282959
test_08725,0.2362680435180664
test_08726,0.8060718178749084
test_08727,0.5631347894668579
test_08728,0.016878098249435425
test_08729,0.12163036316633224
test_08730,0.5898277759552002
test_08731,0.9427469968795776
test_08732,0.6100828647613525
test_08733,0.6161645650863647
test_08734,0.44660258293151855
test_08735,0.1260686069726944
test_08736,0.987551748752594
test_08737,0.696776270866394
test_08738,0.3315163254737854
test_08739,0.9182263016700745
test_08740,0.7377573251724243
test_08741,0.33028891682624817
test_08742,0.8571531176567078
test_08743,0.35940223932266235
test_08744,0.6665748953819275
test_08745,0.3994411528110504
test_08746,0.5110939741134644
test_08747,0.9621711373329163
test_08748,0.9543034434318542
test_08749,0.8191360831260681
test_08750,0.6722011566162109
test_08751,0.04091804474592209
test_08752,0.8668709397315979
test_08753,0.49683982133865356
test_08754,0.9780476689338684
test_08755,0.8286575675010681
test_08756,0.43719685077667236
test_08757,0.8514037728309631
test_08758,0.239310622215271
test_08759,0.8907694220542908
test_08760,0.1963186115026474
test_08761,0.6723617315292358
test_08762,0.5453270673751831
test_08763,0.5034679770469666
test_08764,0.7136059403419495
test_08765,0.7435634136199951
test_08766,0.8036126494407654
test_08767,0.6161020398139954
test_08768,0.9082010388374329
test_08769,0.9901015758514404
test_08770,0.9995951056480408
test_08771,0.4009260833263397
test_08772,0.158999502658844
test_08773,0.9859763383865356
test_08774,0.002088639885187149
test_08775,0.9821611642837524
test_08776,0.8290042877197266
test_08777,0.13866114616394043
test_08778,0.8866969347000122
test_08779,0.1356651335954666
test_08780,0.7386690378189087
test_08781,0.43546062707901
test_08782,0.6701602339744568
test_08783,0.8723694682121277
test_08784,0.5842196345329285
test_08785,0.97423255443573
test_08786,0.5449649691581726
test_08787,0.5271860361099243
test_08788,0.6387268900871277
test_08789,0.4467895030975342
test_08790,0.17943859100341797
test_08791,0.3893706500530243
test_08792,0.9672304391860962
test_08793,0.48376432061195374
test_08794,0.7632117867469788
test_08795,0.6060879230499268
test_08796,0.9946160912513733
test_08797,0.11146441102027893
test_08798,0.03829536586999893
test_08799,0.68525630235672
test_08800,0.9220457673072815
test_08801,0.11257125437259674
test_08802,0.5165083408355713
test_08803,0.9980071187019348
test_08804,0.8479108810424805
test_08805,0.9794132709503174
test_08806,0.048390571027994156
test_08807,0.634249210357666
test_08808,0.9636844396591187
test_08809,0.24817797541618347
test_08810,0.11014126241207123
test_08811,0.974413275718689
test_08812,0.4934561252593994
test_08813,0.34846031665802
test_08814,0.2517355978488922
test_08815,0.542986273765564
test_08816,0.031792569905519485
test_08817,0.4518708288669586
test_08818,0.48509958386421204
test_08819,0.8512297868728638
test_08820,0.458719402551651
test_08821,0.3745062053203583
test_08822,0.45888495445251465
test_08823,0.7396376132965088
test_08824,0.27440840005874634
test_08825,0.00022498925682157278
test_08826,0.19358761608600616
test_08827,0.4936714768409729
test_08828,0.6368348598480225
test_08829,0.7413163781166077
test_08830,0.750808835029602
test_08831,0.6464378833770752
test_08832,0.31747323274612427
test_08833,0.3841122090816498
test_08834,0.3182283639907837
test_08835,0.5728877186775208
test_08836,0.5566828846931458
test_08837,0.5034813284873962
test_08838,0.9875565767288208
test_08839,0.5705946087837219
test_08840,0.5653502345085144
test_08841,0.9775310158729553
test_08842,0.9618649482727051
test_08843,0.3999145030975342
test_08844,0.7830665111541748
test_08845,0.06489299237728119
test_08846,0.533172607421875
test_08847,0.6101263165473938
test_08848,0.9056148529052734
test_08849,0.7863285541534424
test_08850,0.6639049649238586
test_08851,0.4506847560405731
test_08852,0.3023855984210968
test_08853,0.9949171543121338
test_08854,0.08001255244016647
test_08855,0.11491870880126953
test_08856,0.8664554357528687
test_08857,0.8316088318824768
test_08858,0.274375855922699
test_08859,0.5390002727508545
test_08860,0.9992355108261108
test_08861,0.3907988369464874
test_08862,0.4546968638896942
test_08863,0.0016269340412691236
test_08864,0.40076643228530884
test_08865,0.563233494758606
test_08866,0.14486129581928253
test_08867,0.5647019743919373
test_08868,0.09994814544916153
test_08869,0.9463463425636292
test_08870,0.8944305181503296
test_08871,0.8463320732116699
test_08872,0.8938252329826355
test_08873,0.5906952023506165
test_08874,0.014464673586189747
test_08875,0.4592716097831726
test_08876,0.8054054379463196
test_08877,0.6999064683914185
test_08878,0.8990664482116699
test_08879,0.14473482966423035
test_08880,0.7068886160850525
test_08881,0.6866892576217651
test_08882,0.3780020773410797
test_08883,0.5402767658233643
test_08884,0.16673938930034637
test_08885,0.29685744643211365
test_08886,0.0022288933396339417
test_08887,0.8901012539863586
test_08888,0.1977500319480896
test_08889,0.9994992017745972
test_08890,0.8227185606956482
test_08891,0.500068724155426
test_08892,0.16369536519050598
test_08893,0.3334839642047882
test_08894,0.9175097346305847
test_08895,0.5767384171485901
test_08896,0.8812829256057739
test_08897,0.6036525368690491
test_08898,0.7078710794448853
test_08899,0.5029942989349365
test_08900,0.994612455368042
test_08901,0.23350465297698975
test_08902,0.3717542588710785
test_08903,0.4779788851737976
test_08904,0.9999761581420898
test_08905,0.7726840376853943
test_08906,0.6454095244407654
test_08907,0.4676499664783478
test_08908,0.44323888421058655
test_08909,0.5090196132659912
test_08910,0.8202540874481201
test_08911,0.011413345113396645
test_08912,0.9051680564880371
test_08913,0.4982338547706604
test_08914,0.0067515987902879715
test_08915,0.5950040817260742
test_08916,0.2030506134033203
test_08917,0.9010922908782959
test_08918,0.5340082049369812
test_08919,0.7510437965393066
test_08920,0.242743119597435
test_08921,0.5056275725364685
test_08922,0.02091425284743309
test_08923,0.7960145473480225
test_08924,0.6472215056419373
test_08925,0.874318540096283
test_08926,0.11029596626758575
test_08927,0.5201447606086731
test_08928,0.17529915273189545
test_08929,0.28880706429481506
test_08930,0.9263768196105957
test_08931,0.5443547368049622
test_08932,0.4060312807559967
test_08933,0.09650483727455139
test_08934,0.3241192102432251
test_08935,0.44483596086502075
test_08936,0.560006856918335
test_08937,0.9926894307136536
test_08938,0.9807782173156738
test_08939,0.02738446369767189
test_08940,0.9565610289573669
test_08941,0.5883965492248535
test_08942,0.4556272625923157
test_08943,0.35663411021232605
test_08944,0.7009282112121582
test_08945,0.32583045959472656
test_08946,0.36644554138183594
test_08947,0.6011667251586914
test_08948,0.8096562623977661
test_08949,0.5655791759490967
test_08950,0.4651782512664795
test_08951,0.5251635313034058
test_08952,0.7738971710205078
test_08953,0.887380063533783
test_08954,0.5801438093185425
test_08955,0.2878360450267792
test_08956,0.5648390054702759
test_08957,0.07486829161643982
test_08958,0.453328400850296
test_08959,0.1871095597743988
test_08960,0.7079413533210754
test_08961,0.777545154094696
test_08962,0.8208940625190735
test_08963,0.43542757630348206
test_08964,0.27956968545913696
test_08965,0.5873953104019165
test_08966,0.40383055806159973
test_08967,0.17986144125461578
test_08968,0.6065683960914612
test_08969,0.9019351005554199
test_08970,0.852976381778717
test_08971,0.8420396447181702
test_08972,0.9569310545921326
test_08973,0.9940622448921204
test_08974,0.6076547503471375
test_08975,0.3978804349899292
test_08976,0.5716860890388489
test_08977,0.3142249286174774
test_08978,0.49476009607315063
test_08979,0.3336811661720276
test_08980,0.7628898024559021
test_08981,0.5755149722099304
test_08982,0.6665045022964478
test_08983,0.0025712421629577875
test_08984,0.486187219619751
test_08985,0.6357533931732178
test_08986,0.9040509462356567
test_08987,0.47449275851249695
test_08988,0.8418290615081787
test_08989,0.9808205366134644
test_08990,0.8676161766052246
test_08991,0.3278372287750244
test_08992,0.7389192581176758
test_08993,0.8263718485832214
test_08994,0.9983217120170593
test_08995,0.6476644277572632
test_08996,0.9984766840934753
test_08997,0.3462429940700531
test_08998,0.35191428661346436
test_08999,0.9042765498161316
test_09000,0.8091235756874084
test_09001,0.04032239690423012
test_09002,0.5910444855690002
test_09003,0.5444045662879944
test_09004,0.6137683987617493
test_09005,0.981105387210846
test_09006,0.4776989817619324
test_09007,0.5080428719520569
test_09008,0.2478080540895462
test_09009,0.7457114458084106
test_09010,0.7723455429077148
test_09011,0.001964614726603031
test_09012,0.8917539119720459
test_09013,0.5703577995300293
test_09014,0.4828447103500366
test_09015,0.7607937455177307
test_09016,0.33380526304244995
test_09017,0.9891619682312012
test_09018,0.948876142501831
test_09019,0.37366974353790283
test_09020,0.10444401949644089
test_09021,0.02961687184870243
test_09022,0.8906304836273193
test_09023,0.3699837625026703
test_09024,0.7346168756484985
test_09025,0.5271212458610535
test_09026,0.8522068858146667
test_09027,0.8726471662521362
test_09028,0.7560877799987793
test_09029,0.4683426022529602
test_09030,0.5878005027770996
test_09031,0.5306917428970337
test_09032,0.8340891599655151
test_09033,0.838451623916626
test_09034,0.37687382102012634
test_09035,0.05713002383708954
test_09036,0.1368606835603714
test_09037,0.953627347946167
test_09038,0.39413926005363464
test_09039,0.9096876382827759
test_09040,0.532507061958313
test_09041,0.3889630138874054
test_09042,0.9315666556358337
test_09043,0.8837516903877258
test_09044,0.6974563002586365
test_09045,0.9908879995346069
test_09046,0.31243371963500977
test_09047,0.15381576120853424
test_09048,0.8293065428733826
test_09049,0.9885607361793518
test_09050,0.5415205955505371
test_09051,0.5998492240905762
test_09052,0.6580427289009094
test_09053,0.6125166416168213
test_09054,0.5538865327835083
test_09055,0.8913931846618652
test_09056,0.7171499729156494
test_09057,0.8417842984199524
test_09058,0.5591276288032532
test_09059,0.9353390336036682
test_09060,0.46351519227027893
test_09061,0.053125012665987015
test_09062,0.8573958873748779
test_09063,0.548329770565033
test_09064,0.08091583102941513
test_09065,0.617735743522644
test_09066,0.5086669325828552
test_09067,0.00973161868751049
test_09068,0.1696450561285019
test_09069,0.45384830236434937
test_09070,0.11298723518848419
test_09071,0.1792055368423462
test_09072,0.8214331269264221
test_09073,0.9243637919425964
test_09074,0.44521743059158325
test_09075,0.07151810079813004
test_09076,0.15748806297779083
test_09077,0.8364515900611877
test_09078,0.8938974142074585
test_09079,0.2527503967285156
test_09080,0.012682138942182064
test_09081,0.6419764757156372
test_09082,0.47890734672546387
test_09083,0.8765103220939636
test_09084,0.03884928673505783
test_09085,0.5891203880310059
test_09086,0.9157556295394897
test_09087,0.8780022263526917
test_09088,0.9778424501419067
test_09089,0.4075089991092682
test_09090,0.060395874083042145
test_09091,0.4321056008338928
test_09092,0.2575121819972992
test_09093,0.4317927956581116
test_09094,0.9327208995819092
test_09095,0.8779622316360474
test_09096,0.04838486388325691
test_09097,0.9660525321960449
test_09098,0.4881961941719055
test_09099,0.5660813450813293
test_09100,0.6950913667678833
test_09101,0.8140477538108826
test_09102,0.7661778926849365
test_09103,0.9520314335823059
test_09104,0.9976474642753601
test_09105,0.11243685334920883
test_09106,0.7170478701591492
test_09107,0.05646257847547531
test_09108,0.4736238718032837
test_09109,0.047563336789608
test_09110,0.1770896166563034
test_09111,0.9896414875984192
test_09112,0.7452861070632935
test_09113,0.352647602558136
test_09114,0.860478401184082
test_09115,0.6467839479446411
test_09116,0.822669506072998
test_09117,0.5302678346633911
test_09118,0.6805490851402283
test_09119,0.3687945008277893
test_09120,0.935067892074585
test_09121,0.5312426090240479
test_09122,0.6492254137992859
test_09123,0.22911641001701355
test_09124,0.33350643515586853
test_09125,0.9701740741729736
test_09126,0.07001622766256332
test_09127,0.5533566474914551
test_09128,0.6781551837921143
test_09129,0.9487730264663696
test_09130,0.4590432643890381
test_09131,0.6395184397697449
test_09132,0.8503146171569824
test_09133,0.4386611878871918
test_09134,0.4732215404510498
test_09135,0.5134268999099731
test_09136,0.9976845979690552
test_09137,0.9985066056251526
test_09138,0.4545682668685913
test_09139,0.522537350654602
test_09140,0.9791492819786072
test_09141,0.5230920314788818
test_09142,0.18587325513362885
test_09143,0.006957727018743753
test_09144,0.4539393186569214
test_09145,0.44969287514686584
test_09146,0.7934638857841492
test_09147,0.9501389861106873
test_09148,0.027757147327065468
test_09149,0.4839140772819519
test_09150,0.10212165117263794
test_09151,0.044536981731653214
test_09152,0.7927473783493042
test_09153,0.5001274943351746
test_09154,0.5714521408081055
test_09155,0.15890081226825714
test_09156,0.29316455125808716
test_09157,0.43809080123901367
test_09158,0.60908043384552
test_09159,0.650729238986969
test_09160,0.37885504961013794
test_09161,0.7424177527427673
test_09162,0.14060819149017334
test_09163,0.015536149963736534
test_09164,0.9757713675498962
test_09165,0.4449695944786072
test_09166,0.7788209915161133
test_09167,0.2028874307870865
test_09168,0.9892097115516663
test_09169,0.8855696320533752
test_09170,0.6088001728057861
test_09171,0.5298218131065369
test_09172,0.4915405809879303
test_09173,0.9777310490608215
test_09174,0.6508281826972961
test_09175,0.07755812257528305
test_09176,0.8698754906654358
test_09177,0.9605933427810669
test_09178,0.7309681177139282
test_09179,0.9965378046035767
test_09180,0.052220236510038376
test_09181,0.014086336828768253
test_09182,0.02329416386783123
test_09183,0.7635923624038696
test_09184,0.002276137936860323
test_09185,0.7057430148124695
test_09186,0.8511583209037781
test_09187,0.9478623270988464
test_09188,0.033931881189346313
test_09189,0.2933289110660553
test_09190,0.9696051478385925
test_09191,0.508574903011322
test_09192,0.20704804360866547
test_09193,0.24948750436306
test_09194,0.4802266061306
test_09195,0.5535125136375427
test_09196,0.5226826071739197
test_09197,0.7635852694511414
test_09198,0.9943766593933105
test_09199,0.8222814798355103
test_09200,0.9954496026039124
test_09201,0.26200851798057556
test_09202,0.9799535274505615
test_09203,0.9719884395599365
test_09204,0.9481560587882996
test_09205,0.5020439624786377
test_09206,0.44594842195510864
test_09207,0.08616386353969574
test_09208,0.6837300658226013
test_09209,3.7505778891500086e-05
test_09210,0.5319132804870605
test_09211,0.5797849893569946
test_09212,0.10911116003990173
test_09213,0.6444653868675232
test_09214,0.9868102073669434
test_09215,0.4447252154350281
test_09216,0.9021795392036438
test_09217,0.5249064564704895
test_09218,0.7365595698356628
test_09219,0.2242913544178009
test_09220,0.8572642207145691
test_09221,0.4615229666233063
test_09222,0.559734582901001
test_09223,0.4731571078300476
test_09224,0.12368392944335938
test_09225,0.9086793661117554
test_09226,0.9176318645477295
test_09227,0.008197395130991936
test_09228,0.5924692153930664
test_09229,0.8045205473899841
test_09230,0.8586539626121521
test_09231,0.5505027770996094
test_09232,0.6446210145950317
test_09233,0.9275465607643127
test_09234,0.9996330738067627
test_09235,0.08150631934404373
test_09236,0.5573838353157043
test_09237,0.07607162743806839
test_09238,0.9477771520614624
test_09239,0.5423247218132019
test_09240,0.5643236637115479
test_09241,0.5822232365608215
test_09242,0.6740428805351257
test_09243,0.3897365629673004
test_09244,0.36814165115356445
test_09245,0.5752185583114624
test_09246,0.7894765138626099
test_09247,0.5891398787498474
test_09248,0.0828009843826294
test_09249,0.8899031281471252
test_09250,0.9760456681251526
test_09251,0.9591167569160461
test_09252,0.032299209386110306
test_09253,0.8984768986701965
test_09254,0.6387956738471985
test_09255,0.6219989657402039
test_09256,0.7458895444869995
test_09257,0.2876051366329193
test_09258,0.6146907806396484
test_09259,0.7133386731147766
test_09260,0.0006354515790008008
test_09261,0.40907052159309387
test_09262,0.74257892370224
test_09263,0.6490568518638611
test_09264,0.7580778002738953
test_09265,0.5883334875106812
test_09266,0.16947436332702637
test_09267,0.2311072200536728
test_09268,0.6759021878242493
test_09269,0.19735592603683472
test_09270,0.02913763001561165
test_09271,0.7089381814002991
test_09272,0.32373592257499695
test_09273,0.2119990587234497
test_09274,0.6591768264770508
test_09275,0.9980748891830444
test_09276,0.644340455532074
test_09277,0.3460322916507721
test_09278,0.01864142343401909
test_09279,0.19672074913978577
test_09280,0.04796190187335014
test_09281,0.6786291599273682
test_09282,0.7920778393745422
test_09283,0.6027305722236633
test_09284,0.4272100627422333
test_09285,0.8451718091964722
test_09286,0.646308958530426
test_09287,0.9923797845840454
test_09288,0.7524809241294861
test_09289,0.4931553602218628
test_09290,0.02139267325401306
test_09291,0.6197755932807922
test_09292,0.9778714776039124
test_09293,0.6299716234207153
test_09294,0.4348461329936981
test_09295,0.9948630928993225
test_09296,0.023913953453302383
test_09297,0.6734668016433716
test_09298,0.8279130458831787
test_09299,6.192771979840472e-05
test_09300,0.17611239850521088
test_09301,0.467798113822937
test_09302,0.6469457745552063
test_09303,0.801564633846283
test_09304,0.11240332573652267
test_09305,0.0030379421077668667
test_09306,0.48633497953414917
test_09307,0.7778409719467163
test_09308,0.8438166975975037
test_09309,0.0003589381230995059
test_09310,0.9069952964782715
test_09311,0.8679513335227966
test_09312,0.5811494588851929
test_09313,0.4033215641975403
test_09314,0.38723522424697876
test_09315,0.5652473568916321
test_09316,0.7864006161689758
test_09317,0.4693841338157654
test_09318,0.4364166855812073
test_09319,0.8750852942466736
test_09320,0.49260592460632324
test_09321,0.784122109413147
test_09322,0.8187118172645569
test_09323,0.8653689622879028
test_09324,0.5873865485191345
test_09325,0.8500996232032776
test_09326,0.46585023403167725
test_09327,0.48214834928512573
test_09328,0.5786598920822144
test_09329,0.6226373910903931
test_09330,0.7032666206359863
test_09331,0.9993318915367126
test_09332,0.612017810344696
test_09333,0.3983461260795593
test_09334,0.9998164772987366
test_09335,0.35898223519325256
test_09336,0.7778533697128296
test_09337,0.5542166233062744
test_09338,0.3869453966617584
test_09339,0.63126140832901
test_09340,0.5914663672447205
test_09341,0.14582885801792145
test_09342,0.6544831991195679
test_09343,0.014019515365362167
test_09344,0.8695232272148132
test_09345,0.4919356107711792
test_09346,0.8821738362312317
test_09347,0.9827454686164856
test_09348,0.6641184687614441
test_09349,0.9286551475524902
test_09350,0.9891757369041443
test_09351,0.6189314126968384
test_09352,0.2689249813556671
test_09353,0.012413153424859047
test_09354,0.6831774115562439
test_09355,0.8390132784843445
test_09356,0.566149890422821
test_09357,0.2158583104610443
test_09358,0.07217088341712952
test_09359,0.9573495388031006
test_09360,0.5443350672721863
test_09361,0.20317362248897552
test_09362,0.6703618764877319
test_09363,0.29640263319015503
test_09364,0.15116898715496063
test_09365,0.027484696358442307
test_09366,0.03909791260957718
test_09367,0.6020792722702026
test_09368,0.0177556574344635
test_09369,0.9399803280830383
test_09370,0.40502598881721497
test_09371,0.251278817653656
test_09372,0.8155989646911621
test_09373,0.2928925156593323
test_09374,0.9245318174362183
test_09375,0.7367603778839111
test_09376,0.15416687726974487
test_09377,0.956977903842926
test_09378,0.4772781729698181
test_09379,0.9978395700454712
test_09380,0.20157188177108765
test_09381,0.6644446849822998
test_09382,0.9880070686340332
test_09383,0.3153741657733917
test_09384,0.17226620018482208
test_09385,0.0036459697876125574
test_09386,0.7836571931838989
test_09387,0.7031378746032715
test_09388,0.42583227157592773
test_09389,0.46939605474472046
test_09390,0.38853880763053894
test_09391,0.8543722033500671
test_09392,0.17544130980968475
test_09393,0.15028373897075653
test_09394,0.9806852340698242
test_09395,0.27845481038093567
test_09396,0.9759624600410461
test_09397,0.9933860898017883
test_09398,0.9797953367233276
test_09399,0.18776647746562958
test_09400,0.4789898097515106
test_09401,0.317951500415802
test_09402,0.9937793612480164
test_09403,0.6547693014144897
test_09404,0.8373640179634094
test_09405,0.2975216209888458
test_09406,0.594189465045929
test_09407,0.7278648614883423
test_09408,0.5117581486701965
test_09409,0.574837863445282
test_09410,0.7246028184890747
test_09411,0.7285778522491455
test_09412,0.187633216381073
test_09413,0.5105445981025696
test_09414,0.9245206713676453
test_09415,0.8582509160041809
test_09416,0.05655309930443764
test_09417,0.5024082660675049
test_09418,0.04728858172893524
test_09419,0.11994463205337524
test_09420,0.13182789087295532
test_09421,0.24100610613822937
test_09422,0.38440075516700745
test_09423,0.883729875087738
test_09424,0.40564364194869995
test_09425,0.9753302931785583
test_09426,0.05057624354958534
test_09427,0.42831066250801086
test_09428,0.4430738389492035
test_09429,0.5676406025886536
test_09430,0.5189573168754578
test_09431,0.9137378931045532
test_09432,0.6705699563026428
test_09433,0.39111196994781494
test_09434,0.7783579230308533
test_09435,0.0044382172636687756
test_09436,0.5053407549858093
test_09437,0.15237200260162354
test_09438,0.6925532817840576
test_09439,0.6742334365844727
test_09440,0.49781328439712524
test_09441,0.9672229886054993
test_09442,0.0968269631266594
test_09443,0.7052773833274841
test_09444,0.8687847256660461
test_09445,0.9283014535903931
test_09446,0.4324195086956024
test_09447,0.4787255823612213
test_09448,0.45927950739860535
test_09449,0.484968900680542
test_09450,0.8327233195304871
test_09451,0.25356119871139526
test_09452,0.881652295589447
test_09453,0.6171647310256958
test_09454,0.6524215340614319
test_09455,0.946304202079773
test_09456,0.5366249084472656
test_09457,0.36120596528053284
test_09458,0.6165487766265869
test_09459,0.9999210834503174
test_09460,0.9925843477249146
test_09461,0.46650785207748413
test_09462,0.4133341312408447
test_09463,0.49869272112846375
test_09464,0.7400140166282654
test_09465,0.44006219506263733
test_09466,0.6705263257026672
test_09467,0.9963171482086182
test_09468,0.476254940032959
test_09469,0.05896446108818054
test_09470,0.7402587532997131
test_09471,0.45925506949424744
test_09472,0.9933337569236755
test_09473,0.34659820795059204
test_09474,0.4160405993461609
test_09475,0.9899073839187622
test_09476,0.7705600261688232
test_09477,0.09305786341428757
test_09478,0.2482490986585617
test_09479,0.9865012764930725
test_09480,0.8406751155853271
test_09481,0.01660645753145218
test_09482,0.3071059584617615
test_09483,0.8383293747901917
test_09484,0.6458300948143005
test_09485,0.5303320288658142
test_09486,0.912291407585144
test_09487,0.9930298924446106
test_09488,0.3743021488189697
test_09489,0.5598690509796143
test_09490,0.47885650396347046
test_09491,0.6074727177619934
test_09492,0.9514849185943604
test_09493,0.5791564583778381
test_09494,0.3508923053741455
test_09495,0.3605814576148987
test_09496,0.0216837078332901
test_09497,0.8897517323493958
test_09498,0.49454939365386963
test_09499,0.6044415831565857
test_09500,0.8426096439361572
test_09501,0.9717211127281189
test_09502,0.7873172760009766
test_09503,0.35474342107772827
test_09504,0.6934504508972168
test_09505,0.30193403363227844
test_09506,0.5740525722503662
test_09507,0.30406710505485535
test_09508,0.08572278916835785
test_09509,0.01444307342171669
test_09510,0.5658096075057983
test_09511,0.34897080063819885
test_09512,0.2104242891073227
test_09513,0.5075960755348206
test_09514,0.9848107099533081
test_09515,0.3570004403591156
test_09516,0.6713331937789917
test_09517,0.6323908567428589
test_09518,0.2945347726345062
test_09519,0.9931766986846924
test_09520,0.21879282593727112
test_09521,0.6721696257591248
test_09522,0.009311921894550323
test_09523,0.272195965051651
test_09524,0.654653787612915
test_09525,0.9768706560134888
test_09526,0.4400485157966614
test_09527,0.6148335933685303
test_09528,0.301962286233902
test_09529,0.4309324026107788
test_09530,0.49607425928115845
test_09531,0.9470590949058533
test_09532,0.08260688930749893
test_09533,0.04283679649233818
test_09534,0.7096101641654968
test_09535,0.4754539430141449
test_09536,0.682849109172821
test_09537,0.616241991519928
test_09538,0.9595717787742615
test_09539,0.9951999187469482
test_09540,0.019882619380950928
test_09541,0.5318134427070618
test_09542,0.15479262173175812
test_09543,0.7244963049888611
test_09544,0.36863914132118225
test_09545,0.5302429795265198
test_09546,0.17761071026325226
test_09547,0.0009808643953874707
test_09548,0.8923946619033813
test_09549,0.33395853638648987
test_09550,0.007179902866482735
test_09551,0.5488008856773376
test_09552,0.5261487364768982
test_09553,0.5414460897445679
test_09554,0.2729142904281616
test_09555,0.09517679363489151
test_09556,0.81714928150177
test_09557,0.34124284982681274
test_09558,0.4336909055709839
test_09559,0.9164600372314453
test_09560,0.5866969227790833
test_09561,0.13218149542808533
test_09562,0.806121289730072
test_09563,0.21507959067821503
test_09564,0.5328698754310608
test_09565,0.6534085273742676
test_09566,0.33034977316856384
test_09567,0.16994322836399078
test_09568,0.9891217350959778
test_09569,0.5830454230308533
test_09570,0.4859556257724762
test_09571,0.32452473044395447
test_09572,0.8478497266769409
test_09573,0.5976364016532898
test_09574,0.9958086013793945
test_09575,0.7208593487739563
test_09576,0.58937668800354
test_09577,0.9999325275421143
test_09578,0.0333809070289135
test_09579,0.5473893284797668
test_09580,0.9513777494430542
test_09581,0.3968487083911896
test_09582,0.6314877271652222
test_09583,0.29593950510025024
test_09584,0.6645002961158752
test_09585,0.6759841442108154
test_09586,0.5728824138641357
test_09587,0.36617571115493774
test_09588,0.4945000112056732
test_09589,0.8598065376281738
test_09590,0.4332355856895447
test_09591,0.8971845507621765
test_09592,0.4769984781742096
test_09593,0.6355776190757751
test_09594,0.9933698177337646
test_09595,0.8208842277526855
test_09596,0.8116773366928101
test_09597,0.9116607308387756
test_09598,0.583959698677063
test_09599,0.3159386217594147
test_09600,0.003179275430738926
test_09601,0.350413054227829
test_09602,0.26819896697998047
test_09603,0.582032322883606
test_09604,0.49979349970817566
test_09605,0.6746248006820679
test_09606,0.5282381176948547
test_09607,0.9836169481277466
test_09608,0.6533583998680115
test_09609,0.4712282717227936
test_09610,0.6281728744506836
test_09611,0.19047416746616364
test_09612,0.8074260354042053
test_09613,0.5247945785522461
test_09614,0.3583669662475586
test_09615,0.5403239130973816
test_09616,0.08850657194852829
test_09617,0.9301290512084961
test_09618,0.3017127513885498
test_09619,0.3328574299812317
test_09620,0.9722276926040649
test_09621,0.9783769845962524
test_09622,0.38719451427459717
test_09623,0.9127916097640991
test_09624,0.6480061411857605
test_09625,0.1382560133934021
test_09626,0.9332249760627747
test_09627,0.584531307220459
test_09628,0.029503270983695984
test_09629,0.9444808959960938
test_09630,0.03308432176709175
test_09631,0.3586057722568512
test_09632,0.30092817544937134
test_09633,0.9676101207733154
test_09634,0.8195140361785889
test_09635,0.39622583985328674
test_09636,0.9027663469314575
test_09637,0.5281615257263184
test_09638,0.2632693946361542
test_09639,0.5858676433563232
test_09640,0.6618713140487671
test_09641,0.8410752415657043
test_09642,0.7485060691833496
test_09643,0.4694702923297882
test_09644,0.06741605699062347
test_09645,0.9831821918487549
test_09646,0.06632044166326523
test_09647,0.5168418884277344
test_09648,0.5292200446128845
test_09649,0.20295250415802002
test_09650,0.08494742214679718
test_09651,0.5830258727073669
test_09652,0.5712917447090149
test_09653,0.9870108366012573
test_09654,0.5040549635887146
test_09655,0.9906011819839478
test_09656,0.01498881820589304
test_09657,0.04462871327996254
test_09658,0.6567325592041016
test_09659,0.1352793276309967
test_09660,0.6809465289115906
test_09661,0.9941582679748535
test_09662,0.4308280050754547
test_09663,0.9487079977989197
test_09664,0.06200755387544632
test_09665,0.54721599817276
test_09666,0.5780834555625916
test_09667,0.7867257595062256
test_09668,0.24276703596115112
test_09669,0.9955860376358032
test_09670,0.26830291748046875
test_09671,0.029291324317455292
test_09672,0.6877777576446533
test_09673,0.9870539307594299
test_09674,0.56395423412323
test_09675,0.4143279492855072
test_09676,0.06454615294933319
test_09677,0.8249243497848511
test_09678,0.4581250548362732
test_09679,0.952601969242096
test_09680,0.47408393025398254
test_09681,0.5318390727043152
test_09682,0.11626792699098587
test_09683,0.8302124738693237
test_09684,0.5562291741371155
test_09685,0.9138092398643494
test_09686,0.7344019412994385
test_09687,0.03872128203511238
test_09688,0.7292034029960632
test_09689,0.17754334211349487
test_09690,0.9902442693710327
test_09691,0.9888609051704407
test_09692,0.6106140613555908
test_09693,0.22886377573013306
test_09694,0.9017298817634583
test_09695,0.7828413248062134
test_09696,0.552696704864502
test_09697,0.8645958304405212
test_09698,0.6883789300918579
test_09699,0.818342924118042
test_09700,0.5718173384666443
test_09701,0.12427225708961487
test_09702,0.7144917845726013
test_09703,0.027839718386530876
test_09704,0.9836329817771912
test_09705,0.7976126670837402
test_09706,0.0254183579236269
test_09707,0.9308225512504578
test_09708,0.514062225818634
test_09709,0.5154621601104736
test_09710,0.7201027274131775
test_09711,0.5668813586235046
test_09712,0.019330430775880814
test_09713,0.3687240481376648
test_09714,0.5836262106895447
test_09715,0.3262656331062317
test_09716,0.565933883190155
test_09717,0.49293649196624756
test_09718,0.9914941787719727
test_09719,0.17460240423679352
test_09720,0.543125331401825
test_09721,0.22892993688583374
test_09722,0.2057878077030182
test_09723,0.43122783303260803
test_09724,0.7175395488739014
test_09725,0.489450603723526
test_09726,0.6437517404556274
test_09727,0.9448513984680176
test_09728,0.5023446083068848
test_09729,0.6403803825378418
test_09730,0.9609447121620178
test_09731,0.45073503255844116
test_09732,0.670403003692627
test_09733,0.9889711737632751
test_09734,0.2473272681236267
test_09735,0.7824092507362366
test_09736,0.9427619576454163
test_09737,0.5166669487953186
test_09738,0.012171987444162369
test_09739,0.6725584864616394
test_09740,0.7891369462013245
test_09741,0.8060888051986694
test_09742,0.9589431881904602
test_09743,0.037794869393110275
test_09744,0.9609440565109253
test_09745,0.9207959175109863
test_09746,0.7925046682357788
test_09747,0.5220471620559692
test_09748,0.5071402788162231
test_09749,0.9540585875511169
test_09750,0.10284332931041718
test_09751,0.37017935514450073
test_09752,0.6317487955093384
test_09753,0.6408918499946594
test_09754,0.6200377941131592
test_09755,0.3638609051704407
test_09756,0.7715240120887756
test_09757,0.6420557498931885
test_09758,0.9874669909477234
test_09759,0.1777840554714203
test_09760,0.48633745312690735
test_09761,0.03520976006984711
test_09762,0.7104830145835876
test_09763,0.5281421542167664
test_09764,0.6388370990753174
test_09765,0.2719269394874573
test_09766,0.33953723311424255
test_09767,0.8832912445068359
test_09768,0.7946925163269043
test_09769,0.0015589026734232903
test_09770,0.5600488185882568
test_09771,0.5661109089851379
test_09772,0.9744343161582947
test_09773,0.7126898765563965
test_09774,0.8839272260665894
test_09775,0.9456772208213806
test_09776,0.5647199749946594
test_09777,0.8253892064094543
test_09778,0.08653508126735687
test_09779,0.019069399684667587
test_09780,0.29173555970191956
test_09781,0.9147949814796448
test_09782,0.9750105738639832
test_09783,0.4101986885070801
test_09784,0.4481031894683838
test_09785,0.49190255999565125
test_09786,0.021533304825425148
test_09787,0.6447380185127258
test_09788,0.51225346326828
test_09789,0.5174877643585205
test_09790,0.5050554871559143
test_09791,0.5269392132759094
test_09792,0.4501327872276306
test_09793,0.2697852849960327
test_09794,0.3824516236782074
test_09795,0.24063023924827576
test_09796,0.30707016587257385
test_09797,0.6904346346855164
test_09798,0.5440255403518677
test_09799,0.8471666574478149
test_09800,0.4564107060432434
test_09801,0.7521710395812988
test_09802,0.9997590184211731
test_09803,0.4805297553539276
test_09804,0.2845696806907654
test_09805,0.8411605954170227
test_09806,0.7654420733451843
test_09807,0.9700865149497986
test_09808,0.6002644300460815
test_09809,0.6404528617858887
test_09810,0.36617544293403625
test_09811,0.44435036182403564
test_09812,0.18607541918754578
test_09813,0.31599316000938416
test_09814,0.39738914370536804
test_09815,0.6982137560844421
test_09816,0.5533530116081238
test_09817,0.2706604301929474
test_09818,0.9351314902305603
test_09819,0.6131483912467957
test_09820,0.26233455538749695
test_09821,0.5282191634178162
test_09822,0.9802055358886719
test_09823,0.6010375618934631
test_09824,0.16319648921489716
test_09825,0.5047475099563599
test_09826,0.9979889392852783
test_09827,0.15440787374973297
test_09828,0.03736929967999458
test_09829,0.38819971680641174
test_09830,0.9995561242103577
test_09831,0.9971467852592468
test_09832,0.018434854224324226
test_09833,0.055464617908000946
test_09834,0.9311250448226929
test_09835,0.03441984951496124
test_09836,0.10791424661874771
test_09837,0.6936340928077698
test_09838,0.06894797086715698
test_09839,0.9605409502983093
test_09840,0.9874399900436401
test_09841,0.8181729912757874
test_09842,0.8621070981025696
test_09843,0.8576154112815857
test_09844,0.12331186234951019
test_09845,0.389866441488266
test_09846,0.3704544007778168
test_09847,0.666213870048523
test_09848,0.9658411145210266
test_09849,0.9276943802833557
test_09850,0.5040881633758545
test_09851,0.12233501672744751
test_09852,0.3839232325553894
test_09853,0.49360594153404236
test_09854,0.9153170585632324
test_09855,0.0805661678314209
test_09856,0.2699446678161621
test_09857,0.3364882469177246
test_09858,0.2437618523836136
test_09859,0.7755793929100037
test_09860,0.4572008550167084
test_09861,0.03355320543050766
test_09862,0.4643648564815521
test_09863,0.9620901346206665
test_09864,0.4955034554004669
test_09865,0.11415351182222366
test_09866,0.5616392493247986
test_09867,0.05063154175877571
test_09868,0.9731364250183105
test_09869,0.2940932512283325
test_09870,0.49725255370140076
test_09871,0.3025888204574585
test_09872,0.5924450159072876
test_09873,0.7831523418426514
test_09874,0.11327315866947174
test_09875,0.9999979734420776
test_09876,0.8498376607894897
test_09877,0.7888138890266418
test_09878,0.2462371438741684
test_09879,0.8146360516548157
test_09880,0.7035514116287231
test_09881,0.9321719408035278
test_09882,0.7495366334915161
test_09883,0.18193519115447998
test_09884,0.45640188455581665
test_09885,0.4181310534477234
test_09886,0.5934509634971619
test_09887,0.5977286100387573
test_09888,0.8911545276641846
test_09889,0.4534319043159485
test_09890,0.8453084826469421
test_09891,0.40165817737579346
test_09892,0.9234267473220825
test_09893,0.7916595935821533
test_09894,0.16562941670417786
test_09895,0.04967546835541725
test_09896,0.25015920400619507
test_09897,0.9318675398826599
test_09898,0.295960932970047
test_09899,0.42154479026794434
test_09900,0.011188303120434284
test_09901,0.37700003385543823
test_09902,0.7454861402511597
test_09903,0.47268781065940857
test_09904,0.8759350776672363
test_09905,0.6857675909996033
test_09906,0.7931211590766907
test_09907,0.7107594609260559
test_09908,0.9794431328773499
test_09909,0.09784737974405289
test_09910,0.0006591574056074023
test_09911,0.8732353448867798
test_09912,0.10066842287778854
test_09913,0.5155187845230103
test_09914,0.770433247089386
test_09915,0.9250905513763428
test_09916,0.9818770885467529
test_09917,0.9104986786842346
test_09918,0.4847137928009033
test_09919,0.4224160313606262
test_09920,0.47718626260757446
test_09921,0.4395732879638672
test_09922,0.9512428045272827
test_09923,0.73946613073349
test_09924,0.8484166264533997
test_09925,0.9996346235275269
test_09926,0.9557867050170898
test_09927,0.19342535734176636
test_09928,0.8481852412223816
test_09929,0.8686243891716003
test_09930,0.9937658309936523
test_09931,0.7894185781478882
test_09932,0.9685233235359192
test_09933,0.6497499346733093
test_09934,0.8478265404701233
test_09935,0.7417076230049133
test_09936,0.9246052503585815
test_09937,0.9383344650268555
test_09938,0.8070068955421448
test_09939,0.571541428565979
test_09940,0.3501640260219574
test_09941,0.663702130317688
test_09942,0.23049408197402954
test_09943,0.8625715970993042
test_09944,0.3167807459831238
test_09945,0.9310868978500366
test_09946,0.6238865256309509
test_09947,0.6346285939216614
test_09948,0.7309436202049255
test_09949,0.5225006937980652
test_09950,0.23572233319282532
test_09951,0.020517708733677864
test_09952,0.8256780505180359
test_09953,0.6481990814208984
test_09954,0.7733939290046692
test_09955,0.01182426419109106
test_09956,0.4604301452636719
test_09957,0.3131716251373291
test_09958,0.2189793586730957
test_09959,0.4833574593067169
test_09960,0.8551845550537109
test_09961,0.8925237655639648
test_09962,0.7804704308509827
test_09963,0.08703207224607468
test_09964,0.02371242642402649
test_09965,0.03792429715394974
test_09966,0.7440662384033203
test_09967,0.9913389682769775
test_09968,0.37899455428123474
test_09969,0.6485152840614319
test_09970,0.196428120136261
test_09971,0.999980092048645
test_09972,0.8736673593521118
test_09973,0.5575152635574341
test_09974,0.9132178425788879
test_09975,0.14202675223350525
test_09976,0.08847631514072418
test_09977,0.016305292025208473
test_09978,0.1935092955827713
test_09979,0.8014974594116211
test_09980,0.3416975736618042
test_09981,0.7232890129089355
test_09982,0.183356374502182
test_09983,0.3667352497577667
test_09984,0.06956782191991806
test_09985,0.14513061940670013
test_09986,0.09810710698366165
test_09987,0.5007239580154419
test_09988,0.09656426310539246
test_09989,0.7538214325904846
test_09990,0.4229026734828949
test_09991,0.041703734546899796
test_09992,0.8262194991111755
test_09993,0.696639358997345
test_09994,0.4347180426120758
test_09995,0.1402929425239563
test_09996,0.9853730797767639
test_09997,0.3199205994606018
test_09998,0.5729020833969116
test_09999,0.9491442441940308
test_10000,0.134526327252388
test_10001,0.8604141473770142
test_10002,0.9356704950332642
test_10003,0.45350366830825806
test_10004,0.9886964559555054
test_10005,0.0005211418028920889
test_10006,0.5672592520713806
test_10007,0.8010776042938232
test_10008,0.4188385009765625
test_10009,0.006310895085334778
test_10010,0.9999986886978149
test_10011,0.36422067880630493
test_10012,0.560237467288971
test_10013,0.6273176074028015
test_10014,0.5241554975509644
test_10015,0.4802848994731903
test_10016,0.3284808397293091
test_10017,0.6886336803436279
test_10018,0.509522557258606
test_10019,0.9382768869400024
test_10020,0.6134396195411682
test_10021,0.4040217399597168
test_10022,0.0571877658367157
test_10023,0.6336426138877869
test_10024,0.4277094006538391
test_10025,0.6094965934753418
test_10026,0.1212610974907875
test_10027,0.09849599003791809
test_10028,0.44097307324409485
test_10029,0.9450896382331848
test_10030,0.4722510278224945
test_10031,0.05664047226309776
test_10032,0.17215371131896973
test_10033,0.6816477179527283
test_10034,0.3983689248561859
test_10035,0.4562970995903015
test_10036,0.5610658526420593
test_10037,0.955466091632843
test_10038,0.8675302267074585
test_10039,0.908768355846405
test_10040,0.9574326872825623
test_10041,0.936856746673584
test_10042,0.9619287252426147
test_10043,0.3163314461708069
test_10044,0.3693322539329529
test_10045,0.33801937103271484
test_10046,0.9774504899978638
test_10047,0.8309277892112732
test_10048,0.036578044295310974
test_10049,0.5835369229316711
test_10050,0.6285610198974609
test_10051,0.29766544699668884
test_10052,0.6697322130203247
test_10053,0.6105585098266602
test_10054,0.15958282351493835
test_10055,0.45515012741088867
test_10056,0.4870811998844147
test_10057,0.15445548295974731
test_10058,0.6136640310287476
test_10059,0.64748615026474
test_10060,0.3523045480251312
test_10061,0.5187252759933472
test_10062,0.16376157104969025
test_10063,0.9874258041381836
test_10064,0.215493842959404
test_10065,0.6620680689811707
test_10066,0.4195190966129303
test_10067,0.7842959761619568
test_10068,0.9696109890937805
test_10069,0.64337158203125
test_10070,0.5140467286109924
test_10071,0.5932028889656067
test_10072,0.42299917340278625
test_10073,0.6005561351776123
test_10074,0.00010331272642361
test_10075,0.4782334566116333
test_10076,0.08084522932767868
test_10077,0.019570743665099144
test_10078,0.9627078771591187
test_10079,0.6085284352302551
test_10080,0.7116480469703674
test_10081,0.41701754927635193
test_10082,0.9912763833999634
test_10083,0.3688308894634247
test_10084,0.9216189384460449
test_10085,0.04158640652894974
test_10086,0.8081631064414978
test_10087,0.6287921071052551
test_10088,0.02715122513473034
test_10089,0.6066693067550659
test_10090,0.5745840072631836
test_10091,0.9369928240776062
test_10092,0.9814823865890503
test_10093,0.4418731927871704
test_10094,0.8403603434562683
test_10095,0.12918050587177277
test_10096,0.06397761404514313
test_10097,0.8973167538642883
test_10098,0.471285879611969
test_10099,0.6126253008842468
test_10100,0.9999822378158569
test_10101,0.8848630785942078
test_10102,0.5171071290969849
test_10103,0.4978809654712677
test_10104,0.7902012467384338
test_10105,0.7960082292556763
test_10106,0.04623175412416458
test_10107,0.018388792872428894
test_10108,0.6474939584732056
test_10109,0.8701708316802979
test_10110,0.9838665723800659
test_10111,0.32377779483795166
test_10112,0.3734867572784424
test_10113,0.2042064517736435
test_10114,0.678417444229126
test_10115,0.33629050850868225
test_10116,0.988338053226471
test_10117,0.3023070991039276
test_10118,0.9758216738700867
test_10119,0.7600935101509094
test_10120,0.4624740779399872
test_10121,0.8386304974555969
test_10122,0.5207698345184326
test_10123,0.4900858998298645
test_10124,0.7356120347976685
test_10125,0.00545565877109766
test_10126,0.008854327723383904
test_10127,0.07640830427408218
test_10128,0.5182716250419617
test_10129,0.8179340958595276
test_10130,0.518436074256897
test_10131,0.9394893050193787
test_10132,0.008440963923931122
test_10133,0.26719382405281067
test_10134,0.3693820834159851
test_10135,0.6046654582023621
test_10136,0.5893141627311707
test_10137,0.0022886283695697784
test_10138,0.9936059713363647
test_10139,0.5959118604660034
test_10140,0.7060361504554749
test_10141,0.852622389793396
test_10142,0.16107340157032013
test_10143,0.7564960718154907
test_10144,0.8972338438034058
test_10145,0.2596968710422516
test_10146,0.7524634003639221
test_10147,0.9071317911148071
test_10148,0.6253008246421814
test_10149,0.6318274140357971
test_10150,0.3978576958179474
test_10151,0.11341747641563416
test_10152,0.7149626016616821
test_10153,0.14663642644882202
test_10154,0.5224611759185791
test_10155,0.9793078303337097
test_10156,0.7176647186279297
test_10157,0.6423357129096985
test_10158,0.4957515597343445
test_10159,0.2591094672679901
test_10160,0.7907176613807678
test_10161,0.7502588033676147
test_10162,0.5729783773422241
test_10163,0.4175585210323334
test_10164,0.398360937833786
test_10165,0.002179820789024234
test_10166,0.9964763522148132
test_10167,0.9791984558105469
test_10168,0.630185067653656
test_10169,0.8774176836013794
test_10170,0.9768863320350647
test_10171,0.16277383267879486
test_10172,0.8808227777481079
test_10173,0.9054784774780273
test_10174,0.9459758400917053
test_10175,0.838448703289032
test_10176,0.03658709302544594
test_10177,0.17446380853652954
test_10178,0.3376982510089874
test_10179,0.8004727959632874
test_10180,0.6625771522521973
test_10181,0.9529192447662354
test_10182,0.9352047443389893
test_10183,0.853399932384491
test_10184,0.9557235240936279
test_10185,0.00011617784184636548
test_10186,0.428658127784729
test_10187,0.8462580442428589
test_10188,0.9942538142204285
test_10189,0.5944008231163025
test_10190,0.8328028917312622
test_10191,0.859340488910675
test_10192,0.6638495922088623
test_10193,0.8888668417930603
test_10194,0.6187132000923157
test_10195,0.4015076458454132
test_10196,0.9011276364326477
test_10197,0.5895688533782959
test_10198,0.024132197722792625
test_10199,0.9379944205284119
test_10200,0.4788128733634949
test_10201,0.022840647026896477
test_10202,0.5316948294639587
test_10203,0.6405770778656006
test_10204,0.5580345988273621
test_10205,0.23526355624198914
test_10206,0.14456214010715485
test_10207,0.7341644167900085
test_10208,0.0206610094755888
test_10209,0.9995131492614746
test_10210,0.9778391122817993
test_10211,0.5221625566482544
test_10212,0.2135733962059021
test_10213,0.17490573227405548
test_10214,0.9204744696617126
test_10215,0.6127044558525085
test_10216,0.8548305034637451
test_10217,0.33041614294052124
test_10218,0.5827022790908813
test_10219,0.910335898399353
test_10220,0.9827273488044739
test_10221,0.7368538975715637
test_10222,0.9956144094467163
test_10223,0.7800936698913574
test_10224,0.4075227975845337
test_10225,0.5455470681190491
test_10226,0.028849050402641296
test_10227,0.2373623102903366
test_10228,0.9040514230728149
test_10229,0.8023613691329956
test_10230,0.22800354659557343
test_10231,0.04558137059211731
test_10232,0.4182489812374115
test_10233,0.7668424844741821
test_10234,0.14198309183120728
test_10235,0.113247349858284
test_10236,0.9056261777877808
test_10237,0.7149848937988281
test_10238,0.5087785124778748
test_10239,0.15584510564804077
test_10240,0.8559251427650452
test_10241,0.7019034028053284
test_10242,0.9959391355514526
test_10243,0.875381350517273
test_10244,0.9500359892845154
test_10245,0.5668336749076843
test_10246,0.3578007221221924
test_10247,0.4290587306022644
test_10248,0.010538250207901001
test_10249,0.8713266849517822
test_10250,0.5701203942298889
test_10251,0.740379273891449
test_10252,0.28279632329940796
test_10253,0.7474871873855591
test_10254,0.9502641558647156
test_10255,0.3324269950389862
test_10256,0.8195209503173828
test_10257,0.27911514043807983
test_10258,0.21781787276268005
test_10259,0.3316355049610138
test_10260,0.4588831663131714
test_10261,0.4556995630264282
test_10262,0.6061698794364929
test_10263,0.9739209413528442
test_10264,0.8129428029060364
test_10265,0.9592860341072083
test_10266,0.04623546451330185
test_10267,0.17848041653633118
test_10268,0.658897876739502
test_10269,0.49018463492393494
test_10270,0.8976706266403198
test_10271,0.352771520614624
test_10272,0.1304745376110077
test_10273,0.9947023987770081
test_10274,0.4396917521953583
test_10275,0.29619187116622925
test_10276,0.9929653406143188
test_10277,0.6165236830711365
test_10278,0.8569382429122925
test_10279,0.4635794460773468
test_10280,0.45945027470588684
test_10281,0.9809503555297852
test_10282,0.017773205414414406
test_10283,0.03729628771543503
test_10284,0.8399211168289185
test_10285,0.7826840877532959
test_10286,0.6771824955940247
test_10287,0.2039639800786972
test_10288,0.9943442344665527
test_10289,0.5720008611679077
test_10290,0.9363170862197876
test_10291,0.6696658730506897
test_10292,0.5502153038978577
test_10293,0.9881993532180786
test_10294,0.030070999637246132
test_10295,0.473431259393692
test_10296,0.10053683817386627
test_10297,0.06217202544212341
test_10298,0.005262304563075304
test_10299,0.005532181356102228
test_10300,0.8845545053482056
test_10301,0.4573766589164734
test_10302,0.9245726466178894
test_10303,0.8098369836807251
test_10304,0.7185209393501282
test_10305,0.35045766830444336
test_10306,0.1357928067445755
test_10307,0.13504020869731903
test_10308,0.9188815951347351
test_10309,0.2892727255821228
test_10310,0.584754228591919
test_10311,0.12079848349094391
test_10312,0.827747642993927
test_10313,0.8149357438087463
test_10314,0.8957173824310303
test_10315,0.363051176071167
test_10316,0.9206538200378418
test_10317,0.013627308420836926
test_10318,0.9427448511123657
test_10319,0.9220514893531799
test_10320,0.9625375270843506
test_10321,0.5866681337356567
test_10322,0.3959002196788788
test_10323,0.13523072004318237
test_10324,1.2339128261373844e-06
test_10325,0.99993896484375
test_10326,0.924761950969696
test_10327,0.847707986831665
test_10328,0.6156660914421082
test_10329,0.09330569952726364
test_10330,0.005080393515527248
test_10331,0.9937132000923157
test_10332,0.7101759910583496
test_10333,0.7927695512771606
test_10334,0.24874143302440643
test_10335,0.8932135701179504
test_10336,0.9479788541793823
test_10337,0.8709251284599304
test_10338,0.04216182231903076
test_10339,0.8903416991233826
test_10340,0.4673198461532593
test_10341,0.44711753726005554
test_10342,0.9163302779197693
test_10343,0.505450963973999
test_10344,0.35915619134902954
test_10345,0.5582678914070129
test_10346,0.7036483287811279
test_10347,0.6622024178504944
test_10348,0.5399124026298523
test_10349,0.6422482132911682
test_10350,0.5510973334312439
test_10351,0.0032522007822990417
test_10352,0.0036340041551738977
test_10353,0.0567050464451313
test_10354,0.9145159721374512
test_10355,0.6381322145462036
test_10356,0.22729919850826263
test_10357,0.8432071208953857
test_10358,0.6383171081542969
test_10359,0.5549874901771545
test_10360,0.5688151121139526
test_10361,0.7256418466567993
test_10362,0.3630330562591553
test_10363,0.40275028347969055
test_10364,0.872330904006958
test_10365,0.2525765299797058
test_10366,0.9981573224067688
test_10367,0.6361203193664551
test_10368,0.47763511538505554
test_10369,0.4746496081352234
test_10370,0.4905351400375366
test_10371,0.043321382254362106
test_10372,0.4195035696029663
test_10373,0.42711231112480164
test_10374,0.08836556226015091
test_10375,0.47088879346847534
test_10376,0.9958431124687195
test_10377,0.033004652708768845
test_10378,0.6274383068084717
test_10379,0.8604700565338135
test_10380,0.47187086939811707
test_10381,0.698777437210083
test_10382,0.8879468441009521
test_10383,0.9784958958625793
test_10384,0.3931308388710022
test_10385,0.49749255180358887
test_10386,0.9944120049476624
test_10387,0.544122576713562
test_10388,0.0028309314511716366
test_10389,0.0027507254853844643
test_10390,0.8018986582756042
test_10391,0.8815959692001343
test_10392,0.09513404965400696
test_10393,0.363444447517395
test_10394,0.803068220615387
test_10395,0.6367233395576477
test_10396,0.09015557914972305
test_10397,0.8770245909690857
test_10398,0.845427393913269
test_10399,0.001849080785177648
test_10400,0.6310098171234131
test_10401,0.6858530044555664
test_10402,0.02666894532740116
test_10403,0.1561076045036316
test_10404,0.5460402369499207
test_10405,0.40797606110572815
test_10406,0.4218955338001251
test_10407,0.8582442402839661
test_10408,0.999985933303833
test_10409,0.5357434749603271
test_10410,0.4273982644081116
test_10411,0.8322547674179077
test_10412,0.5809688568115234
test_10413,0.6573699116706848
test_10414,0.2689926028251648
test_10415,0.8012282252311707
test_10416,0.6968622207641602
test_10417,0.06528967618942261
test_10418,0.4890047311782837
test_10419,0.8598860502243042
test_10420,0.36823007464408875
test_10421,0.6032566428184509
test_10422,0.8031324744224548
test_10423,0.9769557118415833
test_10424,0.9717748165130615
test_10425,0.4128308892250061
test_10426,0.9863470196723938
test_10427,0.41709303855895996
test_10428,0.5628878474235535
test_10429,0.5323309302330017
test_10430,0.35991722345352173
test_10431,0.5782065391540527
test_10432,0.7473066449165344
test_10433,0.16313877701759338
test_10434,0.8303960561752319
test_10435,0.5654031038284302
test_10436,0.023690350353717804
test_10437,0.7697539329528809
test_10438,0.8809681534767151
test_10439,0.8976047039031982
test_10440,0.013856413774192333
test_10441,0.5464942455291748
test_10442,0.4530915319919586
test_10443,0.616658627986908
test_10444,0.4680399000644684
test_10445,0.7509741187095642
test_10446,0.028500014916062355
test_10447,0.8334078192710876
test_10448,0.6550895571708679
test_10449,0.6096839308738708
test_10450,0.9937127232551575
test_10451,0.9176853895187378
test_10452,0.7053481936454773
test_10453,0.6967647075653076
test_10454,0.5421697497367859
test_10455,0.31858688592910767
test_10456,0.5415157675743103
test_10457,0.9996747970581055
test_10458,0.00014918787928763777
test_10459,0.5757352709770203
test_10460,0.5202271342277527
test_10461,0.5623868107795715
test_10462,0.5849666595458984
test_10463,0.029627563431859016
test_10464,0.054715801030397415
test_10465,0.7216904759407043
test_10466,0.9214172959327698
test_10467,0.8885892033576965
test_10468,0.8000106811523438
test_10469,0.8568494915962219
test_10470,0.804988443851471
test_10471,0.5841007828712463
test_10472,0.7985172271728516
test_10473,0.8048287034034729
test_10474,0.7435360550880432
test_10475,0.19414670765399933
test_10476,0.0065926662646234035
test_10477,0.794481098651886
test_10478,0.30076897144317627
test_10479,0.7431628108024597
test_10480,0.8282006978988647
test_10481,0.6326518654823303
test_10482,0.07012966275215149
test_10483,0.42585036158561707
test_10484,0.8366951942443848
test_10485,0.3927108645439148
test_10486,0.03266149386763573
test_10487,0.8726000785827637
test_10488,0.6276754140853882
test_10489,0.9812905192375183
test_10490,0.9770662188529968
test_10491,0.7033585906028748
test_10492,0.055558498948812485
test_10493,0.8960854411125183
test_10494,0.48059362173080444
test_10495,0.9947463274002075
test_10496,0.5587573051452637
test_10497,0.02174990624189377
test_10498,0.33755072951316833
test_10499,0.5718182325363159
test_10500,0.1764790415763855
test_10501,0.9020615816116333
test_10502,0.6776629090309143
test_10503,0.9044127464294434
test_10504,0.44069138169288635
test_10505,0.7170928716659546
test_10506,0.9982434511184692
test_10507,0.5643681883811951
test_10508,0.24570231139659882
test_10509,0.9200379848480225
test_10510,0.5956149101257324
test_10511,0.0706261694431305
test_10512,0.10179436951875687
test_10513,0.9982022047042847
test_10514,0.9979963898658752
test_10515,0.7977612614631653
test_10516,0.9948874115943909
test_10517,0.7561118602752686
test_10518,0.15930095314979553
test_10519,0.0042075649835169315
test_10520,0.9661259651184082
test_10521,0.8899093866348267
test_10522,0.4422394335269928
test_10523,0.9746112823486328
test_10524,0.5354995131492615
test_10525,0.602432906627655
test_10526,0.9689987897872925
test_10527,0.8656843900680542
test_10528,0.8043504357337952
test_10529,0.07437451928853989
test_10530,0.16469287872314453
test_10531,0.5554377436637878
test_10532,0.987086296081543
test_10533,0.8931779861450195
test_10534,0.8563278913497925
test_10535,0.45115819573402405
test_10536,0.27453431487083435
test_10537,0.5505277514457703
test_10538,0.19676326215267181
test_10539,0.8032597899436951
test_10540,0.576870322227478
test_10541,0.026934128254652023
test_10542,0.7379926443099976
test_10543,0.760709285736084
test_10544,0.25177422165870667
test_10545,0.2320341020822525
test_10546,0.82770836353302
test_10547,0.6073672771453857
test_10548,0.1863899677991867
test_10549,0.7632782459259033
test_10550,0.8612247109413147
test_10551,0.001133459503762424
test_10552,0.4999878406524658
test_10553,0.27669450640678406
test_10554,0.9771741032600403
test_10555,0.6552664041519165
test_10556,0.638058066368103
test_10557,0.1642094999551773
test_10558,0.41828033328056335
test_10559,0.37598586082458496
test_10560,0.9977407455444336
test_10561,0.32719576358795166
test_10562,0.4993952810764313
test_10563,0.3577035069465637
test_10564,0.9999158382415771
test_10565,0.4980774223804474
test_10566,0.9086734652519226
test_10567,0.3021329939365387
test_10568,0.8465644717216492
test_10569,0.6009630560874939
test_10570,0.5050186514854431
test_10571,0.6702068448066711
test_10572,0.6512120962142944
test_10573,0.9538983702659607
test_10574,0.44545143842697144
test_10575,0.9164189696311951
test_10576,0.9243983626365662
test_10577,0.5701464414596558
test_10578,0.008107312023639679
test_10579,0.8026004433631897
test_10580,0.32641181349754333
test_10581,0.9822015166282654
test_10582,0.12929312884807587
test_10583,0.13899168372154236
test_10584,0.9214168787002563
test_10585,0.15370412170886993
test_10586,0.36953040957450867
test_10587,0.9963791966438293
test_10588,0.04676829278469086
test_10589,0.2975821793079376
test_10590,0.34897366166114807
test_10591,0.22148939967155457
test_10592,0.49644407629966736
test_10593,0.9703930020332336
test_10594,0.773186445236206
test_10595,0.602798581123352
test_10596,0.9881033301353455
test_10597,0.24313709139823914
test_10598,0.2734387516975403
test_10599,0.3519395887851715
test_10600,0.07304437458515167
test_10601,0.23431682586669922
test_10602,0.06289242208003998
test_10603,0.6494672894477844
test_10604,0.5912379622459412
test_10605,0.9919596314430237
test_10606,0.47886326909065247
test_10607,0.1300421804189682
test_10608,0.251883864402771
test_10609,0.5314717292785645
test_10610,0.2907636761665344
test_10611,0.49742811918258667
test_10612,0.3670826852321625
test_10613,0.18608355522155762
test_10614,0.29408082365989685
test_10615,0.9757517576217651
test_10616,0.11821068078279495
test_10617,0.5768555998802185
test_10618,0.9954220652580261
test_10619,0.8254862427711487
test_10620,0.9268390536308289
test_10621,0.9772170186042786
test_10622,0.9902691841125488
test_10623,0.6046629548072815
test_10624,6.086624853196554e-05
test_10625,0.7491372227668762
test_10626,0.17755910754203796
test_10627,0.6159862279891968
test_10628,0.5689213871955872
test_10629,0.6308936476707458
test_10630,0.7610167264938354
test_10631,0.5434878468513489
test_10632,0.8357155919075012
test_10633,0.8290358185768127
test_10634,0.780055820941925
test_10635,0.9722130298614502
test_10636,0.8507924675941467
test_10637,0.5409839153289795
test_10638,0.11662916839122772
test_10639,0.9867129325866699
test_10640,0.3542660176753998
test_10641,0.999489426612854
test_10642,0.8076291084289551
test_10643,0.17710672318935394
test_10644,0.694923996925354
test_10645,0.5146608352661133
test_10646,0.07176394760608673
test_10647,0.8129116296768188
test_10648,0.2545895278453827
test_10649,0.4735122323036194
test_10650,0.3895217776298523
test_10651,0.5101661086082458
test_10652,0.23914021253585815
test_10653,0.03913327306509018
test_10654,0.23127838969230652
test_10655,0.5463082790374756
test_10656,0.5974159836769104
test_10657,0.5270363092422485
test_10658,0.8622662425041199
test_10659,0.05113232880830765
test_10660,0.4729163348674774
test_10661,0.4911543130874634
test_10662,0.8413700461387634
test_10663,0.4898867905139923
test_10664,0.9977216124534607
test_10665,0.4448746144771576
test_10666,0.0036059666890650988
test_10667,0.5675946474075317
test_10668,0.8284342885017395
test_10669,0.5615729689598083
test_10670,0.010166605934500694
test_10671,0.4791720509529114
test_10672,0.47105300426483154
test_10673,0.5494809746742249
test_10674,0.3750566244125366
test_10675,0.9783642888069153
test_10676,0.9932883381843567
test_10677,0.4194941520690918
test_10678,0.5732929110527039
test_10679,0.8790214657783508
test_10680,0.6998053789138794
test_10681,0.8852525353431702
test_10682,0.5208643078804016
test_10683,0.9268102645874023
test_10684,0.5149291753768921
test_10685,0.39236101508140564
test_10686,0.9214290380477905
test_10687,0.9380915760993958
test_10688,0.7797218561172485
test_10689,0.6162316799163818
test_10690,0.5193559527397156
test_10691,0.5517798662185669
test_10692,0.27794718742370605
test_10693,0.006029597017914057
test_10694,0.09992433339357376
test_10695,0.9938836097717285
test_10696,0.618726372718811
test_10697,0.22937391698360443
test_10698,0.6652670502662659
test_10699,0.44575414061546326
test_10700,6.693321665807161e-07
test_10701,0.034294161945581436
test_10702,0.11090686172246933
test_10703,0.5231291651725769
test_10704,0.4072677493095398
test_10705,0.9220454096794128
test_10706,0.13240602612495422
test_10707,0.6357256770133972
test_10708,0.9791150093078613
test_10709,0.5858218669891357
test_10710,0.25358495116233826
test_10711,0.8239304423332214
test_10712,0.9973352551460266
test_10713,0.7920714616775513
test_10714,0.7014850378036499
test_10715,0.9663413166999817
test_10716,0.5751962661743164
test_10717,0.623501718044281
test_10718,0.5878773331642151
test_10719,0.9161088466644287
test_10720,0.9886268973350525
test_10721,0.6950544118881226
test_10722,0.5753639340400696
test_10723,0.3556777834892273
test_10724,0.38377317786216736
test_10725,0.4612412750720978
test_10726,0.9698408246040344
test_10727,0.9605256915092468
test_10728,0.060399409383535385
test_10729,0.0761142149567604
test_10730,0.6023555994033813
test_10731,0.47808024287223816
test_10732,0.31798139214515686
test_10733,0.003524597268551588
test_10734,0.6083750128746033
test_10735,0.9031985998153687
test_10736,0.576440691947937
test_10737,0.33201175928115845
test_10738,0.6917474269866943
test_10739,0.7577661871910095
test_10740,0.9925296902656555
test_10741,0.9719502329826355
test_10742,0.7581661343574524
test_10743,0.86224764585495
test_10744,0.03955421969294548
test_10745,0.9957305788993835
test_10746,0.6433591246604919
test_10747,0.9225497245788574
test_10748,0.8227854371070862
test_10749,0.494153767824173
test_10750,0.4961240887641907
test_10751,0.9231795072555542
test_10752,0.6483763456344604
test_10753,0.9657054543495178
test_10754,0.3309842646121979
test_10755,0.8318816423416138
test_10756,0.5062225461006165
test_10757,0.2986360490322113
test_10758,0.3867187201976776
test_10759,0.000770864135120064
test_10760,0.9089863896369934
test_10761,0.52098548412323
test_10762,0.5121430158615112
test_10763,0.6470581293106079
test_10764,0.9580614566802979
test_10765,0.5805178284645081
test_10766,0.7272635698318481
test_10767,0.7031537890434265
test_10768,0.755987286567688
test_10769,0.5644921064376831
test_10770,0.12368500232696533
test_10771,0.9085828065872192
test_10772,0.3166586458683014
test_10773,0.9048874378204346
test_10774,0.4739067256450653
test_10775,0.0006659789942204952
test_10776,0.6228571534156799
test_10777,0.49484893679618835
test_10778,0.5597683787345886
test_10779,0.8860436081886292
test_10780,0.9751010537147522
test_10781,0.7700566053390503
test_10782,0.2822238802909851
test_10783,0.24807393550872803
test_10784,0.039070602506399155
test_10785,0.7470285892486572
test_10786,0.9861597418785095
test_10787,0.5764700770378113
test_10788,0.04391135275363922
test_10789,0.0347575843334198
test_10790,0.1611577421426773
test_10791,0.3038746416568756
test_10792,0.52169269323349
test_10793,0.8849709630012512
test_10794,0.042767591774463654
test_10795,0.015479386784136295
test_10796,0.42521947622299194
test_10797,0.6879122853279114
test_10798,0.8993558883666992
test_10799,0.37235644459724426
test_10800,0.7690313458442688
test_10801,0.9170842170715332
test_10802,0.4784035384654999
test_10803,0.8424344658851624
test_10804,0.5521811842918396
test_10805,0.43685200810432434
test_10806,0.33316877484321594
test_10807,0.9986211061477661
test_10808,0.901860237121582
test_10809,0.9998279809951782
test_10810,0.45571279525756836
test_10811,0.48898443579673767
test_10812,0.8083685040473938
test_10813,0.5574319362640381
test_10814,0.9547486901283264
test_10815,0.4741545021533966
test_10816,0.999546468257904
test_10817,0.9960256814956665
test_10818,0.6619986295700073
test_10819,0.5427219867706299
test_10820,0.264664888381958
test_10821,0.610296905040741
test_10822,0.8768391609191895
test_10823,0.5894793272018433
test_10824,0.16644074022769928
test_10825,0.4239039421081543
test_10826,0.916695773601532
test_10827,0.37479105591773987
test_10828,0.9258256554603577
test_10829,0.6665358543395996
test_10830,0.9685305953025818
test_10831,0.6239826679229736
test_10832,0.5379268527030945
test_10833,0.2082204669713974
test_10834,0.5697891116142273
test_10835,0.6876106858253479
test_10836,0.3977646231651306
test_10837,0.7615166306495667
test_10838,0.3380001187324524
test_10839,0.47999122738838196
test_10840,0.8324849009513855
test_10841,0.00882338173687458
test_10842,0.8738908767700195
test_10843,0.0017656837590038776
test_10844,0.43847641348838806
test_10845,0.18009237945079803
test_10846,0.1294398456811905
test_10847,0.0624222531914711
test_10848,0.4828491508960724
test_10849,0.728660523891449
test_10850,0.4617516100406647
test_10851,0.9690577983856201
test_10852,0.018063228577375412
test_10853,0.5207894444465637
test_10854,0.6266389489173889
test_10855,0.5861730575561523
test_10856,0.5883849263191223
test_10857,0.6642626523971558
test_10858,0.46959567070007324
test_10859,0.43808063864707947
test_10860,0.22423097491264343
test_10861,0.33797603845596313
test_10862,0.7100605368614197
test_10863,0.6322832703590393
test_10864,0.07521452009677887
test_10865,0.9499530792236328
test_10866,0.9911920428276062
test_10867,0.6015605330467224
test_10868,0.9208067059516907
test_10869,0.8128450512886047
test_10870,0.10913428664207458
test_10871,0.9432401061058044
test_10872,0.4695366322994232
test_10873,0.45387527346611023
test_10874,0.05416228622198105
test_10875,0.4248601198196411
test_10876,0.6616964936256409
test_10877,0.26325854659080505
test_10878,0.40229809284210205
test_10879,0.33119431138038635
test_10880,0.7751316428184509
test_10881,0.025573190301656723
test_10882,0.9873364567756653
test_10883,0.6173186302185059
test_10884,0.14145852625370026
test_10885,0.6316853165626526
test_10886,0.6116742491722107
test_10887,0.08788570761680603
test_10888,0.3016732335090637
test_10889,0.5107401013374329
test_10890,0.8823657631874084
test_10891,0.847510576248169
test_10892,0.4072933793067932
test_10893,0.9490634799003601
test_10894,0.0001338322035735473
test_10895,0.7720749974250793
test_10896,0.6831595301628113
test_10897,0.7304453253746033
test_10898,0.5401470065116882
test_10899,0.40116092562675476
test_10900,0.6444903612136841
test_10901,0.9613045454025269
test_10902,0.7292030453681946
test_10903,0.8440965414047241
test_10904,0.45452097058296204
test_10905,0.9873670339584351
test_10906,0.8017345666885376
test_10907,0.00035215780371800065
test_10908,0.48024508357048035
test_10909,0.5137578845024109
test_10910,0.07917776703834534
test_10911,0.9962605834007263
test_10912,0.9996740818023682
test_10913,0.0703919306397438
test_10914,0.8533956408500671
test_10915,0.57763671875
test_10916,0.6047416925430298
test_10917,0.6209710836410522
test_10918,0.3516136109828949
test_10919,0.4860494136810303
test_10920,0.82469642162323
test_10921,0.7344463467597961
test_10922,0.6116109490394592
test_10923,0.9937740564346313
test_10924,0.6144611239433289
test_10925,0.5450841784477234
test_10926,0.9290273785591125
test_10927,0.10979320108890533
test_10928,0.4497908353805542
test_10929,0.7661327123641968
test_10930,0.44655561447143555
test_10931,0.21274779736995697
test_10932,0.7983458638191223
test_10933,0.9960259199142456
test_10934,0.9876723885536194
test_10935,0.04737834259867668
test_10936,0.588768482208252
test_10937,0.2680935263633728
test_10938,0.007117626257240772
test_10939,0.8748859763145447
test_10940,0.1712898463010788
test_10941,0.5029042959213257
test_10942,0.250614196062088
test_10943,0.730312168598175
test_10944,0.9821125268936157
test_10945,0.6822806000709534
test_10946,0.0027409640606492758
test_10947,0.43048813939094543
test_10948,0.645023763179779
test_10949,0.5343425869941711
test_10950,0.3098072111606598
test_10951,0.765963613986969
test_10952,0.0004926958936266601
test_10953,0.4833206534385681
test_10954,1.0
test_10955,0.8571863174438477
test_10956,0.4326074421405792
test_10957,0.7275350093841553
test_10958,0.25334781408309937
test_10959,0.6537570357322693
test_10960,0.5042650699615479
test_10961,0.6278983950614929
test_10962,0.6110817193984985
test_10963,0.6659813523292542
test_10964,0.7355290651321411
test_10965,0.29218485951423645
test_10966,0.4897904694080353
test_10967,0.9291067123413086
test_10968,0.7777898907661438
test_10969,0.6122348308563232
test_10970,0.8726365566253662
test_10971,0.8828751444816589
test_10972,0.9985003471374512
test_10973,0.29070815443992615
test_10974,0.4687184989452362
test_10975,0.8040884733200073
test_10976,0.9961742758750916
test_10977,0.397648423910141
test_10978,0.9951400756835938
test_10979,0.20447000861167908
test_10980,0.7831188440322876
test_10981,0.12255284935235977
test_10982,0.9997240900993347
test_10983,0.1184459999203682
test_10984,0.6172102093696594
test_10985,0.9722879528999329
test_10986,0.015667663887143135
test_10987,0.8143407702445984
test_10988,0.016050904989242554
test_10989,0.7593796849250793
test_10990,0.3722287118434906
test_10991,0.24223679304122925
test_10992,0.7599212527275085
test_10993,0.7796165943145752
test_10994,0.5843563675880432
test_10995,0.22951273620128632
test_10996,0.5820475220680237
test_10997,0.6464862823486328
test_10998,0.03352237865328789
test_10999,0.3862498700618744
test_11000,0.44026580452919006
test_11001,0.6043760776519775
test_11002,0.4771895110607147
test_11003,0.45387476682662964
test_11004,0.05420024320483208
test_11005,0.51158607006073
test_11006,0.089333675801754
test_11007,0.11191333085298538
test_11008,0.4894218444824219
test_11009,0.8573005795478821
test_11010,0.3797893226146698
test_11011,0.5016159415245056
test_11012,0.6761654019355774
test_11013,0.3462425470352173
test_11014,0.855402410030365
test_11015,0.5382493734359741
test_11016,0.3310977816581726
test_11017,0.47893381118774414
test_11018,0.6657277941703796
test_11019,0.2664072811603546
test_11020,0.8534837365150452
test_11021,0.15325583517551422
test_11022,0.8727990388870239
test_11023,0.7858359813690186
test_11024,0.9998735189437866
test_11025,0.9849884510040283
test_11026,0.3297942280769348
test_11027,0.1560409963130951
test_11028,0.9769769310951233
test_11029,0.5956891775131226
test_11030,0.4759913682937622
test_11031,0.5905846357345581
test_11032,4.0702143451198936e-06
test_11033,0.4662514626979828
test_11034,0.3500090539455414
test_11035,0.5457645058631897
test_11036,0.8241313695907593
test_11037,0.948975682258606
test_11038,0.9948552846908569
test_11039,0.32911378145217896
test_11040,0.7532230615615845
test_11041,0.022894058376550674
test_11042,0.5844256281852722
test_11043,0.46041491627693176
test_11044,0.12593692541122437
test_11045,0.14750677347183228
test_11046,0.86995929479599
test_11047,0.9034121036529541
test_11048,0.8701769709587097
test_11049,0.484132319688797
test_11050,0.27326032519340515
test_11051,0.9593085050582886
test_11052,0.9563585519790649
test_11053,0.5389198660850525
test_11054,0.5466434359550476
test_11055,0.007028970867395401
test_11056,0.5549905896186829
test_11057,0.12472774088382721
test_11058,0.8918060064315796
test_11059,0.0908728614449501
test_11060,0.8925368785858154
test_11061,0.6983464956283569
test_11062,0.7910443544387817
test_11063,0.480771005153656
test_11064,0.519723117351532
test_11065,0.7399414777755737
test_11066,0.8835128545761108
test_11067,0.3706338703632355
test_11068,0.01350176241248846
test_11069,0.9417416453361511
test_11070,0.9966997504234314
test_11071,0.9166029095649719
test_11072,0.36160096526145935
test_11073,0.369597464799881
test_11074,0.37643787264823914
test_11075,0.8879534602165222
test_11076,0.25887635350227356
test_11077,0.24406807124614716
test_11078,0.32464486360549927
test_11079,0.4248722791671753
test_11080,0.5386812090873718
test_11081,0.5205056667327881
test_11082,0.13207000494003296
test_11083,0.9979122281074524
test_11084,0.038274526596069336
test_11085,0.07834586501121521
test_11086,0.5936431884765625
test_11087,0.9988904595375061
test_11088,0.5425248146057129
test_11089,0.3806191384792328
test_11090,0.8988232016563416
test_11091,0.7150160670280457
test_11092,0.5226086378097534
test_11093,0.6321495175361633
test_11094,0.9313923716545105
test_11095,0.9935692548751831
test_11096,0.7570103406906128
test_11097,0.19015365839004517
test_11098,0.6857772469520569
test_11099,0.7795976400375366
test_11100,0.5951460003852844
test_11101,0.2681329548358917
test_11102,0.596815288066864
test_11103,0.9922806620597839
test_11104,0.508141040802002
test_11105,0.13266125321388245
test_11106,0.5037301778793335
test_11107,0.7390555143356323
test_11108,0.37509840726852417
test_11109,0.017405584454536438
test_11110,0.1612842082977295
test_11111,0.5195918679237366
test_11112,0.7999980449676514
test_11113,0.5798560976982117
test_11114,0.9657201170921326
test_11115,0.9962413311004639
test_11116,0.5645421743392944
test_11117,0.2536636292934418
test_11118,0.544297993183136
test_11119,0.9120743870735168
test_11120,0.009721344336867332
test_11121,0.22186222672462463
test_11122,0.496242880821228
test_11123,0.4678283631801605
test_11124,0.9106581807136536
test_11125,0.0017259413143619895
test_11126,0.5961381196975708
test_11127,0.5877304673194885
test_11128,0.9099218845367432
test_11129,0.5391096472740173
test_11130,0.7286547422409058
test_11131,0.2826235592365265
test_11132,0.6428232192993164
test_11133,0.9806721806526184
test_11134,0.3426205515861511
test_11135,0.26189693808555603
test_11136,0.7657192945480347
test_11137,0.33673587441444397
test_11138,0.6211697459220886
test_11139,0.5663169026374817
test_11140,0.26985570788383484
test_11141,0.6693596243858337
test_11142,0.0009972193511202931
test_11143,0.537605881690979
test_11144,0.9791430234909058
test_11145,0.723547637462616
test_11146,0.9063843488693237
test_11147,0.6840773820877075
test_11148,0.6580801606178284
test_11149,0.04796523228287697
test_11150,0.6982027888298035
test_11151,0.8839899897575378
test_11152,0.8751956224441528
test_11153,0.6178814172744751
test_11154,0.4062553644180298
test_11155,0.9086503982543945
test_11156,0.5338437557220459
test_11157,0.7174464464187622
test_11158,0.7714304327964783
test_11159,0.02331855334341526
test_11160,0.2543505132198334
test_11161,0.5760034918785095
test_11162,0.09913039207458496
test_11163,0.9308772683143616
test_11164,0.5152063965797424
test_11165,0.41283389925956726
test_11166,0.6615891456604004
test_11167,0.05825997143983841
test_11168,0.29723384976387024
test_11169,0.9905632734298706
test_11170,0.9600017070770264
test_11171,0.7229083776473999
test_11172,0.15077610313892365
test_11173,0.6225999593734741
test_11174,0.5112229585647583
test_11175,0.6862655878067017
test_11176,0.12304703891277313
test_11177,0.013557028025388718
test_11178,0.9941019415855408
test_11179,0.1340184509754181
test_11180,0.7376527190208435
test_11181,0.08842643350362778
test_11182,0.14447955787181854
test_11183,0.5550516247749329
test_11184,0.6705966591835022
test_11185,0.10489173233509064
test_11186,0.10579957813024521
test_11187,0.6533701419830322
test_11188,0.995385468006134
test_11189,0.8488709330558777
test_11190,0.5305137634277344
test_11191,0.9020587801933289
test_11192,0.4986174404621124
test_11193,0.42698055505752563
test_11194,0.6206937432289124
test_11195,0.9668635725975037
test_11196,0.28136977553367615
test_11197,0.9427159428596497
test_11198,0.9453166127204895
test_11199,0.7483403086662292
test_11200,0.061546992510557175
test_11201,0.4666028916835785
test_11202,0.1987023651599884
test_11203,0.6221412420272827
test_11204,0.5241848230361938
test_11205,0.010460129007697105
test_11206,0.6723933815956116
test_11207,0.3907732665538788
test_11208,0.16045348346233368
test_11209,0.6695536971092224
test_11210,0.9461573362350464
test_11211,0.05237722396850586
test_11212,0.5763513445854187
test_11213,0.47603073716163635
test_11214,0.29673850536346436
test_11215,0.023889735341072083
test_11216,0.9220308661460876
test_11217,0.042226642370224
test_11218,0.9690909385681152
test_11219,0.09097661823034286
test_11220,0.4474382996559143
test_11221,0.6268726587295532
test_11222,0.8568286895751953
test_11223,0.6435216665267944
test_11224,0.8162999153137207
test_11225,0.5809604525566101
test_11226,0.5322508811950684
test_11227,0.9908385872840881
test_11228,0.97437584400177
test_11229,0.738902747631073
test_11230,0.5860344171524048
test_11231,0.5283647179603577
test_11232,0.03863588720560074
test_11233,0.747188925743103
test_11234,0.9839026927947998
test_11235,0.5538496375083923
test_11236,0.6738727688789368
test_11237,0.2944532632827759
test_11238,0.950021505355835
test_11239,0.04492858424782753
test_11240,0.9825564622879028
test_11241,0.5492649674415588
test_11242,0.9543671011924744
test_11243,0.7187029123306274
test_11244,0.7600366473197937
test_11245,0.6618645191192627
test_11246,0.6176549792289734
test_11247,0.8433619141578674
test_11248,0.5217397212982178
test_11249,0.2468455582857132
test_11250,0.6630878448486328
test_11251,0.4642288088798523
test_11252,0.3226011097431183
test_11253,0.35990068316459656
test_11254,0.519621729850769
test_11255,0.9945167899131775
test_11256,0.6653251051902771
test_11257,0.9994518160820007
test_11258,0.6271435618400574
test_11259,0.05313168466091156
test_11260,0.13926614820957184
test_11261,0.000781230628490448
test_11262,0.9909366965293884
test_11263,0.33204928040504456
test_11264,0.8739873766899109
test_11265,0.10782385617494583
test_11266,0.02980850078165531
test_11267,0.4632255434989929
test_11268,0.4946194887161255
test_11269,0.16447816789150238
test_11270,0.6860111355781555
test_11271,0.4735877215862274
test_11272,0.08333265781402588
test_11273,0.9993007183074951
test_11274,0.428375780582428
test_11275,0.8680615425109863
test_11276,0.4761364459991455
test_11277,0.5018354654312134
test_11278,0.16010978817939758
test_11279,0.4677055776119232
test_11280,0.48663708567619324
test_11281,0.6268808245658875
test_11282,0.5991575717926025
test_11283,0.5701082348823547
test_11284,0.44740918278694153
test_11285,0.07796989381313324
test_11286,0.7404000759124756
test_11287,0.5360825061798096
test_11288,0.8647829294204712
test_11289,0.4789751470088959
test_11290,0.8031023740768433
test_11291,0.5100300312042236
test_11292,0.6162897348403931
test_11293,0.2930830419063568
test_11294,0.6344449520111084
test_11295,0.9906771183013916
test_11296,0.10844062268733978
test_11297,0.8057768940925598
test_11298,0.4289562404155731
test_11299,0.8322180509567261
test_11300,0.8900375962257385
test_11301,0.9310291409492493
test_11302,0.0007875117007642984
test_11303,0.9903693795204163
test_11304,0.9574277997016907
test_11305,0.5327532291412354
test_11306,0.39018139243125916
test_11307,0.9045953750610352
test_11308,0.9895170331001282
test_11309,0.11598941683769226
test_11310,0.9700363874435425
test_11311,0.7471928596496582
test_11312,0.6489876508712769
test_11313,0.21135123074054718
test_11314,0.6588798761367798
test_11315,0.8391461372375488
test_11316,0.5267977118492126
test_11317,0.7144519686698914
test_11318,0.4158114194869995
test_11319,0.07504715025424957
test_11320,0.9976509213447571
test_11321,0.15829448401927948
test_11322,0.0026949213352054358
test_11323,0.8127453327178955
test_11324,0.9878551363945007
test_11325,0.9121540188789368
test_11326,0.09568408131599426
test_11327,0.8336308598518372
test_11328,0.19199194014072418
test_11329,0.9898297190666199
test_11330,0.408682644367218
test_11331,0.7975049018859863
test_11332,0.9995966553688049
test_11333,0.468159019947052
test_11334,0.4711386263370514
test_11335,0.5990038514137268
test_11336,0.41326645016670227
test_11337,0.7754480838775635
test_11338,0.559362530708313
test_11339,0.5010367631912231
test_11340,0.8582915663719177
test_11341,0.9979830980300903
test_11342,0.3377581536769867
test_11343,0.6085065007209778
test_11344,0.5439504981040955
test_11345,0.4614580571651459
test_11346,0.8580864667892456
test_11347,0.5191877484321594
test_11348,0.21527113020420074
test_11349,0.002021257532760501
test_11350,0.5151890516281128
test_11351,0.28617656230926514
test_11352,0.7755178809165955
test_11353,0.666319727897644
test_11354,0.5739976167678833
test_11355,0.8360668420791626
test_11356,0.8817426562309265
test_11357,0.4122103750705719
test_11358,0.9881978631019592
test_11359,0.5061194896697998
test_11360,0.7180466651916504
test_11361,0.2779475450515747
test_11362,0.0852237418293953
test_11363,0.15012599527835846
test_11364,0.4956932067871094
test_11365,0.29213789105415344
test_11366,0.6371114253997803
test_11367,0.5452015399932861
test_11368,0.0006626806571148336
test_11369,0.5599163174629211
test_11370,0.9821423888206482
test_11371,0.7620323300361633
test_11372,0.8125962018966675
test_11373,0.48758208751678467
test_11374,0.42401322722435
test_11375,0.5413243770599365
test_11376,0.3012186884880066
test_11377,0.3095572292804718
test_11378,0.5536476373672485
test_11379,0.0820791944861412
test_11380,0.060824114829301834
test_11381,0.9731020927429199
test_11382,0.7545357942581177
test_11383,0.08384127169847488
test_11384,0.5077042579650879
test_11385,0.41287961602211
test_11386,0.3631872534751892
test_11387,0.9868413209915161
test_11388,0.7540531158447266
test_11389,0.9760044813156128
test_11390,0.6036168336868286
test_11391,0.6649823188781738
test_11392,0.965964674949646
test_11393,0.3880753219127655
test_11394,0.42762336134910583
test_11395,0.7024997472763062
test_11396,0.5411776304244995
test_11397,0.4115733504295349
test_11398,0.6441525220870972
test_11399,0.41139060258865356
test_11400,0.6429479122161865
test_11401,0.9550400972366333
test_11402,0.9764106869697571
test_11403,0.988291323184967
test_11404,0.6004595756530762
test_11405,0.4752829968929291
test_11406,0.9482783675193787
test_11407,0.36021044850349426
test_11408,0.4532037675380707
test_11409,0.5927267670631409
test_11410,0.045599356293678284
test_11411,0.6406069397926331
test_11412,0.5617696642875671
test_11413,0.4341666102409363
test_11414,0.4514283239841461
test_11415,0.9736517667770386
test_11416,0.02683948166668415
test_11417,0.5300680994987488
test_11418,0.9368901252746582
test_11419,0.3927880525588989
test_11420,0.9939623475074768
test_11421,0.5602494478225708
test_11422,0.07402445375919342
test_11423,0.6461435556411743
test_11424,0.46388572454452515
test_11425,0.016218315809965134
test_11426,0.124493308365345
test_11427,0.43193143606185913
test_11428,0.8919819593429565
test_11429,0.7173202633857727
test_11430,0.96706223487854
test_11431,0.98964524269104
test_11432,0.4976685047149658
test_11433,0.8280884623527527
test_11434,0.9696111083030701
test_11435,0.43424052000045776
test_11436,0.9534205794334412
test_11437,0.7225038409233093
test_11438,0.3244665265083313
test_11439,0.17821602523326874
test_11440,0.12625202536582947
test_11441,0.03034530021250248
test_11442,0.42403459548950195
test_11443,0.28869181871414185
test_11444,0.543650209903717
test_11445,0.4712161123752594
test_11446,0.36243516206741333
test_11447,0.5469300746917725
test_11448,0.03153285011649132
test_11449,0.583278477191925
test_11450,0.9832848906517029
test_11451,0.9289790987968445
test_11452,0.8290137052536011
test_11453,0.8049906492233276
test_11454,0.20149779319763184
test_11455,0.16769525408744812
test_11456,0.990034282207489
test_11457,0.3745693862438202
test_11458,0.597822368144989
test_11459,0.7885061502456665
test_11460,0.4741126000881195
test_11461,0.5667666792869568
test_11462,0.6531945466995239
test_11463,0.22851045429706573
test_11464,0.9991323351860046
test_11465,0.5180563926696777
test_11466,0.8486552238464355
test_11467,0.3400214612483978
test_11468,0.010717811994254589
test_11469,0.04959744215011597
test_11470,0.3828738033771515
test_11471,0.5147620439529419
test_11472,0.7492737770080566
test_11473,0.9652278423309326
test_11474,0.4871496558189392
test_11475,0.5287892818450928
test_11476,0.27059632539749146
test_11477,0.010037953965365887
test_11478,0.9776539206504822
test_11479,0.6448751091957092
test_11480,0.6050616502761841
test_11481,0.9789741039276123
test_11482,0.3564607799053192
test_11483,0.8346406817436218
test_11484,0.5071102380752563
test_11485,0.08394033461809158
test_11486,0.6452184319496155
test_11487,0.6724222898483276
test_11488,0.07571437954902649
test_11489,0.15723372995853424
test_11490,0.6079529523849487
test_11491,0.3255307674407959
test_11492,0.7637630105018616
test_11493,0.995564341545105
test_11494,0.6988463997840881
test_11495,0.6687354445457458
test_11496,0.573823869228363
test_11497,0.9731777310371399
test_11498,0.4619702994823456
test_11499,0.360635370016098
test_11500,0.08328389376401901
test_11501,0.8770325779914856
test_11502,0.47319555282592773
test_11503,0.5537572503089905
test_11504,0.1651170700788498
test_11505,0.6699259877204895
test_11506,0.5072561502456665
test_11507,0.04063066095113754
test_11508,0.7650110125541687
test_11509,0.4626135230064392
test_11510,0.4624440670013428
test_11511,0.2144630402326584
test_11512,0.8833179473876953
test_11513,0.5315379500389099
test_11514,0.18789391219615936
test_11515,0.31295618414878845
test_11516,0.2598336637020111
test_11517,0.6165578365325928
test_11518,0.9172211289405823
test_11519,0.7116624116897583
test_11520,0.7454264163970947
test_11521,0.1197710782289505
test_11522,0.0032911566086113453
test_11523,0.5254250168800354
test_11524,0.005189806222915649
test_11525,0.5480085015296936
test_11526,0.6682653427124023
test_11527,0.6504824161529541
test_11528,0.8068133592605591
test_11529,0.04331030324101448
test_11530,0.48413220047950745
test_11531,0.5795958042144775
test_11532,0.21922771632671356
test_11533,0.6813738942146301
test_11534,0.9785946011543274
test_11535,0.6762503981590271
test_11536,0.9999158382415771
test_11537,0.6536553502082825
test_11538,0.7546154260635376
test_11539,0.7569933533668518
test_11540,0.48103657364845276
test_11541,0.21533674001693726
test_11542,0.6342893242835999
test_11543,0.4290671646595001
test_11544,0.7887591123580933
test_11545,0.6752818822860718
test_11546,0.2804453372955322
test_11547,0.037203945219516754
test_11548,0.6208963990211487
test_11549,0.36369991302490234
test_11550,0.3277488052845001
test_11551,0.8827820420265198
test_11552,0.581992506980896
test_11553,0.8802264332771301
test_11554,0.6219857335090637
test_11555,0.9541598558425903
test_11556,0.5412018299102783
test_11557,0.6891893744468689
test_11558,0.9818320274353027
test_11559,0.47753873467445374
test_11560,0.16608619689941406
test_11561,0.3209168016910553
test_11562,0.880974292755127
test_11563,0.8361177444458008
test_11564,0.5335994362831116
test_11565,0.594799816608429
test_11566,0.024053288623690605
test_11567,0.5450447797775269
test_11568,0.2729591131210327
test_11569,0.14469440281391144
test_11570,0.6944893002510071
test_11571,0.4990435242652893
test_11572,0.8949383497238159
test_11573,0.4536530673503876
test_11574,0.9997544884681702
test_11575,0.7154793739318848
test_11576,0.5465659499168396
test_11577,0.9265741109848022
test_11578,0.5432929992675781
test_11579,0.8170164227485657
test_11580,0.7062638401985168
test_11581,0.5270386934280396
test_11582,0.9949501752853394
test_11583,0.4824056029319763
test_11584,0.754027783870697
test_11585,0.49650412797927856
test_11586,0.9999288320541382
test_11587,0.8149665594100952
test_11588,0.42197439074516296
test_11589,0.2926858961582184
test_11590,0.8141691088676453
test_11591,0.4149872958660126
test_11592,0.7786920666694641
test_11593,0.5059162378311157
test_11594,0.6707552075386047
test_11595,0.42290955781936646
test_11596,0.36705347895622253
test_11597,0.06613064557313919
test_11598,0.6461289525032043
test_11599,0.07716920226812363
test_11600,0.12893234193325043
test_11601,0.6687161922454834
test_11602,0.37983059883117676
test_11603,0.43949612975120544
test_11604,0.9668135643005371
test_11605,0.9907770156860352
test_11606,0.8230977654457092
test_11607,0.19454693794250488
test_11608,0.21923266351222992
test_11609,0.9999066591262817
test_11610,0.3981661796569824
test_11611,0.03893084451556206
test_11612,0.8203619122505188
test_11613,0.7268949747085571
test_11614,0.36042922735214233
test_11615,0.3203788101673126
test_11616,0.7582923769950867
test_11617,0.5941128134727478
test_11618,0.9522010087966919
test_11619,0.9848988652229309
test_11620,0.6348270773887634
test_11621,0.1980646550655365
test_11622,0.6343178153038025
test_11623,0.0886559784412384
test_11624,0.6876728534698486
test_11625,0.7638104557991028
test_11626,0.9832913279533386
test_11627,0.404844731092453
test_11628,0.22193430364131927
test_11629,0.5813332200050354
test_11630,0.7362699508666992
test_11631,0.8796107172966003
test_11632,0.9151063561439514
test_11633,0.26647523045539856
test_11634,0.46877381205558777
test_11635,0.9439384341239929
test_11636,0.6173279881477356
test_11637,0.5869714021682739
test_11638,0.9423052668571472
test_11639,0.734792947769165
test_11640,0.45104146003723145
test_11641,0.31912633776664734
test_11642,0.3733454644680023
test_11643,0.43347543478012085
test_11644,0.5186253786087036
test_11645,0.9909331798553467
test_11646,0.053854335099458694
test_11647,0.8657068014144897
test_11648,0.9513788819313049
test_11649,0.623778760433197
test_11650,0.9936003684997559
test_11651,0.9786279797554016
test_11652,0.4307888448238373
test_11653,0.9928152561187744
test_11654,0.023434961214661598
test_11655,0.20521371066570282
test_11656,0.007468324154615402
test_11657,0.06952929496765137
test_11658,0.1598197966814041
test_11659,0.0007798943552188575
test_11660,0.5916866064071655
test_11661,0.8821869492530823
test_11662,0.7201829552650452
test_11663,0.4139731228351593
test_11664,0.4919019043445587
test_11665,0.5177299380302429
test_11666,0.01327707339078188
test_11667,0.5927577018737793
test_11668,0.8091800212860107
test_11669,0.2815946638584137
test_11670,0.8214759230613708
test_11671,0.4955861270427704
test_11672,0.12312490493059158
test_11673,0.13138487935066223
test_11674,0.08645455539226532
test_11675,0.3905155658721924
test_11676,0.7259935736656189
test_11677,0.3595338463783264
test_11678,0.9244554042816162
test_11679,0.9999688863754272
test_11680,0.045518118888139725
test_11681,0.12001026421785355
test_11682,0.00106619403231889
test_11683,0.88901287317276
test_11684,0.5796082615852356
test_11685,0.33696046471595764
test_11686,0.7743887305259705
test_11687,0.8203486204147339
test_11688,0.6578893661499023
test_11689,0.75190669298172
test_11690,0.3833484947681427
test_11691,0.5663079619407654
test_11692,0.9827417731285095
test_11693,0.6140221953392029
test_11694,0.37052881717681885
test_11695,0.8093995451927185
test_11696,0.31375381350517273
test_11697,0.5049071907997131
test_11698,0.81389981508255
test_11699,0.40654441714286804
test_11700,0.519260823726654
test_11701,0.10853341221809387
test_11702,0.983258843421936
test_11703,0.08649066835641861
test_11704,0.6382822394371033
test_11705,0.7613539099693298
test_11706,0.9447287917137146
test_11707,0.4569924473762512
test_11708,0.5992612242698669
test_11709,0.9732892513275146
test_11710,0.561611533164978
test_11711,0.21293620765209198
test_11712,0.39839985966682434
test_11713,0.4836360812187195
test_11714,0.11817768961191177
test_11715,0.9717521667480469
test_11716,0.5994760990142822
test_11717,0.000629111600574106
test_11718,0.40596187114715576
test_11719,0.6597126126289368
test_11720,0.9005174040794373
test_11721,0.5343596935272217
test_11722,0.5955849289894104
test_11723,0.06586580723524094
test_11724,0.3459226191043854
test_11725,0.6442636847496033
test_11726,0.3787773847579956
test_11727,0.9889726042747498
test_11728,0.893754780292511
test_11729,0.9375705718994141
test_11730,0.43813517689704895
test_11731,0.7591412663459778
test_11732,0.9129512906074524
test_11733,0.35813459753990173
test_11734,0.12065517157316208
test_11735,0.03330004960298538
test_11736,0.5253792405128479
test_11737,0.5058842301368713
test_11738,0.9987622499465942
test_11739,0.5255960822105408
test_11740,0.4398028552532196
test_11741,0.42534875869750977
test_11742,0.5065670609474182
test_11743,0.9126416444778442
test_11744,0.6125953793525696
test_11745,0.027187587693333626
test_11746,0.46576833724975586
test_11747,0.8872738480567932
test_11748,0.5895958542823792
test_11749,0.9552604556083679
test_11750,0.6531385183334351
test_11751,0.9750852584838867
test_11752,0.9131825566291809
test_11753,0.07812263816595078
test_11754,0.014648153446614742
test_11755,0.5376134514808655
test_11756,0.6081486344337463
test_11757,0.8911340832710266
test_11758,0.001338440109975636
test_11759,0.727301299571991
test_11760,0.9550691246986389
test_11761,0.999955415725708
test_11762,0.6586957573890686
test_11763,0.1367349773645401
test_11764,0.6005215048789978
test_11765,0.2409750074148178
test_11766,0.5027772784233093
test_11767,0.49306443333625793
test_11768,0.9175270199775696
test_11769,0.9480144381523132
test_11770,0.473165899515152
test_11771,0.7840055227279663
test_11772,0.6294803619384766
test_11773,0.5150855183601379
test_11774,0.9844339489936829
test_11775,0.9408329725265503
test_11776,0.9597663879394531
test_11777,0.14013485610485077
test_11778,0.13419795036315918
test_11779,0.9998657703399658
test_11780,0.5325276851654053
test_11781,0.3878423571586609
test_11782,0.2549068033695221
test_11783,0.9853529334068298
test_11784,0.9705325365066528
test_11785,0.709317684173584
test_11786,0.7773554921150208
test_11787,0.49184367060661316
test_11788,0.4191031754016876
test_11789,0.9966873526573181
test_11790,0.8326655030250549
test_11791,0.5164995789527893
test_11792,0.778631329536438
test_11793,0.7543721199035645
test_11794,0.6581217646598816
test_11795,0.6668249368667603
test_11796,0.0007865131483413279
test_11797,0.8469955325126648
test_11798,0.9985062479972839
test_11799,0.9956716299057007
test_11800,0.009047198109328747
test_11801,0.09400122612714767
test_11802,0.8174443244934082
test_11803,0.539457380771637
test_11804,0.3126937747001648
test_11805,0.5551543235778809
test_11806,0.273298054933548
test_11807,0.6876227259635925
test_11808,0.007371231913566589
test_11809,0.7663319110870361
test_11810,0.015597596764564514
test_11811,0.20013870298862457
test_11812,0.4248282313346863
test_11813,0.058483757078647614
test_11814,0.7012189626693726
test_11815,0.24589957296848297
test_11816,0.6285502910614014
test_11817,0.10654546320438385
test_11818,0.0710316076874733
test_11819,0.5393829345703125
test_11820,0.48249557614326477
test_11821,0.4766627252101898
test_11822,0.4775383174419403
test_11823,0.9011725783348083
test_11824,0.987366795539856
test_11825,0.4887956380844116
test_11826,0.902023434638977
test_11827,0.5842325687408447
test_11828,0.4833078384399414
test_11829,0.9168400764465332
test_11830,0.23438172042369843
test_11831,0.9718188047409058
test_11832,0.26035434007644653
test_11833,0.05145972594618797
test_11834,0.41616377234458923
test_11835,0.008374780416488647
test_11836,0.5121328830718994
test_11837,0.9852339625358582
test_11838,0.7787339687347412
test_11839,0.8999642133712769
test_11840,0.4000358581542969
test_11841,0.40125587582588196
test_11842,0.7363117337226868
test_11843,0.0012734356569126248
test_11844,0.5579438209533691
test_11845,0.27032342553138733
test_11846,0.7153229117393494
test_11847,0.5169628858566284
test_11848,0.755859375
test_11849,0.17810137569904327
test_11850,0.9971094727516174
test_11851,0.6964974403381348
test_11852,0.4787856340408325
test_11853,0.5479284524917603
test_11854,0.030192524194717407
test_11855,0.5794192552566528
test_11856,0.48026686906814575
test_11857,0.00011904232087545097
test_11858,0.9991530179977417
test_11859,0.6757970452308655
test_11860,0.7127020955085754
test_11861,0.8995261788368225
test_11862,0.8608949780464172
test_11863,0.9984643459320068
test_11864,0.5414103865623474
test_11865,0.6017390489578247
test_11866,0.5802186131477356
test_11867,0.3852776885032654
test_11868,0.2564149498939514
test_11869,0.06732331961393356
test_11870,0.9908131957054138
test_11871,0.2701962888240814
test_11872,0.543208122253418
test_11873,0.5263044238090515
test_11874,0.2884846329689026
test_11875,0.06133716553449631
test_11876,0.9824763536453247
test_11877,0.523570716381073
test_11878,0.576343297958374
test_11879,0.8333367705345154
test_11880,0.4113077223300934
test_11881,0.9917365908622742
test_11882,0.19326254725456238
test_11883,0.7435284852981567
test_11884,0.8343371748924255
test_11885,0.5301108360290527
test_11886,0.032572466880083084
test_11887,0.6655439734458923
test_11888,0.668738603591919
test_11889,0.7375691533088684
test_11890,0.924384593963623
test_11891,0.21122439205646515
test_11892,0.5976837277412415
test_11893,0.532159149646759
test_11894,0.5395680069923401
test_11895,0.20999157428741455
test_11896,0.9804830551147461
test_11897,0.076265849173069
test_11898,0.7178456783294678
test_11899,0.551314115524292
test_11900,0.14758998155593872
test_11901,0.7544124722480774
test_11902,0.955025851726532
test_11903,0.48716992139816284
test_11904,0.9781026244163513
test_11905,0.9989326596260071
test_11906,0.0016133884200826287
test_11907,0.8323291540145874
test_11908,0.10591262578964233
test_11909,0.25879818201065063
test_11910,0.9431584477424622
test_11911,5.553190931095742e-05
test_11912,0.04215303808450699
test_11913,0.9843859076499939
test_11914,0.7155026793479919
test_11915,0.2452906370162964
test_11916,0.11430723965167999
test_11917,0.5342338681221008
test_11918,0.06323300302028656
test_11919,0.5661899447441101
test_11920,0.22674021124839783
test_11921,0.4045380651950836
test_11922,0.6071440577507019
test_11923,0.986129105091095
test_11924,0.8861983418464661
test_11925,0.5300911068916321
test_11926,0.7569515109062195
test_11927,0.9696393609046936
test_11928,0.595708966255188
test_11929,0.5629018545150757
test_11930,0.923628568649292
test_11931,0.3099552392959595
test_11932,0.6196718215942383
test_11933,0.4686806797981262
test_11934,0.6963488459587097
test_11935,0.6827529668807983
test_11936,0.857206404209137
test_11937,0.21422944962978363
test_11938,0.9679746627807617
test_11939,0.8284169435501099
test_11940,0.5886102318763733
test_11941,0.9213172197341919
test_11942,0.8672868013381958
test_11943,0.48171862959861755
test_11944,0.1733226776123047
test_11945,0.7040845155715942
test_11946,0.5290263295173645
test_11947,0.447272926568985
test_11948,0.44877946376800537
test_11949,0.5523399114608765
test_11950,0.4693789780139923
test_11951,0.31026479601860046
test_11952,0.023809481412172318
test_11953,0.6646767854690552
test_11954,0.5814110636711121
test_11955,0.9707794189453125
test_11956,0.5083756446838379
test_11957,0.9307277202606201
test_11958,0.4710848927497864
test_11959,0.6864858865737915
test_11960,0.07973296195268631
test_11961,0.7151718139648438
test_11962,0.9783036112785339
test_11963,0.18557800352573395
test_11964,0.819708526134491
test_11965,0.2689385712146759
test_11966,0.673096776008606
test_11967,0.5637316703796387
test_11968,0.015281780622899532
test_11969,0.5008798837661743
test_11970,0.18893732130527496
test_11971,0.9466322064399719
test_11972,0.3174039125442505
test_11973,0.5379682779312134
test_11974,0.5717207193374634
test_11975,0.011877882294356823
test_11976,0.778984785079956
test_11977,0.43376848101615906
test_11978,0.9077398180961609
test_11979,0.19731979072093964
test_11980,0.8556519150733948
test_11981,0.6300744414329529
test_11982,0.9225393533706665
test_11983,0.5359841585159302
test_11984,0.08549696207046509
test_11985,0.6030457615852356
test_11986,0.19201542437076569
test_11987,0.6013982892036438
test_11988,0.9715542197227478
test_11989,0.6408439874649048
test_11990,0.8411896228790283
test_11991,0.588411808013916
test_11992,0.8442042469978333
test_11993,0.5741031765937805
test_11994,0.5967879295349121
test_11995,0.5073610544204712
test_11996,0.9039312601089478
test_11997,0.9967759251594543
test_11998,0.6852770447731018
test_11999,0.4049331545829773
test_12000,0.5169700980186462
test_12001,0.7840994596481323
test_12002,0.8622912168502808
test_12003,0.7999077439308167
test_12004,0.2966342568397522
test_12005,0.3427067697048187
test_12006,0.0872030258178711
test_12007,0.9265761375427246
test_12008,0.4089035093784332
test_12009,0.0040000746957957745
test_12010,0.09517338126897812
test_12011,0.9018606543540955
test_12012,0.5528945326805115
test_12013,0.28704744577407837
test_12014,0.8612822890281677
test_12015,0.3411276340484619
test_12016,0.10023044794797897
test_12017,0.5090221762657166
test_12018,0.8791646957397461
test_12019,0.7100435495376587
test_12020,0.8309606313705444
test_12021,0.9913889765739441
test_12022,0.5415852665901184
test_12023,0.8132169842720032
test_12024,0.6466248035430908
test_12025,0.5628207325935364
test_12026,0.5655521750450134
test_12027,0.4783841073513031
test_12028,0.5166717767715454
test_12029,0.5992072224617004
test_12030,0.22648799419403076
test_12031,0.9944213032722473
test_12032,0.6410819888114929
test_12033,0.9654396772384644
test_12034,0.6218649744987488
test_12035,0.42036014795303345
test_12036,0.030507465824484825
test_12037,0.5476857423782349
test_12038,0.624570906162262
test_12039,0.6425281167030334
test_12040,0.40842410922050476
test_12041,0.12400715798139572
test_12042,0.08605702966451645
test_12043,0.6712075471878052
test_12044,0.3377147912979126
test_12045,0.6735631227493286
test_12046,0.921336829662323
test_12047,0.838304340839386
test_12048,0.8661736845970154
test_12049,0.007972019724547863
test_12050,0.6201314926147461
test_12051,0.40475764870643616
test_12052,0.1725580096244812
test_12053,0.9727956056594849
test_12054,0.9600889086723328
test_12055,0.008439786732196808
test_12056,0.6982648968696594
test_12057,0.46110233664512634
test_12058,0.6137154698371887
test_12059,0.9652477502822876
test_12060,0.4552593529224396
test_12061,0.4297705888748169
test_12062,0.38023674488067627
test_12063,0.25211915373802185
test_12064,0.9986783862113953
test_12065,0.6573232412338257
test_12066,0.2635136842727661
test_12067,0.14517702162265778
test_12068,0.6004458069801331
test_12069,0.8051872849464417
test_12070,0.41144102811813354
test_12071,0.757398784160614
test_12072,0.9570831656455994
test_12073,0.5137823224067688
test_12074,0.5544233918190002
test_12075,0.49802684783935547
test_12076,0.43999937176704407
test_12077,0.692802906036377
test_12078,0.724144697189331
test_12079,0.15781360864639282
test_12080,0.3938868045806885
test_12081,0.615710437297821
test_12082,0.7905554175376892
test_12083,0.15238642692565918
test_12084,0.983167827129364
test_12085,0.6947226524353027
test_12086,0.9984065890312195
test_12087,0.9682499766349792
test_12088,0.5689371824264526
test_12089,0.08265877515077591
test_12090,0.5734541416168213
test_12091,0.3834806978702545
test_12092,0.9569332599639893
test_12093,0.8645407557487488
test_12094,0.868996798992157
test_12095,0.5174588561058044
test_12096,0.9886053204536438
test_12097,0.47272130846977234
test_12098,0.9282912611961365
test_12099,0.052420489490032196
test_12100,0.5334052443504333
test_12101,0.8192969560623169
test_12102,0.8036507964134216
test_12103,0.9279317855834961
test_12104,0.3733175992965698
test_12105,0.22529958188533783
test_12106,0.5106368064880371
test_12107,0.9502531886100769
test_12108,0.6790010929107666
test_12109,0.26208987832069397
test_12110,0.4740941822528839
test_12111,0.9868424534797668
test_12112,0.8342167139053345
test_12113,0.7571721076965332
test_12114,0.9964283108711243
test_12115,0.27401742339134216
test_12116,0.03045480139553547
test_12117,0.4670849144458771
test_12118,0.48240387439727783
test_12119,0.6049818992614746
test_12120,0.4675959646701813
test_12121,0.9817366600036621
test_12122,0.5402016043663025
test_12123,0.8842467069625854
test_12124,0.9849284291267395
test_12125,0.48927614092826843
test_12126,0.04578050225973129
test_12127,0.5589748024940491
test_12128,0.0023079540114849806
test_12129,0.5414093732833862
test_12130,0.8014355301856995
test_12131,0.020328782498836517
test_12132,0.33391907811164856
test_12133,0.1956559121608734
test_12134,0.9889039397239685
test_12135,0.4882035255432129
test_12136,0.4928317070007324
test_12137,0.17978771030902863
test_12138,0.10800711065530777
test_12139,0.42386379837989807
test_12140,0.07591439038515091
test_12141,0.21800057590007782
test_12142,0.42565664649009705
test_12143,0.7815836668014526
test_12144,0.5279632210731506
test_12145,0.4402856230735779
test_12146,0.20337387919425964
test_12147,0.8003300428390503
test_12148,0.6693984866142273
test_12149,0.9969373941421509
test_12150,0.8766713738441467
test_12151,0.8864589333534241
test_12152,0.5479695796966553
test_12153,0.47382423281669617
test_12154,0.9830028414726257
test_12155,0.8992565870285034
test_12156,0.3786275386810303
test_12157,0.5760604739189148
test_12158,0.7011371850967407
test_12159,0.738411009311676
test_12160,0.7850039601325989
test_12161,0.9529532194137573
test_12162,0.9974633455276489
test_12163,0.5809012055397034
test_12164,0.013061683624982834
test_12165,0.08518096059560776
test_12166,0.9846125245094299
test_12167,0.5590571761131287
test_12168,0.2575503885746002
test_12169,0.5911170244216919
test_12170,0.14047718048095703
test_12171,0.5391735434532166
test_12172,0.6084475517272949
test_12173,0.3260675072669983
test_12174,0.48809537291526794
test_12175,0.04251481592655182
test_12176,0.05484732985496521
test_12177,0.5452153086662292
test_12178,0.8423954844474792
test_12179,0.06856454163789749
test_12180,0.027927637100219727
test_12181,0.880612313747406
test_12182,0.5577258467674255
test_12183,0.025833221152424812
test_12184,0.8377841711044312
test_12185,0.7917575836181641
test_12186,0.4571090638637543
test_12187,0.5454238653182983
test_12188,0.22047249972820282
test_12189,0.5276104211807251
test_12190,0.9759948253631592
test_12191,0.9995937943458557
test_12192,0.512405276298523
test_12193,0.34497931599617004
test_12194,0.023544974625110626
test_12195,0.10010094940662384
test_12196,0.3078197240829468
test_12197,0.40820538997650146
test_12198,0.4927021563053131
test_12199,0.49291789531707764
test_12200,0.5063303709030151
test_12201,0.07615254819393158
test_12202,0.7305665016174316
test_12203,0.9476264119148254
test_12204,0.6305307745933533
test_12205,0.18197114765644073
test_12206,0.24398572742938995
test_12207,0.6002943515777588
test_12208,0.9107688069343567
test_12209,0.934455931186676
test_12210,0.20056551694869995
test_12211,0.5117253065109253
test_12212,0.696587085723877
test_12213,0.2666056752204895
test_12214,0.9643132090568542
test_12215,0.7289559245109558
test_12216,0.496299684047699
test_12217,0.8361338973045349
test_12218,0.7354158759117126
test_12219,0.0670742318034172
test_12220,0.9939165711402893
test_12221,0.47711145877838135
test_12222,0.4935653507709503
test_12223,0.05384669080376625
test_12224,0.5642213821411133
test_12225,0.9261089563369751
test_12226,0.5387051105499268
test_12227,0.9144737124443054
test_12228,0.7869216203689575
test_12229,0.6995128989219666
test_12230,0.5033661127090454
test_12231,0.7365167737007141
test_12232,0.21442639827728271
test_12233,0.16314108669757843
test_12234,0.7084528803825378
test_12235,0.6436773538589478
test_12236,0.13366033136844635
test_12237,0.7841581106185913
test_12238,0.7369267344474792
test_12239,0.6390976309776306
test_12240,0.06948769092559814
test_12241,0.47497081756591797
test_12242,0.7910737991333008
test_12243,0.7522116303443909
test_12244,0.9728361964225769
test_12245,0.7676947116851807
test_12246,0.8920084238052368
test_12247,0.002864784561097622
test_12248,0.5853675007820129
test_12249,0.26020491123199463
test_12250,0.6270776987075806
test_12251,6.046983253327198e-05
test_12252,0.17205356061458588
test_12253,0.3059180974960327
test_12254,0.9758008718490601
test_12255,0.5570200681686401
test_12256,0.9228372573852539
test_12257,0.9602386355400085
test_12258,0.45438408851623535
test_12259,0.09010661393404007
test_12260,0.8133488297462463
test_12261,0.8183994293212891
test_12262,0.20266297459602356
test_12263,0.47308585047721863
test_12264,0.5815376043319702
test_12265,0.7653406262397766
test_12266,0.7349320650100708
test_12267,0.18482817709445953
test_12268,0.7939593195915222
test_12269,0.6650009751319885
test_12270,0.8256466388702393
test_12271,0.7387893199920654
test_12272,0.8117592334747314
test_12273,0.9949697852134705
test_12274,0.4834121763706207
test_12275,0.7634798288345337
test_12276,0.7166646122932434
test_12277,0.5910717844963074
test_12278,0.022573377937078476
test_12279,0.27637386322021484
test_12280,0.035986531525850296
test_12281,0.9890161156654358
test_12282,0.38763585686683655
test_12283,0.244253471493721
test_12284,0.14471368491649628
test_12285,0.9493105411529541
test_12286,0.8410007953643799
test_12287,0.6942428350448608
test_12288,0.874157190322876
test_12289,0.05210656300187111
test_12290,0.6453409790992737
test_12291,0.586676836013794
test_12292,0.7389554977416992
test_12293,0.6943612098693848
test_12294,0.3566015362739563
test_12295,0.47326114773750305
test_12296,0.019442833960056305
test_12297,0.19492635130882263
test_12298,0.3864051401615143
test_12299,0.4993235766887665
test_12300,0.11260753124952316
test_12301,0.0446929931640625
test_12302,0.3507729172706604
test_12303,0.03711073100566864
test_12304,0.9911529421806335
test_12305,0.004871356766670942
test_12306,0.5097728967666626
test_12307,0.4554530382156372
test_12308,0.5299484729766846
test_12309,0.7187467217445374
test_12310,0.5549893379211426
test_12311,0.4608839750289917
test_12312,0.999092698097229
test_12313,0.13157476484775543
test_12314,0.9683972001075745
test_12315,0.3692689836025238
test_12316,0.1323665976524353
test_12317,0.09154947847127914
test_12318,0.950076699256897
test_12319,0.19905772805213928
test_12320,0.9043736457824707
test_12321,0.9989569187164307
test_12322,0.6989985704421997
test_12323,0.19988594949245453
test_12324,0.39907774329185486
test_12325,0.5359026789665222
test_12326,0.950089156627655
test_12327,0.9996457099914551
test_12328,0.43973416090011597
test_12329,0.8030892014503479
test_12330,0.7736386656761169
test_12331,0.4040292203426361
test_12332,0.272706538438797
test_12333,0.7482004761695862
test_12334,0.005106071010231972
test_12335,0.9061084389686584
test_12336,0.734991729259491
test_12337,0.6177543997764587
test_12338,0.6070355176925659
test_12339,0.5920387506484985
test_12340,0.5143265724182129
test_12341,0.842687726020813
test_12342,0.3850497007369995
test_12343,0.5254848599433899
test_12344,0.4697745442390442
test_12345,0.45301875472068787
test_12346,0.6805206537246704
test_12347,0.8692121505737305
test_12348,0.5749650001525879
test_12349,0.943405270576477
test_12350,0.03696442395448685
test_12351,0.9281492233276367
test_12352,0.15107977390289307
test_12353,0.665765643119812
test_12354,0.7994272708892822
test_12355,0.007436537183821201
test_12356,0.9362459182739258
test_12357,0.6483535170555115
test_12358,0.733273446559906
test_12359,0.35740017890930176
test_12360,0.7038736939430237
test_12361,0.8647986054420471
test_12362,0.49459826946258545
test_12363,0.791515052318573
test_12364,0.958294153213501
test_12365,0.2776390612125397
test_12366,0.473010778427124
test_12367,0.5096195936203003
test_12368,0.37949684262275696
test_12369,0.7357534766197205
test_12370,0.3373321294784546
test_12371,0.6959328651428223
test_12372,0.8824525475502014
test_12373,0.03618288040161133
test_12374,0.4144957363605499
test_12375,0.3541080355644226
test_12376,0.41746655106544495
test_12377,0.9368904829025269
test_12378,0.7662764191627502
test_12379,0.7874986529350281
test_12380,0.3451603949069977
test_12381,0.41757938265800476
test_12382,0.9235785603523254
test_12383,0.6058179140090942
test_12384,0.5938593149185181
test_12385,0.5113227963447571
test_12386,0.5893468260765076
test_12387,0.9997190833091736
test_12388,0.7929974794387817
test_12389,0.10785359889268875
test_12390,0.9985105395317078
test_12391,0.31712087988853455
test_12392,0.9908877611160278
test_12393,0.9969438910484314
test_12394,0.20924623310565948
test_12395,0.7617917060852051
test_12396,0.015443898737430573
test_12397,0.5632168650627136
test_12398,0.12436144053936005
test_12399,0.10118765383958817
test_12400,0.9984408020973206
test_12401,0.12227550148963928
test_12402,0.7225128412246704
test_12403,0.3340695798397064
test_12404,0.3076240122318268
test_12405,0.36264604330062866
test_12406,0.5408933162689209
test_12407,0.9960108995437622
test_12408,0.8356272578239441
test_12409,0.38260647654533386
test_12410,0.011274070478975773
test_12411,0.5791850686073303
test_12412,0.15562352538108826
test_12413,0.592520534992218
test_12414,0.11497851461172104
test_12415,0.24711577594280243
test_12416,0.7132281064987183
test_12417,0.9895931482315063
test_12418,0.914187490940094
test_12419,0.6945657134056091
test_12420,0.8095477223396301
test_12421,0.5279653668403625
test_12422,0.9885649085044861
test_12423,0.7079190015792847
test_12424,0.1373203545808792
test_12425,0.38011816143989563
test_12426,0.4741297960281372
test_12427,0.9417469501495361
test_12428,0.3950284719467163
test_12429,0.4042888283729553
test_12430,0.8296740055084229
test_12431,0.4931614398956299
test_12432,0.9806592464447021
test_12433,0.5383532047271729
test_12434,0.836693286895752
test_12435,0.7784361839294434
test_12436,0.7029851675033569
test_12437,0.021393463015556335
test_12438,0.0487532839179039
test_12439,0.06498246639966965
test_12440,0.65581876039505
test_12441,0.5042762756347656
test_12442,0.7530263662338257
test_12443,0.8786270022392273
test_12444,0.963428795337677
test_12445,0.9042402505874634
test_12446,0.6925788521766663
test_12447,0.24433238804340363
test_12448,5.701791451429017e-05
test_12449,0.6917567253112793
test_12450,0.4717002213001251
test_12451,0.8338583707809448
test_12452,0.7131471037864685
test_12453,0.8434247374534607
test_12454,0.9312505125999451
test_12455,0.1024583950638771
test_12456,0.7232993841171265
test_12457,0.9943892359733582
test_12458,0.2497137188911438
test_12459,0.34473681449890137
test_12460,0.70107501745224
test_12461,0.07480933517217636
test_12462,0.45764783024787903
test_12463,0.5408962368965149
test_12464,0.6416820287704468
test_12465,0.004655728582292795
test_12466,0.3952396512031555
test_12467,0.8345082402229309
test_12468,0.413349449634552
test_12469,0.4928370416164398
test_12470,0.9033268094062805
test_12471,0.5577219128608704
test_12472,0.061443205922842026
test_12473,0.1434531807899475
test_12474,0.07917171716690063
test_12475,0.12030300498008728
test_12476,0.4558354318141937
test_12477,0.0061003342270851135
test_12478,0.4743279218673706
test_12479,0.2043454945087433
test_12480,0.5766952633857727
test_12481,0.009396002627909184
test_12482,0.987895131111145
test_12483,0.0021802689880132675
test_12484,0.8709236979484558
test_12485,0.005492120515555143
test_12486,0.3276565372943878
test_12487,0.8086469769477844
test_12488,0.09073378145694733
test_12489,0.998735249042511
test_12490,0.27655187249183655
test_12491,0.9822548627853394
test_12492,0.5583698749542236
test_12493,0.39824193716049194
test_12494,0.994021475315094
test_12495,0.8890709280967712
test_12496,0.654171884059906
test_12497,0.4744005799293518
test_12498,0.6004729270935059
test_12499,0.2848832607269287
test_12500,0.9950698614120483
test_12501,0.7946829199790955
test_12502,0.05544733628630638
test_12503,0.5576215982437134
test_12504,0.803993821144104
test_12505,0.4968636631965637
test_12506,0.8817591071128845
test_12507,0.5130874514579773
test_12508,0.37181803584098816
test_12509,0.45664718747138977
test_12510,0.09665904939174652
test_12511,0.9656063914299011
test_12512,0.5360679030418396
test_12513,0.614234983921051
test_12514,0.7093417048454285
test_12515,0.34591054916381836
test_12516,0.7230556607246399
test_12517,0.2073073387145996
test_12518,0.8432139754295349
test_12519,0.6905569434165955
test_12520,0.2707698941230774
test_12521,0.9650552868843079
test_12522,0.7114452123641968
test_12523,0.9629449248313904
test_12524,0.8573573231697083
test_12525,0.5182024836540222
test_12526,0.8447525501251221
test_12527,0.6107708811759949
test_12528,0.07129629701375961
test_12529,0.8573002815246582
test_12530,0.616039514541626
test_12531,0.10893303900957108
test_12532,0.504677414894104
test_12533,0.09346605837345123
test_12534,0.7753653526306152
test_12535,0.4729919135570526
test_12536,0.308786541223526
test_12537,0.3023826777935028
test_12538,0.6686930060386658
test_12539,0.5739847421646118
test_12540,0.6615526676177979
test_12541,0.34860527515411377
test_12542,0.8510716557502747
test_12543,0.6624042987823486
test_12544,0.8422946929931641
test_12545,0.9768129587173462
test_12546,0.3639158606529236
test_12547,0.01653033122420311
test_12548,0.5688832402229309
test_12549,0.6336013674736023
test_12550,0.5223397016525269
test_12551,0.692847728729248
test_12552,0.7282131314277649
test_12553,0.5540705919265747
test_12554,0.13895058631896973
test_12555,0.028326941654086113
test_12556,0.45069047808647156
test_12557,0.8464335203170776
test_12558,0.9755123257637024
test_12559,0.35161274671554565
test_12560,0.13071569800376892
test_12561,0.7594736814498901
test_12562,0.24443088471889496
test_12563,0.9089046120643616
test_12564,0.5363883972167969
test_12565,0.9053086638450623
test_12566,0.9816919565200806
test_12567,0.8945404887199402
test_12568,0.13964305818080902
test_12569,0.5238988995552063
test_12570,0.6769112944602966
test_12571,0.10428399592638016
test_12572,0.24201177060604095
test_12573,0.23024620115756989
test_12574,0.9221015572547913
test_12575,0.026727955788373947
test_12576,0.5002901554107666
test_12577,0.6551786065101624
test_12578,0.6855199933052063
test_12579,0.9485803246498108
test_12580,0.8261692523956299
test_12581,0.10225672274827957
test_12582,0.1932152360677719
test_12583,0.5408788323402405
test_12584,0.5736922025680542
test_12585,0.9602915644645691
test_12586,0.9943280816078186
test_12587,0.44410139322280884
test_12588,0.27594509720802307
test_12589,0.6352041959762573
test_12590,0.7171006202697754
test_12591,0.7318437695503235
test_12592,0.06825339794158936
test_12593,0.8215687274932861
test_12594,0.4072565734386444
test_12595,0.02736947312951088
test_12596,0.4379461407661438
test_12597,0.9150347113609314
test_12598,0.49982041120529175
test_12599,0.00814899243414402
test_12600,0.440318763256073
test_12601,0.48608726263046265
test_12602,0.06092999503016472
test_12603,0.9625402688980103
test_12604,0.9808212518692017
test_12605,0.48025768995285034
test_12606,0.5610008239746094
test_12607,0.060330767184495926
test_12608,0.8009932041168213
test_12609,0.5334172248840332
test_12610,0.69987952709198
test_12611,0.7485882639884949
test_12612,0.38932859897613525
test_12613,0.26336607336997986
test_12614,0.25120943784713745
test_12615,0.9922448992729187
test_12616,0.6209859251976013
test_12617,0.03768534958362579
test_12618,0.7259618043899536
test_12619,0.5451837182044983
test_12620,0.500307559967041
test_12621,0.8362643718719482
test_12622,0.7490062713623047
test_12623,0.42196574807167053
test_12624,0.8732060194015503
test_12625,0.20031122863292694
test_12626,0.007714174222201109
test_12627,0.04470077157020569
test_12628,0.9596381783485413
test_12629,0.8016710877418518
test_12630,0.45648646354675293
test_12631,0.884506344795227
test_12632,0.2842549979686737
test_12633,0.377751886844635
test_12634,0.5812714695930481
test_12635,0.7073535323143005
test_12636,0.6124815940856934
test_12637,0.6383177638053894
test_12638,0.0016382187604904175
test_12639,0.5531960129737854
test_12640,0.35220080614089966
test_12641,0.2518817186355591
test_12642,0.698235273361206
test_12643,0.9998482465744019
test_12644,0.30681291222572327
test_12645,0.9346966743469238
test_12646,0.7681783437728882
test_12647,0.5582089424133301
test_12648,0.21968744695186615
test_12649,0.0274782907217741
test_12650,0.045725759118795395
test_12651,0.5718145966529846
test_12652,0.10332269221544266
test_12653,0.9541141390800476
test_12654,0.18599887192249298
test_12655,0.9804639220237732
test_12656,0.5029367208480835
test_12657,0.4882706105709076
test_12658,0.9656778573989868
test_12659,0.38652294874191284
test_12660,0.6015740633010864
test_12661,0.6227248311042786
test_12662,0.6579553484916687
test_12663,0.8155635595321655
test_12664,0.13370724022388458
test_12665,0.8657567501068115
test_12666,0.9032062888145447
test_12667,0.25460970401763916
test_12668,0.036756254732608795
test_12669,0.8045085072517395
test_12670,0.8777240514755249
test_12671,0.16133633255958557
test_12672,0.022049063816666603
test_12673,0.17407724261283875
test_12674,0.8209028244018555
test_12675,0.009803343564271927
test_12676,0.1480596363544464
test_12677,0.1358581781387329
test_12678,0.22969529032707214
test_12679,0.8360053300857544
test_12680,0.5669761300086975
test_12681,0.5486876368522644
test_12682,0.8878992199897766
test_12683,0.6598931550979614
test_12684,0.8038831353187561
test_12685,0.7400736212730408
test_12686,0.8740787506103516
test_12687,0.13532744348049164
test_12688,0.7906392216682434
test_12689,0.9013311862945557
test_12690,0.8445970416069031
test_12691,0.564368486404419
test_12692,0.7523514032363892
test_12693,0.018151044845581055
test_12694,0.47560054063796997
test_12695,0.26049309968948364
test_12696,0.6408889293670654
test_12697,0.032938264310359955
test_12698,0.6977506279945374
test_12699,0.9549573659896851
test_12700,0.5827872157096863
test_12701,0.9452751278877258
test_12702,0.5947038531303406
test_12703,0.5218507647514343
test_12704,0.010484183207154274
test_12705,0.6871355772018433
test_12706,0.3265889585018158
test_12707,0.9777732491493225
test_12708,0.9909393787384033
test_12709,0.7462064623832703
test_12710,0.8072822690010071
test_12711,0.5275000333786011
test_12712,0.8942013382911682
test_12713,0.5116996169090271
test_12714,0.2835952043533325
test_12715,0.5689815878868103
test_12716,0.012831388041377068
test_12717,0.5905609130859375
test_12718,0.755453884601593
test_12719,0.7812549471855164
test_12720,0.46784913539886475
test_12721,0.7631127238273621
test_12722,0.9021515846252441
test_12723,0.22650903463363647
test_12724,0.671162486076355
test_12725,0.30696532130241394
test_12726,0.29138806462287903
test_12727,0.5849211812019348
test_12728,0.4849695861339569
test_12729,0.5929458141326904
test_12730,0.148894801735878
test_12731,0.9902727007865906
test_12732,0.8920854926109314
test_12733,0.20520243048667908
test_12734,0.17923784255981445
test_12735,0.7582367062568665
test_12736,0.224467471241951
test_12737,0.9983018636703491
test_12738,0.8059903979301453
test_12739,0.8242674469947815
test_12740,0.5483497977256775
test_12741,0.47252368927001953
test_12742,0.6342341303825378
test_12743,0.1671479344367981
test_12744,0.19918709993362427
test_12745,0.37642449140548706
test_12746,0.5174901485443115
test_12747,0.5861876606941223
test_12748,0.6507143974304199
test_12749,0.027304280549287796
test_12750,0.006924150045961142
test_12751,0.5240774154663086
test_12752,0.6274935007095337
test_12753,0.22008353471755981
test_12754,0.4957229495048523
test_12755,0.8928449749946594
test_12756,0.9777697324752808
test_12757,0.5611413717269897
test_12758,0.6746180057525635
test_12759,0.012916823849081993
test_12760,0.849613606929779
test_12761,0.5613493323326111
test_12762,0.8844663500785828
test_12763,0.8366407155990601
test_12764,0.4493405818939209
test_12765,0.43025392293930054
test_12766,0.0013495472958311439
test_12767,0.4717525839805603
test_12768,0.8177982568740845
test_12769,0.9997636675834656
test_12770,0.01695818267762661
test_12771,0.021058976650238037
test_12772,0.9936363697052002
test_12773,0.9580740332603455
test_12774,0.5475934147834778
test_12775,0.7854692935943604
test_12776,0.5303921103477478
test_12777,0.31935054063796997
test_12778,0.7285974621772766
test_12779,0.9733063578605652
test_12780,0.9624327421188354
test_12781,0.9986129999160767
test_12782,0.03030167892575264
test_12783,0.6857472658157349
test_12784,0.6320747137069702
test_12785,0.00013107778795529157
test_12786,0.6743442416191101
test_12787,0.7616163492202759
test_12788,0.47476330399513245
test_12789,0.8718485832214355
test_12790,0.5710421800613403
test_12791,0.7145121693611145
test_12792,0.5119680762290955
test_12793,0.595674455165863
test_12794,0.6749311089515686
test_12795,0.2571896016597748
test_12796,0.06104344502091408
test_12797,0.21277596056461334
test_12798,0.391665518283844
test_12799,0.00938210729509592
test_12800,0.48475971817970276
test_12801,0.6399548053741455
test_12802,0.02263164147734642
test_12803,0.1290677934885025
test_12804,0.9995050430297852
test_12805,0.15037822723388672
test_12806,0.11187506467103958
test_12807,0.75264573097229
test_12808,0.48465755581855774
test_12809,0.8243883848190308
test_12810,0.0017046647844836116
test_12811,0.33042898774147034
test_12812,0.16999265551567078
test_12813,0.682483971118927
test_12814,0.5512540340423584
test_12815,0.9965417981147766
test_12816,0.42894965410232544
test_12817,0.9034240245819092
test_12818,0.14733131229877472
test_12819,0.17671211063861847
test_12820,0.7621201276779175
test_12821,0.808779776096344
test_12822,0.8273512125015259
test_12823,0.8050011396408081
test_12824,0.8930429816246033
test_12825,0.6858219504356384
test_12826,0.7139948010444641
test_12827,0.7957205176353455
test_12828,0.5344483256340027
test_12829,0.6500128507614136
test_12830,0.8147563934326172
test_12831,0.35673707723617554
test_12832,0.23697838187217712
test_12833,0.7288308143615723
test_12834,0.9798697233200073
test_12835,0.8758364915847778
test_12836,0.19502392411231995
test_12837,0.08662978559732437
test_12838,0.9978272318840027
test_12839,0.8211513757705688
test_12840,0.9803902506828308
test_12841,0.9613356590270996
test_12842,0.48108312487602234
test_12843,0.9148158431053162
test_12844,0.5479602813720703
test_12845,0.2173202782869339
test_12846,0.5016260743141174
test_12847,0.40981900691986084
test_12848,0.9853690266609192
test_12849,0.5535821318626404
test_12850,0.22031594812870026
test_12851,0.6472193002700806
test_12852,0.5766326785087585
test_12853,0.5671261548995972
test_12854,0.2672637104988098
test_12855,0.45702579617500305
test_12856,0.018898077309131622
test_12857,0.6304449439048767
test_12858,0.8945375084877014
test_12859,0.1388065218925476
test_12860,0.5640957951545715
test_12861,0.157820925116539
test_12862,0.384720116853714
test_12863,0.25380951166152954
test_12864,0.2962260842323303
test_12865,0.894075870513916
test_12866,0.9999440908432007
test_12867,0.6635337471961975
test_12868,0.5472955107688904
test_12869,0.00855286605656147
test_12870,0.9765245914459229
test_12871,0.49666497111320496
test_12872,0.5023207664489746
test_12873,0.9714722037315369
test_12874,0.5504218339920044
test_12875,0.12660278379917145
test_12876,0.19621144235134125
test_12877,0.017335953190922737
test_12878,0.3861846625804901
test_12879,0.5342413187026978
test_12880,0.6814810633659363
test_12881,0.024858154356479645
test_12882,0.6398721933364868
test_12883,0.429289847612381
test_12884,0.4856780469417572
test_12885,0.002353929216042161
test_12886,0.6716709136962891
test_12887,0.7420812249183655
test_12888,0.9978443384170532
test_12889,0.09916771948337555
test_12890,0.2818697988986969
test_12891,0.8101359009742737
test_12892,0.9674407243728638
test_12893,0.5417793393135071
test_12894,0.45239517092704773
test_12895,0.2196638435125351
test_12896,0.9989250302314758
test_12897,0.6420730948448181
test_12898,0.4529098570346832
test_12899,0.9869701862335205
test_12900,0.9446604251861572
test_12901,0.8381403088569641
test_12902,0.9387537837028503
test_12903,0.790249764919281
test_12904,0.2499854564666748
test_12905,0.8042027950286865
test_12906,0.3618212044239044
test_12907,0.8765164613723755
test_12908,0.7974172234535217
test_12909,0.2106589376926422
test_12910,0.41523846983909607
test_12911,0.6710056066513062
test_12912,0.9907166361808777
test_12913,0.48390820622444153
test_12914,0.11432833224534988
test_12915,0.025348924100399017
test_12916,0.7556880116462708
test_12917,0.6124286651611328
test_12918,0.10745789855718613
test_12919,0.06905454397201538
test_12920,0.5249838829040527
test_12921,0.034842636436223984
test_12922,0.7986521124839783
test_12923,0.9583738446235657
test_12924,0.31034696102142334
test_12925,0.5484461784362793
test_12926,0.7794389724731445
test_12927,0.44832417368888855
test_12928,0.9373421669006348
test_12929,0.10150226205587387
test_12930,0.8082481026649475
test_12931,0.1603970229625702
test_12932,0.11670923978090286
test_12933,0.9663497805595398
test_12934,0.8154792189598083
test_12935,0.6421427726745605
test_12936,0.6565219163894653
test_12937,0.5205580592155457
test_12938,0.7105304598808289
test_12939,0.5489513278007507
test_12940,0.6575435400009155
test_12941,0.5508615374565125
test_12942,0.46610358357429504
test_12943,0.41180792450904846
test_12944,0.9142543077468872
test_12945,0.866838812828064
test_12946,0.9999701976776123
test_12947,0.9957685470581055
test_12948,0.7315865159034729
test_12949,0.5074986219406128
test_12950,0.12232711166143417
test_12951,0.5890833139419556
test_12952,0.0521366260945797
test_12953,0.9686729311943054
test_12954,0.3660445213317871
test_12955,0.562050998210907
test_12956,0.7963398098945618
test_12957,0.08713264018297195
test_12958,0.5372353196144104
test_12959,0.45020341873168945
test_12960,0.6810464262962341
test_12961,0.07168553024530411
test_12962,0.5708534121513367
test_12963,0.579401969909668
test_12964,0.9816523194313049
test_12965,0.4340081214904785
test_12966,0.7784662842750549
test_12967,0.0030146068893373013
test_12968,0.16793255507946014
test_12969,0.15916071832180023
test_12970,0.6533541083335876
test_12971,0.9852831363677979
test_12972,0.566348671913147
test_12973,0.03207002952694893
test_12974,0.16399098932743073
test_12975,0.029731780290603638
test_12976,0.2341177612543106
test_12977,0.7082297801971436
test_12978,0.296278715133667
test_12979,0.47346732020378113
test_12980,0.9674889445304871
test_12981,0.8217877745628357
test_12982,0.7144787907600403
test_12983,0.8812047243118286
test_12984,0.4376140534877777
test_12985,0.7664353847503662
test_12986,0.4357782304286957
test_12987,0.9480801820755005
test_12988,0.4606133699417114
test_12989,0.5457538366317749
test_12990,0.9727625250816345
test_12991,0.5065182447433472
test_12992,0.9824286103248596
test_12993,0.4335041046142578
test_12994,0.9164705276489258
test_12995,0.8411602973937988
test_12996,0.420514315366745
test_12997,0.2597292959690094
test_12998,0.7473819255828857
test_12999,0.41648104786872864
test_13000,0.25019189715385437
test_13001,0.21687966585159302
test_13002,0.0003880196891259402
test_13003,0.38499322533607483
test_13004,0.5348747968673706
test_13005,0.013622751459479332
test_13006,0.6899881362915039
test_13007,0.7545226812362671
test_13008,0.891420304775238
test_13009,0.6358827352523804
test_13010,0.6400837302207947
test_13011,0.5141121745109558
test_13012,0.5904781222343445
test_13013,0.901342511177063
test_13014,0.21090008318424225
test_13015,0.9444551467895508
test_13016,0.4859483242034912
test_13017,0.6904598474502563
test_13018,0.008162631653249264
test_13019,0.7950339913368225
test_13020,0.972241997718811
test_13021,0.49930691719055176
test_13022,0.5640193819999695
test_13023,0.5629744529724121
test_13024,0.15543018281459808
test_13025,0.8682922720909119
test_13026,0.11989420652389526
test_13027,0.7251923680305481
test_13028,0.9824134111404419
test_13029,0.4703679084777832
test_13030,0.5213974714279175
test_13031,0.4665907919406891
test_13032,0.6771378517150879
test_13033,0.05737989768385887
test_13034,0.6508245468139648
test_13035,0.6637097001075745
test_13036,0.5599644184112549
test_13037,0.9992842078208923
test_13038,0.52884840965271
test_13039,0.1495198905467987
test_13040,0.3409062623977661
test_13041,0.7521874904632568
test_13042,0.6112337112426758
test_13043,0.6175856590270996
test_13044,0.4477057456970215
test_13045,0.3914248049259186
test_13046,0.0628749430179596
test_13047,0.0049162874929606915
test_13048,0.5518200397491455
test_13049,0.9558133482933044
test_13050,0.00014895219646859914
test_13051,0.5181564688682556
test_13052,0.5743650794029236
test_13053,0.991377592086792
test_13054,0.7876330614089966
test_13055,0.41153040528297424
test_13056,0.24208372831344604
test_13057,0.4306755065917969
test_13058,0.8925251364707947
test_13059,0.17967943847179413
test_13060,0.5478702783584595
test_13061,0.8244609832763672
test_13062,0.473625510931015
test_13063,0.0005866666906513274
test_13064,0.49142706394195557
test_13065,0.9607603549957275
test_13066,0.7385318279266357
test_13067,0.4234011471271515
test_13068,0.4173973798751831
test_13069,0.43984195590019226
test_13070,0.24963931739330292
test_13071,0.3743377923965454
test_13072,0.808973491191864
test_13073,0.6774592995643616
test_13074,0.9301186203956604
test_13075,0.45440879464149475
test_13076,0.5280709862709045
test_13077,0.8497706651687622
test_13078,0.28940239548683167
test_13079,0.04932139068841934
test_13080,0.13718901574611664
test_13081,0.9829860329627991
test_13082,0.7459988594055176
test_13083,0.5795105695724487
test_13084,0.891226053237915
test_13085,0.5208984017372131
test_13086,0.741184413433075
test_13087,0.14447495341300964
test_13088,0.17930693924427032
test_13089,0.503476083278656
test_13090,0.042164720594882965
test_13091,0.5369800925254822
test_13092,0.9466843605041504
test_13093,0.05927545204758644
test_13094,0.988193690776825
test_13095,0.9884817600250244
test_13096,0.16346098482608795
test_13097,0.5514170527458191
test_13098,0.26210176944732666
test_13099,0.3284642994403839
test_13100,0.22520212829113007
test_13101,0.003350429702550173
test_13102,0.6496841907501221
test_13103,0.3986396789550781
test_13104,0.9879828691482544
test_13105,0.5227450728416443
test_13106,0.8398374319076538
test_13107,0.5162788033485413
test_13108,0.7540757656097412
test_13109,0.2232942134141922
test_13110,0.9992784857749939
test_13111,0.5242944359779358
test_13112,0.8417508602142334
test_13113,0.7848503589630127
test_13114,0.663732647895813
test_13115,0.08935648202896118
test_13116,0.5136494636535645
test_13117,0.713873028755188
test_13118,0.16299787163734436
test_13119,0.43773767352104187
test_13120,0.9907387495040894
test_13121,0.49256953597068787
test_13122,0.17214305698871613
test_13123,0.9653494954109192
test_13124,0.5090218782424927
test_13125,0.20666706562042236
test_13126,0.867493748664856
test_13127,0.19167228043079376
test_13128,0.5191826820373535
test_13129,0.5628148317337036
test_13130,0.9537262320518494
test_13131,0.5053008794784546
test_13132,0.0003406475007068366
test_13133,0.08084505051374435
test_13134,0.9447745680809021
test_13135,0.2802799642086029
test_13136,0.9998235106468201
test_13137,0.6160441040992737
test_13138,0.7713516354560852
test_13139,0.9250550270080566
test_13140,0.6449137330055237
test_13141,0.9229403138160706
test_13142,0.029029594734311104
test_13143,0.524701714515686
test_13144,0.6150442957878113
test_13145,0.972590446472168
test_13146,0.5294394493103027
test_13147,0.8028862476348877
test_13148,0.9113288521766663
test_13149,0.23943054676055908
test_13150,0.7236413359642029
test_13151,0.5701468586921692
test_13152,0.9751606583595276
test_13153,0.4586849808692932
test_13154,0.5745528936386108
test_13155,0.9649525880813599
test_13156,0.31682559847831726
test_13157,0.06992963701486588
test_13158,0.3740512430667877
test_13159,0.9745306968688965
test_13160,0.7470508217811584
test_13161,0.6183080077171326
test_13162,7.840591933927499e-06
test_13163,0.5353671908378601
test_13164,0.9649354219436646
test_13165,0.6250560283660889
test_13166,0.3227372169494629
test_13167,0.21370188891887665
test_13168,0.5825724005699158
test_13169,0.6783208250999451
test_13170,0.576249361038208
test_13171,0.5129762887954712
test_13172,0.7168833017349243
test_13173,0.11771254241466522
test_13174,0.6808004975318909
test_13175,0.4998348355293274
test_13176,0.6538042426109314
test_13177,0.4856564998626709
test_13178,0.49123936891555786
test_13179,0.5704673528671265
test_13180,0.5704151391983032
test_13181,0.09730737656354904
test_13182,0.3860112428665161
test_13183,0.9804338812828064
test_13184,0.9214422106742859
test_13185,0.4882778823375702
test_13186,0.6815506815910339
test_13187,0.8481015563011169
test_13188,0.015903443098068237
test_13189,0.49654704332351685
test_13190,0.5511351227760315
test_13191,0.5090993642807007
test_13192,0.32029253244400024
test_13193,0.5072792768478394
test_13194,0.894745409488678
test_13195,0.03491673246026039
test_13196,0.9999996423721313
test_13197,0.33705270290374756
test_13198,0.6121008992195129
test_13199,0.4626820981502533
test_13200,0.5755442976951599
test_13201,0.2083030790090561
test_13202,0.6549672484397888
test_13203,0.9579883813858032
test_13204,0.965699315071106
test_13205,0.06719266623258591
test_13206,0.0750032514333725
test_13207,0.6204955577850342
test_13208,0.8657333254814148
test_13209,0.9256207942962646
test_13210,0.9047375321388245
test_13211,0.7609450221061707
test_13212,0.388947069644928
test_13213,0.4060884118080139
test_13214,0.019953003153204918
test_13215,0.23887701332569122
test_13216,0.545384407043457
test_13217,0.9979602098464966
test_13218,0.7556726932525635
test_13219,0.9402371644973755
test_13220,0.9877497553825378
test_13221,0.5427785515785217
test_13222,0.6982768774032593
test_13223,0.9194326996803284
test_13224,0.10501836240291595
test_13225,0.2663998305797577
test_13226,0.30509331822395325
test_13227,0.9760605692863464
test_13228,0.38562721014022827
test_13229,0.2016029953956604
test_13230,0.30608341097831726
test_13231,0.962477445602417
test_13232,0.3872641324996948
test_13233,0.8695937395095825
test_13234,0.9282064437866211
test_13235,0.01655770279467106
test_13236,0.6027616262435913
test_13237,0.5110800266265869
test_13238,0.04504723474383354
test_13239,0.07519319653511047
test_13240,0.0026950109750032425
test_13241,0.42150387167930603
test_13242,0.1441783457994461
test_13243,0.767806887626648
test_13244,0.807197093963623
test_13245,0.4481593370437622
test_13246,0.263195276260376
test_13247,0.5082858800888062
test_13248,0.1996641308069229
test_13249,0.6096553802490234
test_13250,0.3783149719238281
test_13251,0.2195403277873993
test_13252,0.7152228355407715
test_13253,0.964158296585083
test_13254,0.9360541105270386
test_13255,0.4669974446296692
test_13256,0.3124290108680725
test_13257,0.9804031848907471
test_13258,0.7144663333892822
test_13259,0.9996142387390137
test_13260,0.484666109085083
test_13261,0.5189661979675293
test_13262,0.5481525659561157
test_13263,0.19209276139736176
test_13264,0.5027173757553101
test_13265,0.1656172275543213
test_13266,0.40405693650245667
test_13267,0.5184588432312012
test_13268,0.600758969783783
test_13269,0.639018177986145
test_13270,0.37332335114479065
test_13271,0.0932011529803276
test_13272,0.9428983926773071
test_13273,0.6914070248603821
test_13274,0.08616755157709122
test_13275,0.9314404726028442
test_13276,0.4689997434616089
test_13277,0.3690205216407776
test_13278,0.5947794914245605
test_13279,0.951697051525116
test_13280,0.6868638396263123
test_13281,0.3190542161464691
test_13282,0.9917064905166626
test_13283,0.3955370783805847
test_13284,0.5514336824417114
test_13285,0.7441744208335876
test_13286,0.5296733975410461
test_13287,0.5717741250991821
test_13288,0.5497843623161316
test_13289,0.006605592090636492
test_13290,0.38303452730178833
test_13291,0.8996339440345764
test_13292,0.4847709834575653
test_13293,0.9931979179382324
test_13294,0.8824617266654968
test_13295,0.9949992895126343
test_13296,0.8609628081321716
test_13297,0.03141799196600914
test_13298,0.6115702986717224
test_13299,0.9472922086715698
test_13300,0.5164750218391418
test_13301,0.505768895149231
test_13302,0.8408505916595459
test_13303,0.024750448763370514
test_13304,0.9343715906143188
test_13305,0.26194483041763306
test_13306,0.7645679116249084
test_13307,0.010567945428192616
test_13308,0.494560569524765
test_13309,0.8600653409957886
test_13310,0.6670304536819458
test_13311,0.02133905701339245
test_13312,0.48195478320121765
test_13313,0.8994660377502441
test_13314,0.7858453989028931
test_13315,0.5528826713562012
test_13316,0.4457867443561554
test_13317,0.6775355339050293
test_13318,0.12582194805145264
test_13319,0.56591796875
test_13320,0.6284803152084351
test_13321,0.3310249447822571
test_13322,0.007305609527975321
test_13323,0.9993941783905029
test_13324,0.7660197615623474
test_13325,0.759251058101654
test_13326,0.48862424492836
test_13327,0.872046172618866
test_13328,0.045273855328559875
test_13329,0.5238561630249023
test_13330,0.3867710530757904
test_13331,0.1430797278881073
test_13332,0.0042638895101845264
test_13333,0.9948832988739014
test_13334,0.8938102126121521
test_13335,0.5298236012458801
test_13336,0.49201783537864685
test_13337,0.9980521202087402
test_13338,0.5295066237449646
test_13339,0.46143338084220886
test_13340,0.008568455465137959
test_13341,0.6621752381324768
test_13342,0.701381266117096
test_13343,0.9574487805366516
test_13344,0.650283694267273
test_13345,0.7315243482589722
test_13346,0.5204392671585083
test_13347,0.000943453807849437
test_13348,0.03954678401350975
test_13349,0.930966317653656
test_13350,0.0689014419913292
test_13351,0.6607577204704285
test_13352,0.19088511168956757
test_13353,0.21305721998214722
test_13354,0.9889773726463318
test_13355,0.9968653321266174
test_13356,0.3113829791545868
test_13357,0.7094475030899048
test_13358,0.2093416452407837
test_13359,0.5332417488098145
test_13360,0.9996041655540466
test_13361,0.6114881634712219
test_13362,0.9693664312362671
test_13363,0.5499991774559021
test_13364,0.6316868662834167
test_13365,0.6287125945091248
test_13366,0.4785081744194031
test_13367,0.7982144355773926
test_13368,0.8311855792999268
test_13369,0.5667125582695007
test_13370,0.6140592098236084
test_13371,0.8098379373550415
test_13372,0.4511677026748657
test_13373,0.0737462043762207
test_13374,0.39013805985450745
test_13375,0.5841588973999023
test_13376,0.34133878350257874
test_13377,0.04168561473488808
test_13378,0.723459005355835
test_13379,0.8759310841560364
test_13380,0.6118845343589783
test_13381,0.7440128326416016
test_13382,0.5713959336280823
test_13383,0.4097338914871216
test_13384,0.49184972047805786
test_13385,0.011284620501101017
test_13386,0.7831387519836426
test_13387,0.3776494562625885
test_13388,0.8285477161407471
test_13389,0.7070057988166809
test_13390,0.04908066987991333
test_13391,0.7376747727394104
test_13392,0.23222890496253967
test_13393,0.608707070350647
test_13394,0.9601330757141113
test_13395,0.828495979309082
test_13396,0.5628209114074707
test_13397,0.5511778593063354
test_13398,0.8187408447265625
test_13399,0.7056471705436707
test_13400,0.12148050963878632
test_13401,0.5645297765731812
test_13402,0.31137561798095703
test_13403,0.3577452301979065
test_13404,0.5502631068229675
test_13405,0.33911946415901184
test_13406,0.9666946530342102
test_13407,0.3646518886089325
test_13408,0.07846646010875702
test_13409,0.7859581708908081
test_13410,0.7039676308631897
test_13411,0.9255987405776978
test_13412,0.5422128438949585
test_13413,0.5058371424674988
test_13414,0.7128490805625916
test_13415,0.9052857756614685
test_13416,0.9727023243904114
test_13417,0.45936405658721924
test_13418,0.3909033536911011
test_13419,0.6398279666900635
test_13420,0.3076745867729187
test_13421,0.976565420627594
test_13422,0.679508626461029
test_13423,0.21537064015865326
test_13424,0.8218109607696533
test_13425,0.8276312351226807
test_13426,0.8404009342193604
test_13427,0.7480043768882751
test_13428,0.9586836099624634
test_13429,0.6645512580871582
test_13430,0.6706249713897705
test_13431,0.59212327003479
test_13432,0.8941869139671326
test_13433,0.43443748354911804
test_13434,0.812461793422699
test_13435,0.7322062849998474
test_13436,0.33466988801956177
test_13437,0.5485998392105103
test_13438,0.027705173939466476
test_13439,0.7962828874588013
test_13440,0.6749640107154846
test_13441,0.8958035111427307
test_13442,0.9558514952659607
test_13443,0.42092883586883545
test_13444,0.9901096820831299
test_13445,0.8956711888313293
test_13446,0.0023294950369745493
test_13447,0.8461874127388
test_13448,0.06877929717302322
test_13449,0.9815545678138733
test_13450,0.4887351989746094
test_13451,0.9989045858383179
test_13452,0.9942241311073303
test_13453,0.5958696603775024
test_13454,0.9118247628211975
test_13455,0.8789086937904358
test_13456,0.3325185477733612
test_13457,0.22600997984409332
test_13458,0.5372558832168579
test_13459,0.9678630232810974
test_13460,0.4538044035434723
test_13461,0.6683652400970459
test_13462,0.5514969825744629
test_13463,0.5258323550224304
test_13464,0.3174178898334503
test_13465,0.6112400889396667
test_13466,0.542519211769104
test_13467,0.2872294783592224
test_13468,0.015593621879816055
test_13469,0.5014177560806274
test_13470,0.25340536236763
test_13471,0.72463059425354
test_13472,0.8562073111534119
test_13473,0.9936648607254028
test_13474,0.7519690990447998
test_13475,0.78122878074646
test_13476,0.8303217887878418
test_13477,0.7244958281517029
test_13478,0.8726640343666077
test_13479,0.7453867793083191
test_13480,0.0014220400480553508
test_13481,0.3917098045349121
test_13482,0.2937283217906952
test_13483,0.6483510136604309
test_13484,0.7072364687919617
test_13485,0.41615575551986694
test_13486,0.4991149604320526
test_13487,0.46258607506752014
test_13488,0.9068474173545837
test_13489,0.6177918910980225
test_13490,0.42912089824676514
test_13491,0.015239602886140347
test_13492,0.9595074653625488
test_13493,0.4216025769710541
test_13494,0.6764459609985352
test_13495,0.9570746421813965
test_13496,0.12584324181079865
test_13497,0.8105863928794861
test_13498,0.8812561631202698
test_13499,0.050725989043712616
test_13500,0.3489713668823242
test_13501,0.4271739423274994
test_13502,0.39972972869873047
test_13503,0.48727700114250183
test_13504,0.9577217102050781
test_13505,0.5879533290863037
test_13506,0.22071559727191925
test_13507,0.32878074049949646
test_13508,0.6722604632377625
test_13509,0.0016141121741384268
test_13510,0.835679292678833
test_13511,0.6142438650131226
test_13512,0.9641129374504089
test_13513,0.2710335850715637
test_13514,0.24192890524864197
test_13515,0.4639366865158081
test_13516,0.4628247618675232
test_13517,0.7767125368118286
test_13518,0.35557305812835693
test_13519,0.4934654235839844
test_13520,0.6550024747848511
test_13521,0.07512307912111282
test_13522,0.9189891219139099
test_13523,0.810295045375824
test_13524,0.970898449420929
test_13525,0.8208712935447693
test_13526,0.10187099874019623
test_13527,0.8347634673118591
test_13528,0.5533429384231567
test_13529,0.7664141654968262
test_13530,0.8088529109954834
test_13531,0.21833854913711548
test_13532,0.6926447153091431
test_13533,0.6518471837043762
test_13534,0.7398538589477539
test_13535,0.2684836983680725
test_13536,0.3043246865272522
test_13537,0.011889315210282803
test_13538,0.5206340551376343
test_13539,0.8280676007270813
test_13540,0.9631403088569641
test_13541,0.47860679030418396
test_13542,0.9963770508766174
test_13543,0.42101380228996277
test_13544,0.6485511064529419
test_13545,0.7390081882476807
test_13546,0.5966668128967285
test_13547,0.2511308193206787
test_13548,0.6388089656829834
test_13549,0.9722691774368286
test_13550,0.9899147748947144
test_13551,0.4058295488357544
test_13552,0.00023341744963545352
test_13553,0.49854975938796997
test_13554,0.5353041291236877
test_13555,0.8443601131439209
test_13556,0.5939531326293945
test_13557,0.9039306044578552
test_13558,0.10224679112434387
test_13559,0.4302031993865967
test_13560,0.536980152130127
test_13561,0.5028749108314514
test_13562,0.037688788026571274
test_13563,0.7425050735473633
test_13564,0.4930408000946045
test_13565,0.7973942160606384
test_13566,0.907701313495636
test_13567,0.9153971672058105
test_13568,0.3473840653896332
test_13569,0.3188750743865967
test_13570,0.593147873878479
test_13571,0.9530908465385437
test_13572,0.45038655400276184
test_13573,0.9215456247329712
test_13574,0.752385139465332
test_13575,0.9958835244178772
test_13576,0.2584841251373291
test_13577,0.9371384382247925
test_13578,0.8748491406440735
test_13579,0.5478634834289551
test_13580,0.0005492501077242196
test_13581,0.5212252140045166
test_13582,0.3866744935512543
test_13583,0.8594575524330139
test_13584,0.7774441242218018
test_13585,0.9973564147949219
test_13586,0.2449544221162796
test_13587,0.46072524785995483
test_13588,0.6087339520454407
test_13589,0.5072375535964966
test_13590,0.4582347869873047
test_13591,0.4427375793457031
test_13592,0.027662009000778198
test_13593,0.8560201525688171
test_13594,0.010766219347715378
test_13595,0.8585190176963806
test_13596,0.00036453825305216014
test_13597,0.20599277317523956
test_13598,0.6785821914672852
test_13599,0.9068654775619507
test_13600,0.1664348691701889
test_13601,0.9130620956420898
test_13602,0.004685705993324518
test_13603,0.5571525692939758
test_13604,0.9983768463134766
test_13605,0.5180636048316956
test_13606,0.5126743316650391
test_13607,0.6268302202224731
test_13608,0.6910568475723267
test_13609,0.7980519533157349
test_13610,0.9332191348075867
test_13611,0.9928210377693176
test_13612,0.9825118780136108
test_13613,0.5378742814064026
test_13614,0.9793542623519897
test_13615,0.907778799533844
test_13616,0.8797025680541992
test_13617,0.9943442344665527
test_13618,0.09647532552480698
test_13619,0.7451789379119873
test_13620,0.4065917730331421
test_13621,0.6503462195396423
test_13622,0.5369941592216492
test_13623,0.02538004331290722
test_13624,0.41368645429611206
test_13625,0.516044020652771
test_13626,0.2603614628314972
test_13627,0.2853614389896393
test_13628,0.5315059423446655
test_13629,0.3915572762489319
test_13630,0.7094521522521973
test_13631,0.46051982045173645
test_13632,0.26537808775901794
test_13633,0.7583754658699036
test_13634,0.6704086065292358
test_13635,0.647140622138977
test_13636,0.7131685614585876
test_13637,0.5800972580909729
test_13638,0.9279639720916748
test_13639,0.9997007846832275
test_13640,0.5465277433395386
test_13641,0.18639251589775085
test_13642,0.5877364873886108
test_13643,0.2597741484642029
test_13644,0.7284837365150452
test_13645,0.8012522459030151
test_13646,0.5301507115364075
test_13647,0.33764904737472534
test_13648,0.5674795508384705
test_13649,0.28712180256843567
test_13650,0.3988020420074463
test_13651,0.521933376789093
test_13652,0.5436301231384277
test_13653,0.7783481478691101
test_13654,0.7502202391624451
test_13655,0.9580574035644531
test_13656,0.9562056064605713
test_13657,0.2251330316066742
test_13658,0.4801029860973358
test_13659,0.37607043981552124
test_13660,0.6647803783416748
test_13661,0.44903019070625305
test_13662,0.8827311992645264
test_13663,0.3302883505821228
test_13664,0.03292084112763405
test_13665,0.9382724761962891
test_13666,0.24215109646320343
test_13667,0.5340521335601807
test_13668,0.9059672355651855
test_13669,0.5893381237983704
test_13670,0.26713353395462036
test_13671,0.5918483138084412
test_13672,0.4619174897670746
test_13673,0.2900439202785492
test_13674,0.49925071001052856
test_13675,0.4063720405101776
test_13676,0.5642504096031189
test_13677,0.14990338683128357
test_13678,0.1776350885629654
test_13679,0.2896198034286499
test_13680,0.5849997997283936
test_13681,0.7180036902427673
test_13682,0.7052422165870667
test_13683,0.746305525302887
test_13684,0.38830244541168213
test_13685,0.2911249101161957
test_13686,0.09899134188890457
test_13687,0.5637068748474121
test_13688,0.2332824468612671
test_13689,0.9017791748046875
test_13690,0.6796039342880249
test_13691,0.549001932144165
test_13692,0.6319727897644043
test_13693,0.602039635181427
test_13694,0.07197695970535278
test_13695,0.4376000761985779
test_13696,0.31542906165122986
test_13697,0.7040203213691711
test_13698,0.8108264803886414
test_13699,0.45519596338272095
test_13700,0.6373713612556458
test_13701,0.009958697482943535
test_13702,0.7348371148109436
test_13703,0.3491714298725128
test_13704,0.0006062620668672025
test_13705,0.18346579372882843
test_13706,0.1369709074497223
test_13707,0.6261645555496216
test_13708,0.049528513103723526
test_13709,0.6705262064933777
test_13710,0.7773754000663757
test_13711,0.5298243761062622
test_13712,0.5526813864707947
test_13713,0.33194899559020996
test_13714,0.861677885055542
test_13715,0.5258728861808777
test_13716,0.3773995637893677
test_13717,0.5273066163063049
test_13718,0.3567381501197815
test_13719,0.31540465354919434
test_13720,0.5743295550346375
test_13721,0.8887681365013123
test_13722,0.4225441813468933
test_13723,0.4669114053249359
test_13724,0.7822105884552002
test_13725,0.8421284556388855
test_13726,0.05463043227791786
test_13727,0.9648764729499817
test_13728,0.7146844863891602
test_13729,0.9628267884254456
test_13730,0.3019464313983917
test_13731,0.16618792712688446
test_13732,0.9998823404312134
test_13733,0.14427371323108673
test_13734,0.4159606099128723
test_13735,0.9320518970489502
test_13736,0.6460444331169128
test_13737,0.008131040260195732
test_13738,0.9198898673057556
test_13739,0.5314252972602844
test_13740,0.5280185341835022
test_13741,0.24962475895881653
test_13742,0.5426144003868103
test_13743,0.8528168797492981
test_13744,0.49836599826812744
test_13745,0.7000007629394531
test_13746,0.4654443562030792
test_13747,0.9216936826705933
test_13748,0.8015322685241699
test_13749,0.37612688541412354
test_13750,0.7673061490058899
test_13751,0.4176643490791321
test_13752,0.12088776379823685
test_13753,0.7867390513420105
test_13754,0.9959583878517151
test_13755,0.27418315410614014
test_13756,0.2765057384967804
test_13757,0.5333186984062195
test_13758,0.06514433026313782
test_13759,0.5190483927726746
test_13760,0.33636021614074707
test_13761,0.7218865752220154
test_13762,0.1467369943857193
test_13763,0.9710031747817993
test_13764,0.764424204826355
test_13765,0.8742812275886536
test_13766,0.5723301768302917
test_13767,0.06225878372788429
test_13768,0.23195776343345642
test_13769,0.4756457209587097
test_13770,0.4578811526298523
test_13771,0.803178071975708
test_13772,0.05770358815789223
test_13773,0.6609047055244446
test_13774,0.0008198414579965174
test_13775,0.6520882844924927
test_13776,0.27089065313339233
test_13777,0.49418437480926514
test_13778,0.6185368299484253
test_13779,0.6935630440711975
test_13780,0.5941527485847473
test_13781,0.5860254168510437
test_13782,0.9772588014602661
test_13783,0.4895245432853699
test_13784,0.1174086257815361
test_13785,0.9964654445648193
test_13786,0.6413949728012085
test_13787,0.7561161518096924
test_13788,0.4887375831604004
test_13789,0.3541432321071625
test_13790,0.41983553767204285
test_13791,0.9833336472511292
test_13792,0.7967724800109863
test_13793,0.8214161992073059
test_13794,0.45013442635536194
test_13795,0.5124179720878601
test_13796,0.3415771424770355
test_13797,0.9253820776939392
test_13798,0.186690554022789
test_13799,0.698150634765625
test_13800,0.8432183265686035
test_13801,0.6844401359558105
test_13802,0.07453977316617966
test_13803,0.12842431664466858
test_13804,0.28631848096847534
test_13805,0.5748341083526611
test_13806,0.08719377964735031
test_13807,0.43244802951812744
test_13808,0.7768936157226562
test_13809,0.7152142524719238
test_13810,0.9900310039520264
test_13811,0.4777284562587738
test_13812,0.7114200592041016
test_13813,0.5077881813049316
test_13814,0.23492757976055145
test_13815,0.925121545791626
test_13816,0.8646191954612732
test_13817,0.5714526176452637
test_13818,0.656559944152832
test_13819,0.9998588562011719
test_13820,0.7494165301322937
test_13821,0.2251649796962738
test_13822,0.001829757122322917
test_13823,0.9280127286911011
test_13824,0.24087467789649963
test_13825,0.8773912787437439
test_13826,0.9875119924545288
test_13827,0.13229982554912567
test_13828,0.48960086703300476
test_13829,0.910038948059082
test_13830,0.9782337546348572
test_13831,0.603927493095398
test_13832,0.5818144083023071
test_13833,0.030081279575824738
test_13834,0.38612815737724304
test_13835,0.7232469916343689
test_13836,0.5005394816398621
test_13837,0.23204469680786133
test_13838,0.586185872554779
test_13839,0.9373210072517395
test_13840,0.6913585066795349
test_13841,0.22910529375076294
test_13842,0.7807261943817139
test_13843,0.4714376628398895
test_13844,0.4746361970901489
test_13845,0.9911621809005737
test_13846,0.4805491268634796
test_13847,0.19221970438957214
test_13848,0.9990135431289673
test_13849,0.5987356901168823
test_13850,0.3090231716632843
test_13851,0.6288100481033325
test_13852,0.36528047919273376
test_13853,0.5837665796279907
test_13854,0.6048493981361389
test_13855,0.7052470445632935
test_13856,0.40196743607521057
test_13857,0.27935028076171875
test_13858,0.8947786688804626
test_13859,0.8969212770462036
test_13860,0.8351057767868042
test_13861,0.9931398034095764
test_13862,0.08377079665660858
test_13863,0.6170864701271057
test_13864,0.6484947800636292
test_13865,0.7455689311027527
test_13866,0.00022178550716489553
test_13867,0.9998000264167786
test_13868,0.925809919834137
test_13869,0.49843114614486694
test_13870,0.5817067623138428
test_13871,0.6630182862281799
test_13872,0.5434530973434448
test_13873,0.465240478515625
test_13874,0.8896317481994629
test_13875,0.3955203592777252
test_13876,0.09752142429351807
test_13877,0.5822494626045227
test_13878,0.714695394039154
test_13879,0.27357715368270874
test_13880,0.9997503161430359
test_13881,0.06206931918859482
test_13882,0.09454157948493958
test_13883,0.9113566875457764
test_13884,0.36739617586135864
test_13885,0.46559372544288635
test_13886,0.37778791785240173
test_13887,0.6082966327667236
test_13888,0.9917500615119934
test_13889,0.5918881297111511
test_13890,0.5512831211090088
test_13891,0.9794667959213257
test_13892,0.7610629796981812
test_13893,0.288013756275177
test_13894,0.42636141180992126
test_13895,0.005037394352257252
test_13896,0.8428491353988647
test_13897,0.9912079572677612
test_13898,0.745658814907074
test_13899,0.4866413176059723
test_13900,0.9694005846977234
test_13901,0.02051023580133915
test_13902,0.6920955777168274
test_13903,0.03835510462522507
test_13904,0.3359535336494446
test_13905,0.8556540608406067
test_13906,0.6556132435798645
test_13907,0.13036273419857025
test_13908,0.8412104845046997
test_13909,0.38003912568092346
test_13910,0.8498421311378479
test_13911,0.45225006341934204
test_13912,0.525324821472168
test_13913,0.007865535095334053
test_13914,0.5149762630462646
test_13915,0.2306927591562271
test_13916,0.6296214461326599
test_13917,0.11460741609334946
test_13918,0.04882095009088516
test_13919,0.6839474439620972
test_13920,0.025589417666196823
test_13921,0.5942710638046265
test_13922,0.6190136671066284
test_13923,0.7145618200302124
test_13924,0.9168427586555481
test_13925,0.481065958738327
test_13926,0.9036130905151367
test_13927,0.905823826789856
test_13928,0.4271097183227539
test_13929,0.5072119832038879
test_13930,0.8306983709335327
test_13931,0.8723859786987305
test_13932,0.6296462416648865
test_13933,0.6399005055427551
test_13934,0.21885836124420166
test_13935,0.4462416172027588
test_13936,0.7143539190292358
test_13937,0.8223825693130493
test_13938,0.7755513787269592
test_13939,0.9973076581954956
test_13940,0.8588966131210327
test_13941,0.3267466425895691
test_13942,0.04159802198410034
test_13943,0.6204923987388611
test_13944,0.19553467631340027
test_13945,0.542067289352417
test_13946,0.4438188672065735
test_13947,0.7760432958602905
test_13948,0.0022234576754271984
test_13949,0.4591837227344513
test_13950,0.8606845736503601
test_13951,0.9404900670051575
test_13952,0.4833528399467468
test_13953,0.7342290282249451
test_13954,0.5390155911445618
test_13955,0.5698146820068359
test_13956,0.8654893040657043
test_13957,0.43002641201019287
test_13958,0.99998939037323
test_13959,0.044949643313884735
test_13960,0.8747804164886475
test_13961,0.9808906316757202
test_13962,0.5619317293167114
test_13963,0.5591781139373779
test_13964,0.2509230971336365
test_13965,0.9275204539299011
test_13966,0.13218820095062256
test_13967,0.9981088638305664
test_13968,0.7906957268714905
test_13969,0.33889976143836975
test_13970,0.4836253225803375
test_13971,0.3671462833881378
test_13972,0.05072157457470894
test_13973,0.991388738155365
test_13974,0.49643173813819885
test_13975,0.4880952537059784
test_13976,0.2039707750082016
test_13977,0.7420728206634521
test_13978,0.49302050471305847
test_13979,0.27155011892318726
test_13980,0.1316688358783722
test_13981,0.6366750597953796
test_13982,0.9550744295120239
test_13983,0.4611523747444153
test_13984,0.6934466361999512
test_13985,0.9171468019485474
test_13986,0.5123697519302368
test_13987,0.30948248505592346
test_13988,0.9135017395019531
test_13989,0.4871786832809448
test_13990,0.9483963847160339
test_13991,0.5602957010269165
test_13992,0.3964453339576721
test_13993,0.8672274351119995
test_13994,0.5907645225524902
test_13995,0.43144887685775757
test_13996,0.894212007522583
test_13997,0.05047522857785225
test_13998,0.5845559239387512
test_13999,0.9955304265022278
test_14000,0.28559109568595886
test_14001,0.11865570396184921
test_14002,0.3098604679107666
test_14003,0.6185666918754578
test_14004,0.6302136182785034
test_14005,0.1901068538427353
test_14006,0.8499677777290344
test_14007,0.28712591528892517
test_14008,0.9961035251617432
test_14009,0.6818077564239502
test_14010,0.017253682017326355
test_14011,0.026927048340439796
test_14012,0.436717689037323
test_14013,0.03823356330394745
test_14014,0.21521377563476562
test_14015,0.6565439105033875
test_14016,0.9073168635368347
test_14017,0.002532994607463479
test_14018,0.5745415687561035
test_14019,0.9159128665924072
test_14020,0.5876761674880981
test_14021,0.8387634754180908
test_14022,0.8302213549613953
test_14023,0.7666462063789368
test_14024,0.27335745096206665
test_14025,0.8420870304107666
test_14026,0.6341495513916016
test_14027,0.9804561138153076
test_14028,0.22498367726802826
test_14029,0.4733048975467682
test_14030,0.9225103259086609
test_14031,0.1903432458639145
test_14032,0.9794191122055054
test_14033,0.5579253435134888
test_14034,0.10326900333166122
test_14035,0.560032069683075
test_14036,0.051327627152204514
test_14037,0.5247587561607361
test_14038,0.860359787940979
test_14039,0.4961696267127991
test_14040,0.24630849063396454
test_14041,0.32019877433776855
test_14042,0.8936554789543152
test_14043,0.7443969249725342
test_14044,0.7151743769645691
test_14045,0.7296202182769775
test_14046,0.6794900894165039
test_14047,0.8877127766609192
test_14048,0.028346477076411247
test_14049,0.533810019493103
test_14050,0.18963608145713806
test_14051,0.447884202003479
test_14052,0.9946829676628113
test_14053,0.702720582485199
test_14054,0.1250869184732437
test_14055,0.07593196630477905
test_14056,0.41077521443367004
test_14057,0.41843217611312866
test_14058,0.5240926742553711
test_14059,0.5505938529968262
test_14060,0.19570498168468475
test_14061,0.6016915440559387
test_14062,0.34822311997413635
test_14063,8.19168271846138e-05
test_14064,0.641274631023407
test_14065,0.7977193593978882
test_14066,0.7486330270767212
test_14067,0.6340609192848206
test_14068,0.6066345572471619
test_14069,0.9156983494758606
test_14070,0.9286558032035828
test_14071,0.4202252924442291
test_14072,0.2680172324180603
test_14073,0.5627156496047974
test_14074,0.5820485353469849
test_14075,0.9484512209892273
test_14076,0.7454240322113037
test_14077,0.9946984052658081
test_14078,0.7919870615005493
test_14079,0.9236394762992859
test_14080,0.6347472667694092
test_14081,0.005321545992046595
test_14082,0.45065900683403015
test_14083,0.7426040172576904
test_14084,0.560038685798645
test_14085,0.43092140555381775
test_14086,0.7148400545120239
test_14087,0.6948758959770203
test_14088,0.928734302520752
test_14089,0.41885456442832947
test_14090,0.11590852588415146
test_14091,0.3421664834022522
test_14092,0.27930426597595215
test_14093,0.4813275933265686
test_14094,0.7261227965354919
test_14095,0.5052460432052612
test_14096,0.8327540755271912
test_14097,0.7267380356788635
test_14098,0.589101254940033
test_14099,0.4641156494617462
test_14100,0.5628504157066345
test_14101,0.9435839056968689
test_14102,0.5581327080726624
test_14103,0.9965689182281494
test_14104,0.358729749917984
test_14105,0.025288183242082596
test_14106,0.24016073346138
test_14107,0.7953245639801025
test_14108,0.02115047350525856
test_14109,0.5163996815681458
test_14110,0.9529509544372559
test_14111,0.45042508840560913
test_14112,0.10770492255687714
test_14113,0.6665694117546082
test_14114,0.9609391689300537
test_14115,0.9984704852104187
test_14116,0.9608391523361206
test_14117,0.3914725184440613
test_14118,0.00858572032302618
test_14119,0.9971745014190674
test_14120,0.5127383470535278
test_14121,0.06387984752655029
test_14122,0.6987181901931763
test_14123,0.47597283124923706
test_14124,0.8969489336013794
test_14125,0.42338764667510986
test_14126,0.8114317059516907
test_14127,0.5268568992614746
test_14128,0.5120124816894531
test_14129,0.03531090170145035
test_14130,0.7157048583030701
test_14131,0.6730795502662659
test_14132,0.7439320683479309
test_14133,0.809147298336029
test_14134,0.3293813169002533
test_14135,0.5672227144241333
test_14136,0.5759440064430237
test_14137,0.6900984644889832
test_14138,0.43296903371810913
test_14139,0.9112873673439026
test_14140,0.9295775294303894
test_14141,0.34216979146003723
test_14142,0.9702446460723877
test_14143,0.379343718290329
test_14144,0.36923980712890625
test_14145,0.6148402690887451
test_14146,0.5099753141403198
test_14147,0.9498886466026306
test_14148,0.1513325423002243
test_14149,0.12278301268815994
test_14150,0.576895534992218
test_14151,0.3330736458301544
test_14152,0.5862938761711121
test_14153,0.6300052404403687
test_14154,0.2912655770778656
test_14155,0.5343585014343262
test_14156,0.07680997997522354
test_14157,0.5797601938247681
test_14158,0.7308666110038757
test_14159,0.30627089738845825
test_14160,0.032163992524147034
test_14161,0.7271066308021545
test_14162,0.9682464003562927
test_14163,0.8896312713623047
test_14164,0.499144583940506
test_14165,0.9900094866752625
test_14166,0.25884076952934265
test_14167,0.7322692275047302
test_14168,0.014984707348048687
test_14169,0.6049257516860962
test_14170,0.5743361711502075
test_14171,0.9982336759567261
test_14172,0.17155352234840393
test_14173,0.13435964286327362
test_14174,0.7064933180809021
test_14175,0.9694340825080872
test_14176,0.6137563586235046
test_14177,0.5312219262123108
test_14178,0.40609708428382874
test_14179,0.9681512117385864
test_14180,0.7637502551078796
test_14181,0.5569165349006653
test_14182,0.7192333936691284
test_14183,0.29249468445777893
test_14184,0.5883625149726868
test_14185,0.984876275062561
test_14186,0.08304695039987564
test_14187,0.6002645492553711
test_14188,0.10938160121440887
test_14189,0.915443480014801
test_14190,0.6514981985092163
test_14191,0.037987012416124344
test_14192,0.03331742063164711
test_14193,0.2193630486726761
test_14194,0.5856207013130188
test_14195,0.8918339610099792
test_14196,0.007660570088773966
test_14197,0.5888590216636658
test_14198,0.7142137885093689
test_14199,0.2502094805240631
test_14200,0.07393234223127365
test_14201,0.9717689752578735
test_14202,0.2146541178226471
test_14203,0.17899928987026215
test_14204,0.5642091631889343
test_14205,0.4518076479434967
test_14206,0.5097092390060425
test_14207,0.8787357807159424
test_14208,0.3995315730571747
test_14209,0.670528769493103
test_14210,0.61285400390625
test_14211,0.10018108040094376
test_14212,0.43501195311546326
test_14213,0.396444171667099
test_14214,0.9188795685768127
test_14215,0.3176864981651306
test_14216,0.21862533688545227
test_14217,0.19705526530742645
test_14218,0.12102271616458893
test_14219,0.5805068016052246
test_14220,0.21169526875019073
test_14221,0.3472563624382019
test_14222,0.5355858206748962
test_14223,0.5986399054527283
test_14224,0.3744262456893921
test_14225,0.09398652613162994
test_14226,0.4897540807723999
test_14227,0.07718439400196075
test_14228,0.9010846614837646
test_14229,0.9237961173057556
test_14230,0.6875403523445129
test_14231,0.5137578248977661
test_14232,0.5445220470428467
test_14233,0.8559049367904663
test_14234,0.5593677163124084
test_14235,0.37212005257606506
test_14236,0.1879243701696396
test_14237,0.9630762338638306
test_14238,0.09878131747245789
test_14239,0.9992778897285461
test_14240,0.14572156965732574
test_14241,0.9560861587524414
test_14242,0.01864398457109928
test_14243,0.9997263550758362
test_14244,0.41390714049339294
test_14245,0.6817167401313782
test_14246,0.22077926993370056
test_14247,0.8414121866226196
test_14248,0.9609957933425903
test_14249,0.014413590542972088
test_14250,0.4140229821205139
test_14251,0.48622554540634155
test_14252,0.4768519997596741
test_14253,0.9705886840820312
test_14254,0.22393330931663513
test_14255,0.5225551128387451
test_14256,0.2672053277492523
test_14257,0.5022515058517456
test_14258,0.5353039503097534
test_14259,0.9941113591194153
test_14260,0.43644043803215027
test_14261,0.29257240891456604
test_14262,0.5063149333000183
test_14263,0.4878661632537842
test_14264,0.4492839276790619
test_14265,0.9627653360366821
test_14266,0.0004594970669131726
test_14267,0.19905704259872437
test_14268,0.38884544372558594
test_14269,0.9999849796295166
test_14270,0.2591813802719116
test_14271,0.6967912912368774
test_14272,0.46870681643486023
test_14273,0.02757287211716175
test_14274,0.237517312169075
test_14275,0.7518855333328247
test_14276,0.7549867630004883
test_14277,0.18548442423343658
test_14278,0.3866913914680481
test_14279,0.6847178936004639
test_14280,0.12713347375392914
test_14281,0.5309154391288757
test_14282,0.9856277704238892
test_14283,0.37552347779273987
test_14284,0.6288499236106873
test_14285,0.511787474155426
test_14286,0.9248744249343872
test_14287,0.6365806460380554
test_14288,0.49981075525283813
test_14289,0.9960975050926208
test_14290,0.5262278318405151
test_14291,0.2627617120742798
test_14292,0.7423036098480225
test_14293,0.23053239285945892
test_14294,0.23838359117507935
test_14295,0.709881067276001
test_14296,0.40755364298820496
test_14297,0.9896195530891418
test_14298,0.9893046617507935
test_14299,0.731706976890564
test_14300,0.017282770946621895
test_14301,0.22124017775058746
test_14302,0.9170160889625549
test_14303,0.9915585517883301
test_14304,0.49681976437568665
test_14305,0.6704412698745728
test_14306,0.6960703134536743
test_14307,0.9638428688049316
test_14308,0.5714235305786133
test_14309,0.14601747691631317
test_14310,0.9252123236656189
test_14311,0.4935681223869324
test_14312,0.45852190256118774
test_14313,0.6010197997093201
test_14314,0.8002748489379883
test_14315,0.002934074029326439
test_14316,0.6498170495033264
test_14317,0.7640462517738342
test_14318,0.7421562671661377
test_14319,0.9930867552757263
test_14320,0.7043474912643433
test_14321,0.3695729076862335
test_14322,0.2930395305156708
test_14323,0.9438826441764832
test_14324,0.11765025556087494
test_14325,0.6425116062164307
test_14326,0.40784046053886414
test_14327,0.08511989563703537
test_14328,0.48576828837394714
test_14329,0.2864188849925995
test_14330,0.5216418504714966
test_14331,0.9367751479148865
test_14332,0.46569618582725525
test_14333,0.3812341094017029
test_14334,0.8008413910865784
test_14335,0.9616665840148926
test_14336,0.6836940050125122
test_14337,0.9997937083244324
test_14338,0.37698256969451904
test_14339,0.15353253483772278
test_14340,0.5012373924255371
test_14341,0.26117539405822754
test_14342,0.05248791724443436
test_14343,0.7919001579284668
test_14344,0.8329886198043823
test_14345,0.11538439244031906
test_14346,0.898606538772583
test_14347,0.6035492420196533
test_14348,0.3286510407924652
test_14349,0.7196435332298279
test_14350,0.02949828840792179
test_14351,0.8228996992111206
test_14352,0.031654711812734604
test_14353,0.8278834819793701
test_14354,0.008137283846735954
test_14355,0.9478657245635986
test_14356,0.5213572382926941
test_14357,0.5643448233604431
test_14358,0.23957137763500214
test_14359,0.43753141164779663
test_14360,0.4313368499279022
test_14361,0.33119961619377136
test_14362,0.9811322093009949
test_14363,0.4797016382217407
test_14364,0.2636449337005615
test_14365,0.8266804218292236
test_14366,0.5845686197280884
test_14367,0.8118382096290588
test_14368,0.9963012933731079
test_14369,0.5321871638298035
test_14370,0.02183031477034092
test_14371,0.9131737947463989
test_14372,0.3083769679069519
test_14373,0.0114308325573802
test_14374,0.6208199262619019
test_14375,0.5152415037155151
test_14376,0.6526413559913635
test_14377,0.9631438255310059
test_14378,0.7367544174194336
test_14379,0.010951547883450985
test_14380,0.9152069091796875
test_14381,0.5701764225959778
test_14382,0.6576209664344788
test_14383,0.5104290246963501
test_14384,0.5591074824333191
test_14385,0.2493506222963333
test_14386,0.6974942684173584
test_14387,0.5126208066940308
test_14388,0.7297377586364746
test_14389,0.6815679669380188
test_14390,0.5471785068511963
test_14391,0.5590460300445557
test_14392,0.8716611266136169
test_14393,0.8965579867362976
test_14394,0.5533331632614136
test_14395,0.5699352622032166
test_14396,0.9049310088157654
test_14397,0.5953880548477173
test_14398,0.4711472988128662
test_14399,0.8917784094810486
test_14400,0.9274089932441711
test_14401,0.13972605764865875
test_14402,0.4872627258300781
test_14403,0.9954497218132019
test_14404,0.508630633354187
test_14405,0.9995560050010681
test_14406,0.7246901988983154
test_14407,0.6284363269805908
test_14408,0.4911139905452728
test_14409,0.8088613748550415
test_14410,0.5475596189498901
test_14411,0.08843087404966354
test_14412,0.7883173823356628
test_14413,0.8724535703659058
test_14414,0.4358483850955963
test_14415,0.5121411085128784
test_14416,0.9986104965209961
test_14417,0.8503769636154175
test_14418,0.706571638584137
test_14419,0.6674946546554565
test_14420,0.004770343657582998
test_14421,0.3514980971813202
test_14422,0.5989956855773926
test_14423,0.8732287883758545
test_14424,0.05592900514602661
test_14425,0.6496067047119141
test_14426,0.18984216451644897
test_14427,0.9987841248512268
test_14428,0.1559617668390274
test_14429,0.41173943877220154
test_14430,0.001991295488551259
test_14431,0.7571556568145752
test_14432,0.855162501335144
test_14433,0.6189253330230713
test_14434,0.8000709414482117
test_14435,0.47835007309913635
test_14436,0.90350341796875
test_14437,0.15686650574207306
test_14438,0.9866034984588623
test_14439,0.3394503891468048
test_14440,0.8832235336303711
test_14441,0.4914327561855316
test_14442,0.48957812786102295
test_14443,0.5796297192573547
test_14444,0.5533855557441711
test_14445,0.18498019874095917
test_14446,0.600031852722168
test_14447,0.9617865681648254
test_14448,0.36373764276504517
test_14449,0.479844331741333
test_14450,0.38384315371513367
test_14451,0.3018440902233124
test_14452,0.12920735776424408
test_14453,0.6974526643753052
test_14454,0.025346992537379265
test_14455,0.17870193719863892
test_14456,0.9168627262115479
test_14457,0.016910022124648094
test_14458,0.8740801811218262
test_14459,0.03533899039030075
test_14460,0.7420315742492676
test_14461,0.6639124751091003
test_14462,0.38750818371772766
test_14463,0.5224229097366333
test_14464,0.4867056906223297
test_14465,0.7755358815193176
test_14466,0.970151960849762
test_14467,0.6860128045082092
test_14468,0.9816980361938477
test_14469,0.5151260495185852
test_14470,0.36290857195854187
test_14471,0.4839475750923157
test_14472,0.9145232439041138
test_14473,0.19404533505439758
test_14474,0.8474497199058533
test_14475,0.8097332119941711
test_14476,0.9818423986434937
test_14477,0.6411526799201965
test_14478,0.975216805934906
test_14479,0.7540704011917114
test_14480,0.7321313619613647
test_14481,0.6189523339271545
test_14482,0.21034358441829681
test_14483,0.48603665828704834
test_14484,0.6523553133010864
test_14485,0.4798823297023773
test_14486,0.34321126341819763
test_14487,0.5382338166236877
test_14488,0.9156447649002075
test_14489,0.007470847573131323
test_14490,0.982876718044281
test_14491,0.846036434173584
test_14492,0.61821448802948
test_14493,0.33313456177711487
test_14494,0.838702380657196
test_14495,0.0013997015776112676
test_14496,0.7137581706047058
test_14497,0.26221588253974915
test_14498,0.3151187598705292
test_14499,0.6826298832893372
test_14500,0.21860644221305847
test_14501,0.1409202218055725
test_14502,0.6740832924842834
test_14503,0.9569306373596191
test_14504,0.0250198133289814
test_14505,0.8931117057800293
test_14506,0.833073616027832
test_14507,0.38789185881614685
test_14508,0.10233429074287415
test_14509,0.5476565957069397
test_14510,0.5261572003364563
test_14511,0.546784520149231
test_14512,0.06651274859905243
test_14513,0.12485339492559433
test_14514,0.25103485584259033
test_14515,0.04594501852989197
test_14516,0.7573100924491882
test_14517,0.2559528648853302
test_14518,0.7471104860305786
test_14519,0.5444132685661316
test_14520,0.21114318072795868
test_14521,0.583472728729248
test_14522,0.4318503439426422
test_14523,0.8314980268478394
test_14524,0.9784227013587952
test_14525,0.9282762408256531
test_14526,0.051193300634622574
test_14527,0.542547345161438
test_14528,0.3163869082927704
test_14529,0.40055951476097107
test_14530,0.8142430782318115
test_14531,0.6521127223968506
test_14532,0.267932265996933
test_14533,0.8146033883094788
test_14534,0.5142807364463806
test_14535,0.7324600219726562
test_14536,0.8298852443695068
test_14537,0.9079809188842773
test_14538,0.7675204873085022
test_14539,0.5809206366539001
test_14540,0.39423665404319763
test_14541,0.39810433983802795
test_14542,0.18266578018665314
test_14543,0.0013235334772616625
test_14544,0.5254035592079163
test_14545,0.2358185201883316
test_14546,0.5378039479255676
test_14547,0.9413498044013977
test_14548,0.49377039074897766
test_14549,0.5502507090568542
test_14550,0.6019519567489624
test_14551,0.4656355082988739
test_14552,0.9930768013000488
test_14553,0.4972826838493347
test_14554,0.2835618555545807
test_14555,0.29563650488853455
test_14556,0.7060656547546387
test_14557,0.719417154788971
test_14558,0.9040895104408264
test_14559,0.49739232659339905
test_14560,0.1482883244752884
test_14561,0.9355738759040833
test_14562,0.6256685853004456
test_14563,0.788782000541687
test_14564,0.3132929503917694
test_14565,0.4216636121273041
test_14566,0.5549629330635071
test_14567,0.07748206704854965
test_14568,0.9559816718101501
test_14569,0.2763265371322632
test_14570,0.5071481466293335
test_14571,0.13938049972057343
test_14572,0.5080568790435791
test_14573,0.7123673558235168
test_14574,0.6492996215820312
test_14575,0.3192523121833801
test_14576,0.21190010011196136
test_14577,0.6238412261009216
test_14578,0.37125054001808167
test_14579,0.9747075438499451
test_14580,0.24361254274845123
test_14581,0.9992509484291077
test_14582,0.5253120064735413
test_14583,0.9361064434051514
test_14584,0.9596059918403625
test_14585,0.7886548042297363
test_14586,0.35356664657592773
test_14587,0.8135340809822083
test_14588,0.9498952031135559
test_14589,0.4913279414176941
test_14590,0.9624508619308472
test_14591,0.669186532497406
test_14592,0.4966762661933899
test_14593,0.5331182479858398
test_14594,0.10577084869146347
test_14595,0.9995694756507874
test_14596,0.20730726420879364
test_14597,0.8230229616165161
test_14598,0.08455086499452591
test_14599,0.08721023797988892
test_14600,0.7693816423416138
test_14601,0.690622866153717
test_14602,0.48074644804000854
test_14603,0.5148349404335022
test_14604,0.39830881357192993
test_14605,0.4879137873649597
test_14606,0.257927268743515
test_14607,0.00433606980368495
test_14608,0.7971958518028259
test_14609,0.8416918516159058
test_14610,0.17404267191886902
test_14611,0.705582320690155
test_14612,0.4543936252593994
test_14613,0.9547640085220337
test_14614,0.9713926315307617
test_14615,0.4903315603733063
test_14616,0.515897810459137
test_14617,0.9151006937026978
test_14618,0.5617156624794006
test_14619,0.2405082732439041
test_14620,0.7618651986122131
test_14621,0.9495521783828735
test_14622,0.9396085143089294
test_14623,0.9906856417655945
test_14624,0.15743425488471985
test_14625,0.8484841585159302
test_14626,0.6067579388618469
test_14627,0.7318843603134155
test_14628,0.02209879457950592
test_14629,0.3948489725589752
test_14630,0.2947944700717926
test_14631,0.12592577934265137
test_14632,0.7634227871894836
test_14633,0.7699369192123413
test_14634,0.6863600015640259
test_14635,0.7043137550354004
test_14636,0.4063326418399811
test_14637,0.8656589984893799
test_14638,0.40822386741638184
test_14639,0.6641963124275208
test_14640,0.6449167728424072
test_14641,0.7913244366645813
test_14642,0.42786654829978943
test_14643,0.17868725955486298
test_14644,0.11452239751815796
test_14645,0.5359119772911072
test_14646,0.6113685369491577
test_14647,0.5268479585647583
test_14648,0.8785015940666199
test_14649,0.8913388848304749
test_14650,0.969277024269104
test_14651,0.8415607810020447
test_14652,0.6979749798774719
test_14653,0.8640395998954773
test_14654,2.8160586225567386e-05
test_14655,0.6452870965003967
test_14656,0.4120945930480957
test_14657,0.3464148938655853
test_14658,0.543151319026947
test_14659,0.4525921940803528
test_14660,0.6227641105651855
test_14661,0.7355037927627563
test_14662,0.4939734637737274
test_14663,0.5777426362037659
test_14664,0.23821930587291718
test_14665,0.9880779385566711
test_14666,0.10688537359237671
test_14667,0.69390869140625
test_14668,0.5096120238304138
test_14669,0.46963387727737427
test_14670,0.8606083989143372
test_14671,0.6774790287017822
test_14672,0.8543397188186646
test_14673,0.34083500504493713
test_14674,0.47125905752182007
test_14675,0.9943979382514954
test_14676,0.8082189559936523
test_14677,0.8951011896133423
test_14678,0.5686922669410706
test_14679,0.5472409129142761
test_14680,0.2670998275279999
test_14681,0.3444097638130188
test_14682,0.8004325032234192
test_14683,0.0017984965816140175
test_14684,0.9985744953155518
test_14685,0.5803614854812622
test_14686,0.5893034934997559
test_14687,0.4897415041923523
test_14688,0.4401320517063141
test_14689,0.24211002886295319
test_14690,0.7122976183891296
test_14691,0.2004576325416565
test_14692,0.32385483384132385
test_14693,0.6443500518798828
test_14694,0.568498432636261
test_14695,0.008014791645109653
test_14696,0.9726094603538513
test_14697,0.12159363925457001
test_14698,0.870547354221344
test_14699,0.9975454211235046
test_14700,0.5301311612129211
test_14701,0.5487579107284546
test_14702,0.9676554799079895
test_14703,0.9625015258789062
test_14704,0.5991539359092712
test_14705,0.3073810935020447
test_14706,0.792546272277832
test_14707,0.5093995332717896
test_14708,0.6710970997810364
test_14709,0.10594989359378815
test_14710,0.9062670469284058
test_14711,0.1916334480047226
test_14712,0.8641409873962402
test_14713,0.8512479662895203
test_14714,0.5199060440063477
test_14715,0.8064447641372681
test_14716,0.8958460092544556
test_14717,0.5649785399436951
test_14718,0.0030367232393473387
test_14719,0.3147185742855072
test_14720,0.7714865803718567
test_14721,0.8059267401695251
test_14722,0.22135119140148163
test_14723,0.04545308277010918
test_14724,0.8828033208847046
test_14725,0.41809436678886414
test_14726,0.7025843262672424
test_14727,0.2808854579925537
test_14728,0.9354819655418396
test_14729,0.5861585736274719
test_14730,0.601279616355896
test_14731,0.9962289929389954
test_14732,0.2963431775569916
test_14733,0.5875626802444458
test_14734,0.013024816289544106
test_14735,0.9877089262008667
test_14736,0.10800232738256454
test_14737,0.7591466307640076
test_14738,0.153665229678154
test_14739,0.41114097833633423
test_14740,0.4677404463291168
test_14741,0.06024840474128723
test_14742,0.9940022826194763
test_14743,0.25936639308929443
test_14744,0.7268021106719971
test_14745,0.6422516703605652
test_14746,0.4250144064426422
test_14747,0.9797654747962952
test_14748,0.002760229166597128
test_14749,0.46736425161361694
test_14750,0.6505497694015503
test_14751,0.9033415913581848
test_14752,0.27071425318717957
test_14753,0.24959665536880493
test_14754,0.9225313663482666
test_14755,0.586384654045105
test_14756,0.6887903213500977
test_14757,0.5053221583366394
test_14758,0.4621102511882782
test_14759,0.7285508513450623
test_14760,0.3249594569206238
test_14761,0.2758469879627228
test_14762,0.7425447106361389
test_14763,0.6118051409721375
test_14764,0.9988784193992615
test_14765,0.23384720087051392
test_14766,0.659106969833374
test_14767,0.9904650449752808
test_14768,0.7969131469726562
test_14769,0.953821063041687
test_14770,0.31064939498901367
test_14771,0.9856973886489868
test_14772,0.9881694316864014
test_14773,0.01706339791417122
test_14774,0.14750690758228302
test_14775,0.2899673581123352
test_14776,0.4878306984901428
test_14777,0.6438087821006775
test_14778,0.3905332684516907
test_14779,0.013762279413640499
test_14780,0.7309816479682922
test_14781,0.0009094449342228472
test_14782,0.06887523084878922
test_14783,0.955472469329834
test_14784,0.9076746106147766
test_14785,0.966300368309021
test_14786,0.5545728206634521
test_14787,0.5003744959831238
test_14788,0.5275530815124512
test_14789,0.9016804099082947
test_14790,0.4133259057998657
test_14791,0.4332938492298126
test_14792,0.2794838845729828
test_14793,0.2412356287240982
test_14794,0.0014458884252235293
test_14795,0.751508891582489
test_14796,0.5293097496032715
test_14797,0.8955174088478088
test_14798,0.3385797142982483
test_14799,0.6115939021110535
test_14800,0.5197836756706238
test_14801,0.2070634961128235
test_14802,0.08285237848758698
test_14803,0.6510725617408752
test_14804,0.0977901965379715
test_14805,0.06275709718465805
test_14806,0.016364149749279022
test_14807,0.14547741413116455
test_14808,0.7908830642700195
test_14809,0.9423161745071411
test_14810,0.05616341531276703
test_14811,0.5930760502815247
test_14812,0.5826585292816162
test_14813,0.976231038570404
test_14814,0.6242250204086304
test_14815,0.957811713218689
test_14816,0.6987804174423218
test_14817,0.47448670864105225
test_14818,0.6106695532798767
test_14819,0.22334785759449005
test_14820,0.8515627980232239
test_14821,0.28763532638549805
test_14822,0.6101751327514648
test_14823,0.026479654014110565
test_14824,0.5790755748748779
test_14825,0.5263535380363464
test_14826,0.2710650861263275
test_14827,0.4882644712924957
test_14828,0.4720247685909271
test_14829,0.9771300554275513
test_14830,0.43377599120140076
test_14831,0.698653519153595
test_14832,0.36494237184524536
test_14833,0.7739534974098206
test_14834,0.3845561444759369
test_14835,0.5149873495101929
test_14836,0.28074830770492554
test_14837,0.8683054447174072
test_14838,0.06377840042114258
test_14839,0.49519047141075134
test_14840,0.0051070330664515495
test_14841,0.9995176792144775
test_14842,0.9993089437484741
test_14843,0.712704062461853
test_14844,0.9505223631858826
test_14845,0.862857460975647
test_14846,0.5058155059814453
test_14847,0.6807972192764282
test_14848,0.12544730305671692
test_14849,0.6668756008148193
test_14850,0.5169497728347778
test_14851,0.6010138988494873
test_14852,0.24593526124954224
test_14853,0.9278579950332642
test_14854,0.5883514285087585
test_14855,0.5217533111572266
test_14856,0.6101584434509277
test_14857,0.9919975399971008
test_14858,0.6306569576263428
test_14859,0.5789202451705933
test_14860,0.8117120862007141
test_14861,0.5534176230430603
test_14862,0.9948694705963135
test_14863,0.4005639851093292
test_14864,0.9837591648101807
test_14865,0.9979372024536133
test_14866,0.9384368062019348
test_14867,0.5889044404029846
test_14868,1.1830721632577479e-05
test_14869,0.9724904298782349
test_14870,0.010631870478391647
test_14871,0.8875958323478699
test_14872,0.4898032248020172
test_14873,0.5470834374427795
test_14874,0.6043327450752258
test_14875,0.5595446825027466
test_14876,0.5812013149261475
test_14877,0.3017314672470093
test_14878,0.3624415993690491
test_14879,0.49936267733573914
test_14880,0.84687340259552
test_14881,0.8127251267433167
test_14882,0.7841703295707703
test_14883,0.7132773399353027
test_14884,0.5094649195671082
test_14885,0.7885997295379639
test_14886,0.4897807538509369
test_14887,0.667350172996521
test_14888,0.9396740198135376
test_14889,0.49273139238357544
test_14890,0.00271757785230875
test_14891,0.12208788841962814
test_14892,0.8553303480148315
test_14893,0.5783107280731201
test_14894,0.8966991305351257
test_14895,0.8829750418663025
test_14896,0.016346920281648636
test_14897,0.442516952753067
test_14898,0.712169885635376
test_14899,0.0010651808697730303
test_14900,0.8360195159912109
test_14901,0.932397186756134
test_14902,0.091610386967659
test_14903,0.4711746573448181
test_14904,0.8953059911727905
test_14905,0.5631097555160522
test_14906,0.5915361642837524
test_14907,0.023119356483221054
test_14908,0.43186113238334656
test_14909,0.5495211482048035
test_14910,0.5963953137397766
test_14911,0.696539580821991
test_14912,0.5147490501403809
test_14913,0.8822819590568542
test_14914,0.44297710061073303
test_14915,0.3127589523792267
test_14916,0.7704560160636902
test_14917,0.49956437945365906
test_14918,0.7981045246124268
test_14919,0.018971862271428108
test_14920,0.0689568966627121
test_14921,0.5419804453849792
test_14922,0.2720717489719391
test_14923,0.9981368780136108
test_14924,0.9759767651557922
test_14925,0.9446516633033752
test_14926,0.9770475625991821
test_14927,0.7329328656196594
test_14928,0.8605353832244873
test_14929,0.5353948473930359
test_14930,0.21427945792675018
test_14931,0.09046326577663422
test_14932,0.7868159413337708
test_14933,0.5810341835021973
test_14934,0.7088193297386169
test_14935,0.17978495359420776
test_14936,0.6987280249595642
test_14937,0.670173168182373
test_14938,0.8464261293411255
test_14939,0.27966776490211487
test_14940,0.2564413249492645
test_14941,0.48942646384239197
test_14942,0.23514679074287415
test_14943,0.13072796165943146
test_14944,0.6513652205467224
test_14945,0.6086969375610352
test_14946,0.7553853988647461
test_14947,0.529171347618103
test_14948,0.4165496528148651
test_14949,0.24749869108200073
test_14950,0.34962719678878784
test_14951,0.24415016174316406
test_14952,0.5824486017227173
test_14953,0.14379337430000305
test_14954,0.7044495940208435
test_14955,0.3785744905471802
test_14956,0.9035354852676392
test_14957,0.7587102055549622
test_14958,0.007949060760438442
test_14959,0.7044069766998291
test_14960,0.5485152006149292
test_14961,0.9983186721801758
test_14962,0.9783518314361572
test_14963,0.47710365056991577
test_14964,0.8668088912963867
test_14965,0.9650048613548279
test_14966,0.9621862173080444
test_14967,0.5856866836547852
test_14968,0.010460060089826584
test_14969,0.21615341305732727
test_14970,0.994278073310852
test_14971,0.5427907109260559
test_14972,0.13349656760692596
test_14973,0.09134972840547562
test_14974,0.6477027535438538
test_14975,0.44840940833091736
test_14976,0.4684251546859741
test_14977,0.5437279939651489
test_14978,0.7877241373062134
test_14979,0.4747788906097412
test_14980,0.36290767788887024
test_14981,0.6216810941696167
test_14982,0.805742084980011
test_14983,0.4731655418872833
test_14984,0.426744669675827
test_14985,0.5582659244537354
test_14986,0.553377628326416
test_14987,0.5091780424118042
test_14988,0.057793766260147095
test_14989,0.8927055597305298
test_14990,0.3343532681465149
test_14991,0.3157484233379364
test_14992,0.5678704977035522
test_14993,0.9909555315971375
test_14994,0.9315550923347473
test_14995,0.42098069190979004
test_14996,0.7886325716972351
test_14997,0.6133562922477722
test_14998,0.0003583645448088646
test_14999,0.9021995663642883
test_15000,0.7790653705596924
test_15001,0.6016929149627686
test_15002,0.5131316781044006
test_15003,0.6808140277862549
test_15004,0.5775492787361145
test_15005,0.5572027564048767
test_15006,0.25856220722198486
test_15007,0.49480223655700684
test_15008,0.24905970692634583
test_15009,0.4818112850189209
test_15010,0.42772218585014343
test_15011,0.6079366207122803
test_15012,0.872023344039917
test_15013,0.134279265999794
test_15014,0.5311812162399292
test_15015,0.011782372370362282
test_15016,0.07326698303222656
test_15017,0.2814011573791504
test_15018,0.7994617223739624
test_15019,0.4784094989299774
test_15020,0.7233083248138428
test_15021,0.8706793189048767
test_15022,0.0011119117261841893
test_15023,0.999062716960907
test_15024,0.9901447296142578
test_15025,0.4177321493625641
test_15026,0.5993218421936035
test_15027,0.8403074741363525
test_15028,0.10199413448572159
test_15029,0.7844308018684387
test_15030,0.08251947909593582
test_15031,0.8945968747138977
test_15032,0.8980616331100464
test_15033,0.5791861414909363
test_15034,0.7974844574928284
test_15035,0.7371706962585449
test_15036,0.4721640348434448
test_15037,0.03552823141217232
test_15038,0.5548921227455139
test_15039,0.32978227734565735
test_15040,0.7443745732307434
test_15041,0.19387391209602356
test_15042,0.5465606451034546
test_15043,0.36822232604026794
test_15044,0.38763487339019775
test_15045,0.11342944204807281
test_15046,0.1343497931957245
test_15047,0.6458393931388855
test_15048,0.9802137017250061
test_15049,0.03905272111296654
test_15050,0.9648122191429138
test_15051,0.30961933732032776
test_15052,0.5467274785041809
test_15053,0.4762972295284271
test_15054,0.7744681239128113
test_15055,0.04720352962613106
test_15056,0.6429761052131653
test_15057,0.5161207914352417
test_15058,0.7484124302864075
test_15059,0.9318833351135254
test_15060,0.4736717939376831
test_15061,0.5508853793144226
test_15062,0.9952877759933472
test_15063,0.9680201411247253
test_15064,0.18377666175365448
test_15065,0.4981535077095032
test_15066,0.25890958309173584
test_15067,0.6565990447998047
test_15068,0.5248704552650452
test_15069,0.38746607303619385
test_15070,0.5600017309188843
test_15071,0.4919508397579193
test_15072,0.9256870746612549
test_15073,0.1474662870168686
test_15074,0.3550090491771698
test_15075,0.6342791318893433
test_15076,0.6687737107276917
test_15077,0.6705920100212097
test_15078,0.5785179734230042
test_15079,0.8451650738716125
test_15080,0.41863492131233215
test_15081,0.9342818856239319
test_15082,0.29855677485466003
test_15083,0.590923011302948
test_15084,0.742642343044281
test_15085,0.735448956489563
test_15086,0.9159889817237854
test_15087,0.7576821446418762
test_15088,0.512757420539856
test_15089,0.23142917454242706
test_15090,0.8703662157058716
test_15091,0.540623128414154
test_15092,0.7490621209144592
test_15093,0.5582588315010071
test_15094,0.10135161131620407
test_15095,0.19427363574504852
test_15096,0.44992130994796753
test_15097,0.9962956309318542
test_15098,0.4027445316314697
test_15099,0.8011952638626099
test_15100,0.18501392006874084
test_15101,0.960202693939209
test_15102,0.9708861708641052
test_15103,0.4967218041419983
test_15104,0.9420445561408997
test_15105,0.7571026086807251
test_15106,0.6067837476730347
test_15107,0.2910727858543396
test_15108,0.1976260244846344
test_15109,0.48396310210227966
test_15110,0.9647828340530396
test_15111,0.36669719219207764
test_15112,0.9300677180290222
test_15113,0.6396382451057434
test_15114,0.7989892363548279
test_15115,0.8880369067192078
test_15116,0.060899749398231506
test_15117,0.20572923123836517
test_15118,0.658118486404419
test_15119,0.3576563000679016
test_15120,0.2950199842453003
test_15121,0.6438425183296204
test_15122,0.5080646872520447
test_15123,0.8040798306465149
test_15124,0.25165483355522156
test_15125,0.18542443215847015
test_15126,0.8547716736793518
test_15127,0.4727654457092285
test_15128,0.012831049039959908
test_15129,0.9866238832473755
test_15130,0.2370985597372055
test_15131,0.6581410765647888
test_15132,0.44566863775253296
test_15133,0.9597182273864746
test_15134,0.9748944640159607
test_15135,0.8757355809211731
test_15136,0.7952674031257629
test_15137,0.6326417922973633
test_15138,0.6436282396316528
test_15139,0.6158379912376404
test_15140,0.0002283080539200455
test_15141,0.892779529094696
test_15142,0.7322033643722534
test_15143,0.4735395908355713
test_15144,0.164747953414917
test_15145,0.7828282713890076
test_15146,0.4599195420742035
test_15147,0.4859135150909424
test_15148,0.5639373660087585
test_15149,0.8455976843833923
test_15150,0.39541763067245483
test_15151,0.03080788627266884
test_15152,0.31704699993133545
test_15153,0.07416944205760956
test_15154,0.9999921321868896
test_15155,0.38302138447761536
test_15156,0.29094254970550537
test_15157,0.8639616370201111
test_15158,0.07696061581373215
test_15159,0.9971475005149841
test_15160,0.7253550887107849
test_15161,0.9522386193275452
test_15162,0.6337907314300537
test_15163,0.283661812543869
test_15164,0.5625768899917603
test_15165,0.8927209973335266
test_15166,0.9839506149291992
test_15167,0.4314364194869995
test_15168,0.8175399303436279
test_15169,0.6058319807052612
test_15170,0.598882257938385
test_15171,0.7581778168678284
test_15172,0.855346143245697
test_15173,0.07407192885875702
test_15174,0.2836947739124298
test_15175,0.6628541946411133
test_15176,0.700485348701477
test_15177,0.31582629680633545
test_15178,0.8383945822715759
test_15179,0.47930264472961426
test_15180,0.08450804650783539
test_15181,0.5187210440635681
test_15182,0.6052640676498413
test_15183,0.9865336418151855
test_15184,0.11147993057966232
test_15185,0.9891873002052307
test_15186,0.547193706035614
test_15187,0.9354103803634644
test_15188,0.44673216342926025
test_15189,0.08314529806375504
test_15190,0.5853908658027649
test_15191,0.5473097562789917
test_15192,0.37972790002822876
test_15193,0.5549831986427307
test_15194,0.6750293970108032
test_15195,0.1273610144853592
test_15196,0.9579497575759888
test_15197,0.4925849735736847
test_15198,0.09384268522262573
test_15199,0.4144780933856964
test_15200,0.2778952717781067
test_15201,0.37267544865608215
test_15202,0.8190309405326843
test_15203,0.7120167016983032
test_15204,0.03343750536441803
test_15205,0.8301743268966675
test_15206,0.9931578040122986
test_15207,0.7147241830825806
test_15208,0.23622243106365204
test_15209,0.16898654401302338
test_15210,0.9822614192962646
test_15211,0.6527044177055359
test_15212,0.43148142099380493
test_15213,0.9745246767997742
test_15214,0.5084614157676697
test_15215,0.641063392162323
test_15216,0.11956258118152618
test_15217,0.5154147744178772
test_15218,0.9938759207725525
test_15219,0.6028569340705872
test_15220,0.8096693754196167
test_15221,0.1059650182723999
test_15222,0.8286705017089844
test_15223,0.6378834843635559
test_15224,0.48923709988594055
test_15225,0.1495286226272583
test_15226,0.8160170316696167
test_15227,0.9955846667289734
test_15228,0.07138990610837936
test_15229,0.061186954379081726
test_15230,0.09941121935844421
test_15231,0.9990684390068054
test_15232,0.7247283458709717
test_15233,0.5766357183456421
test_15234,0.6093377470970154
test_15235,0.9334170818328857
test_15236,0.8782655000686646
test_15237,0.6014420986175537
test_15238,0.9903894066810608
test_15239,0.7354117035865784
test_15240,0.9809127449989319
test_15241,0.6710036396980286
test_15242,0.8470847010612488
test_15243,0.7837164998054504
test_15244,0.8010544776916504
test_15245,0.9081919193267822
test_15246,0.6001622080802917
test_15247,0.8374470472335815
test_15248,0.23365187644958496
test_15249,0.42623043060302734
test_15250,0.5003873705863953
test_15251,0.977579653263092
test_15252,0.49654221534729004
test_15253,0.6298151016235352
test_15254,0.002986123552545905
test_15255,4.713528687716462e-05
test_15256,0.2381177395582199
test_15257,0.6638851165771484
test_15258,0.06315270811319351
test_15259,0.3937325179576874
test_15260,0.9500569701194763
test_15261,0.2829776406288147
test_15262,0.7051217555999756
test_15263,0.8788538575172424
test_15264,0.9961323738098145
test_15265,0.10684055089950562
test_15266,0.9103229641914368
test_15267,0.1626012623310089
test_15268,0.6779658198356628
test_15269,0.5725015997886658
test_15270,0.9940035939216614
test_15271,0.07684965431690216
test_15272,0.9408031105995178
test_15273,0.49424564838409424
test_15274,0.1960514485836029
test_15275,0.24050059914588928
test_15276,0.5064470171928406
test_15277,0.1915636658668518
test_15278,0.9999783039093018
test_15279,0.7488400936126709
test_15280,0.6628984212875366
test_15281,0.003786338958889246
test_15282,0.896139919757843
test_15283,0.9371309876441956
test_15284,0.7209417819976807
test_15285,0.36591899394989014
test_15286,0.5365681052207947
test_15287,0.8585123419761658
test_15288,0.5476388931274414
test_15289,0.44434261322021484
test_15290,0.9035604000091553
test_15291,0.5452561974525452
test_15292,0.21357646584510803
test_15293,0.05470115691423416
test_15294,0.4048921763896942
test_15295,0.6083062887191772
test_15296,0.1724792867898941
test_15297,0.9962749481201172
test_15298,0.002060080412775278
test_15299,0.9560439586639404
test_15300,0.17891284823417664
test_15301,0.691399872303009
test_15302,0.7139552235603333
test_15303,0.546522855758667
test_15304,0.9839111566543579
test_15305,0.5852339863777161
test_15306,0.9890899062156677
test_15307,0.723994255065918
test_15308,0.5063934326171875
test_15309,0.7794680595397949
test_15310,0.307079017162323
test_15311,0.711848795413971
test_15312,0.38037461042404175
test_15313,0.0024108411744236946
test_15314,0.6345148086547852
test_15315,0.34700247645378113
test_15316,0.9179040193557739
test_15317,0.6772273778915405
test_15318,0.0847100168466568
test_15319,0.5441330671310425
test_15320,0.7973743081092834
test_15321,0.6945275068283081
test_15322,0.7222577929496765
test_15323,0.5943934321403503
test_15324,0.7815739512443542
test_15325,0.8543078899383545
test_15326,0.3571797013282776
test_15327,0.6836309432983398
test_15328,0.5347543954849243
test_15329,0.47865986824035645
test_15330,2.3553899154649116e-05
test_15331,0.24271772801876068
test_15332,0.8778135180473328
test_15333,0.002311352640390396
test_15334,0.3486087918281555
test_15335,0.5620669722557068
test_15336,0.514850914478302
test_15337,0.8470497131347656
test_15338,0.9866450428962708
test_15339,0.5229941606521606
test_15340,0.5319697260856628
test_15341,0.3628983795642853
test_15342,0.7534637451171875
test_15343,0.9557244777679443
test_15344,0.999721109867096
test_15345,0.9484653472900391
test_15346,0.23129257559776306
test_15347,0.4078194499015808
test_15348,0.1532600224018097
test_15349,0.9758398532867432
test_15350,0.7412745356559753
test_15351,0.5855559706687927
test_15352,0.12516909837722778
test_15353,0.3328034579753876
test_15354,0.46502581238746643
test_15355,0.558252215385437
test_15356,0.4168235957622528
test_15357,0.6647871732711792
test_15358,0.3300068974494934
test_15359,0.9887978434562683
test_15360,0.6071509122848511
test_15361,0.24848662316799164
test_15362,0.8474445939064026
test_15363,0.3391778767108917
test_15364,0.5023599863052368
test_15365,0.3944670259952545
test_15366,0.0719531998038292
test_15367,0.5677529573440552
test_15368,0.5807014107704163
test_15369,0.4964752197265625
test_15370,0.721729576587677
test_15371,0.9306363463401794
test_15372,0.34183427691459656
test_15373,0.026593945920467377
test_15374,1.6973312085610814e-05
test_15375,0.4672906994819641
test_15376,0.998156726360321
test_15377,0.9992050528526306
test_15378,0.008786331862211227
test_15379,0.8218026161193848
test_15380,0.7691532373428345
test_15381,0.9734424352645874
test_15382,0.7607305645942688
test_15383,0.4949341416358948
test_15384,0.21331267058849335
test_15385,0.23143306374549866
test_15386,0.6401151418685913
test_15387,0.8019936084747314
test_15388,0.9053969979286194
test_15389,0.5857349634170532
test_15390,0.5321251153945923
test_15391,0.1043335348367691
test_15392,0.52036452293396
test_15393,0.5046181678771973
test_15394,0.9181845188140869
test_15395,0.9709713459014893
test_15396,0.1317911148071289
test_15397,0.9214475750923157
test_15398,0.39830243587493896
test_15399,0.46575820446014404
test_15400,0.9350559711456299
test_15401,0.00887883361428976
test_15402,0.5191532969474792
test_15403,0.9383996725082397
test_15404,0.6310612559318542
test_15405,0.7345299124717712
test_15406,0.9803495407104492
test_15407,0.8425794243812561
test_15408,0.34469863772392273
test_15409,0.3112793564796448
test_15410,0.8221386671066284
test_15411,0.5778548121452332
test_15412,0.8124839067459106
test_15413,0.8350106477737427
test_15414,0.9701787829399109
test_15415,0.9945974349975586
test_15416,0.5422863364219666
test_15417,0.19746215641498566
test_15418,0.2134936898946762
test_15419,0.05359596386551857
test_15420,0.6158918142318726
test_15421,0.40999236702919006
test_15422,0.08686855435371399
test_15423,0.37834277749061584
test_15424,0.8895639181137085
test_15425,0.5145363211631775
test_15426,0.6791864037513733
test_15427,0.25633710622787476
test_15428,0.9571318626403809
test_15429,0.8825782537460327
test_15430,0.9019309282302856
test_15431,0.946357250213623
test_15432,0.2353677898645401
test_15433,0.28923988342285156
test_15434,0.4577287435531616
test_15435,0.5101725459098816
test_15436,0.28673920035362244
test_15437,0.39752909541130066
test_15438,0.06838986277580261
test_15439,0.8743483424186707
test_15440,0.7176658511161804
test_15441,0.16809459030628204
test_15442,0.08467567712068558
test_15443,0.8217233419418335
test_15444,0.4511655271053314
test_15445,0.9805471301078796
test_15446,0.9126876592636108
test_15447,0.4850178062915802
test_15448,0.7237445712089539
test_15449,0.8500611186027527
test_15450,0.6516972780227661
test_15451,0.40621218085289
test_15452,0.8609411120414734
test_15453,0.2206883281469345
test_15454,0.8318325877189636
test_15455,0.31560710072517395
test_15456,0.800666093826294
test_15457,0.7770427465438843
test_15458,0.7147054672241211
test_15459,0.2725074887275696
test_15460,0.5399477481842041
test_15461,0.6323973536491394
test_15462,0.45375707745552063
test_15463,0.1021064817905426
test_15464,0.6321473121643066
test_15465,0.9729098677635193
test_15466,0.5259947180747986
test_15467,0.4820026457309723
test_15468,0.9576249718666077
test_15469,0.9541082978248596
test_15470,0.7601688504219055
test_15471,0.39197659492492676
test_15472,0.0009125355281867087
test_15473,0.32442909479141235
test_15474,0.5307294130325317
test_15475,0.1979350745677948
test_15476,0.12497351318597794
test_15477,0.9356725215911865
test_15478,0.9587745666503906
test_15479,0.5847859382629395
test_15480,0.0001755554840201512
test_15481,0.9894772171974182
test_15482,0.5679613351821899
test_15483,0.9280311465263367
test_15484,0.47015073895454407
test_15485,0.8429056406021118
test_15486,0.26938194036483765
test_15487,0.9989442229270935
test_15488,0.5747121572494507
test_15489,0.519866406917572
test_15490,0.6527274250984192
test_15491,0.5237624645233154
test_15492,0.7275048494338989
test_15493,0.2634115219116211
test_15494,0.4359813332557678
test_15495,0.481586217880249
test_15496,0.0379086397588253
test_15497,0.9441779851913452
test_15498,0.36483830213546753
test_15499,0.7652202844619751
test_15500,0.002166565041989088
test_15501,0.9251943826675415
test_15502,0.637996256351471
test_15503,0.404468297958374
test_15504,0.974658727645874
test_15505,0.9012997150421143
test_15506,0.8805181384086609
test_15507,0.8755224943161011
test_15508,0.6455569267272949
test_15509,0.21633152663707733
test_15510,0.36997443437576294
test_15511,0.1640065312385559
test_15512,0.5746803283691406
test_15513,0.4446166455745697
test_15514,0.45343679189682007
test_15515,0.329605370759964
test_15516,0.22517475485801697
test_15517,0.7707791328430176
test_15518,0.024036945775151253
test_15519,0.0034456225112080574
test_15520,0.9990124702453613
test_15521,0.6227617859840393
test_15522,0.2536526620388031
test_15523,0.6075590252876282
test_15524,0.23679687082767487
test_15525,0.4163382649421692
test_15526,0.8704535365104675
test_15527,0.15570953488349915
test_15528,0.9236447215080261
test_15529,0.7123037576675415
test_15530,0.18552859127521515
test_15531,0.1994909942150116
test_15532,0.5629183053970337
test_15533,0.5280070900917053
test_15534,0.89931720495224
test_15535,0.17325173318386078
test_15536,0.748786449432373
test_15537,0.7574018239974976
test_15538,0.5426633358001709
test_15539,0.515105128288269
test_15540,0.9457274079322815
test_15541,0.9914799928665161
test_15542,0.7133457064628601
test_15543,0.7193324565887451
test_15544,0.6152338981628418
test_15545,0.5796259641647339
test_15546,0.7936380505561829
test_15547,0.0024264014791697264
test_15548,0.23830324411392212
test_15549,0.7449448704719543
test_15550,0.7695654630661011
test_15551,0.9534470438957214
test_15552,0.005402468144893646
test_15553,0.0046250224113464355
test_15554,0.5678913593292236
test_15555,0.3792184293270111
test_15556,0.6908190846443176
test_15557,0.09800039231777191
test_15558,0.5673852562904358
test_15559,0.7185500860214233
test_15560,0.7575346231460571
test_15561,0.14411020278930664
test_15562,0.7781941890716553
test_15563,0.5150530338287354
test_15564,0.0008821258088573813
test_15565,0.4024747908115387
test_15566,0.7153781056404114
test_15567,0.5489451289176941
test_15568,0.5243485569953918
test_15569,0.7863970994949341
test_15570,0.9981306195259094
test_15571,0.6107894778251648
test_15572,0.7638772130012512
test_15573,0.1505422443151474
test_15574,0.6258978843688965
test_15575,0.7948353290557861
test_15576,0.37727072834968567
test_15577,0.5633653998374939
test_15578,0.997124969959259
test_15579,0.6335859298706055
test_15580,0.9591379165649414
test_15581,0.7911385297775269
test_15582,0.9685032963752747
test_15583,0.13353599607944489
test_15584,0.021855615079402924
test_15585,0.008082177489995956
test_15586,0.6678959131240845
test_15587,0.5159589648246765
test_15588,0.2419310212135315
test_15589,0.9235260486602783
test_15590,0.05499127134680748
test_15591,0.004642326384782791
test_15592,0.7565529942512512
test_15593,0.6573609113693237
test_15594,0.9816562533378601
test_15595,0.20022815465927124
test_15596,0.9925169348716736
test_15597,0.5604071021080017
test_15598,0.6766451597213745
test_15599,0.19935236871242523
test_15600,0.9403061270713806
test_15601,0.9120827317237854
test_15602,0.6773015856742859
test_15603,0.9859916567802429
test_15604,0.5854192972183228
test_15605,0.5703052282333374
test_15606,0.573639988899231
test_15607,0.8560599088668823
test_15608,0.5758551955223083
test_15609,0.6526527404785156
test_15610,0.5618775486946106
test_15611,0.649470329284668
test_15612,0.37741023302078247
test_15613,0.9509185552597046
test_15614,0.7678448557853699
test_15615,0.4014664590358734
test_15616,0.521056056022644
test_15617,0.7202749252319336
test_15618,0.2773231267929077
test_15619,0.8520652651786804
test_15620,0.4597456455230713
test_15621,0.40515783429145813
test_15622,0.5162604451179504
test_15623,0.5490618348121643
test_15624,0.6959688663482666
test_15625,0.3572536110877991
test_15626,0.8810538649559021
test_15627,0.9824795722961426
test_15628,0.319353312253952
test_15629,0.4390503764152527
test_15630,0.5135422945022583
test_15631,0.8025989532470703
test_15632,0.7941709756851196
test_15633,0.630316436290741
test_15634,0.40492376685142517
test_15635,0.05293603241443634
test_15636,0.8848395347595215
test_15637,0.685516357421875
test_15638,0.03362240642309189
test_15639,0.5678861141204834
test_15640,0.8579357862472534
test_15641,0.954092800617218
test_15642,0.3307304382324219
test_15643,0.9184382557868958
test_15644,0.06258280575275421
test_15645,0.7266138195991516
test_15646,0.9999951124191284
test_15647,0.1865839809179306
test_15648,0.28531980514526367
test_15649,0.4093337655067444
test_15650,0.9123103618621826
test_15651,0.5879371762275696
test_15652,0.6890741586685181
test_15653,0.011293397285044193
test_15654,0.988868236541748
test_15655,0.7232460379600525
test_15656,0.5938985347747803
test_15657,0.9201945066452026
test_15658,0.8315305113792419
test_15659,0.6960399746894836
test_15660,0.15409600734710693
test_15661,0.009278500452637672
test_15662,0.23803077638149261
test_15663,0.1784820258617401
test_15664,0.43331360816955566
test_15665,0.45535340905189514
test_15666,0.9999736547470093
test_15667,0.31244802474975586
test_15668,0.7799129486083984
test_15669,0.36824166774749756
test_15670,0.8460250496864319
test_15671,0.348533570766449
test_15672,0.5298472046852112
test_15673,0.3641264736652374
test_15674,0.6180893182754517
test_15675,0.14355529844760895
test_15676,0.0014919220702722669
test_15677,0.8228142857551575
test_15678,0.42883455753326416
test_15679,0.735198438167572
test_15680,0.9229465126991272
test_15681,0.5649703741073608
test_15682,0.5601176023483276
test_15683,0.9993354678153992
test_15684,0.8979541659355164
test_15685,0.22009529173374176
test_15686,0.32662591338157654
test_15687,0.5739244222640991
test_15688,0.4318535327911377
test_15689,0.41562989354133606
test_15690,0.23784902691841125
test_15691,0.20903995633125305
test_15692,0.40504851937294006
test_15693,0.4889981746673584
test_15694,0.6601852178573608
test_15695,0.7450598478317261
test_15696,0.5056900978088379
test_15697,0.9333738684654236
test_15698,0.9561318159103394
test_15699,0.9918708801269531
test_15700,0.004308066330850124
test_15701,0.2920551300048828
test_15702,0.10931356996297836
test_15703,0.7061718702316284
test_15704,0.4755500555038452
test_15705,0.7520970106124878
test_15706,0.7707650065422058
test_15707,0.5374758243560791
test_15708,0.47089672088623047
test_15709,0.17161351442337036
test_15710,0.6550851464271545
test_15711,0.48879364132881165
test_15712,0.9605244994163513
test_15713,0.6203153133392334
test_15714,0.5139515399932861
test_15715,0.9013580679893494
test_15716,0.9372535943984985
test_15717,0.771536648273468
test_15718,0.7526248693466187
test_15719,0.4384881556034088
test_15720,0.5062671303749084
test_15721,0.33581167459487915
test_15722,0.09294657409191132
test_15723,0.827721893787384
test_15724,0.5066925287246704
test_15725,0.34753358364105225
test_15726,0.2922457456588745
test_15727,0.5859653353691101
test_15728,0.6866841912269592
test_15729,0.6769707202911377
test_15730,0.8972740769386292
test_15731,0.48297446966171265
test_15732,0.33578360080718994
test_15733,0.4686523377895355
test_15734,0.017987199127674103
test_15735,0.8405574560165405
test_15736,0.07073217630386353
test_15737,0.33306393027305603
test_15738,0.8000627160072327
test_15739,0.48467087745666504
test_15740,0.7068673372268677
test_15741,0.6387189626693726
test_15742,0.5365123152732849
test_15743,0.8543756008148193
test_15744,0.6662685871124268
test_15745,0.9943367838859558
test_15746,0.8680895566940308
test_15747,0.9508336186408997
test_15748,0.9342219829559326
test_15749,0.20211105048656464
test_15750,0.8219306468963623
test_15751,0.6793763637542725
test_15752,0.4573405385017395
test_15753,0.5509979128837585
test_15754,0.4963405430316925
test_15755,0.4119253158569336
test_15756,0.029248619452118874
test_15757,0.8914613723754883
test_15758,0.2898855209350586
test_15759,0.4696895182132721
test_15760,0.4530223608016968
test_15761,0.8544411659240723
test_15762,0.6067647337913513
test_15763,0.6218323707580566
test_15764,0.5270896553993225
test_15765,0.031508468091487885
test_15766,0.5397391319274902
test_15767,0.5045141577720642
test_15768,0.5257092714309692
test_15769,0.8229290843009949
test_15770,0.6658995747566223
test_15771,0.06750831753015518
test_15772,0.5525844693183899
test_15773,0.5317723751068115
test_15774,0.026219038292765617
test_15775,0.1336793750524521
test_15776,0.7658703923225403
test_15777,0.18910890817642212
test_15778,0.38715294003486633
test_15779,0.02181231789290905
test_15780,0.45268264412879944
test_15781,0.6017275452613831
test_15782,0.8682742714881897
test_15783,0.7622398138046265
test_15784,0.9889061450958252
test_15785,0.6938881278038025
test_15786,0.29279446601867676
test_15787,0.566632091999054
test_15788,0.7048494815826416
test_15789,0.05911964178085327
test_15790,0.6752908229827881
test_15791,0.9999130964279175
test_15792,0.9788395762443542
test_15793,0.8780137896537781
test_15794,0.18904857337474823
test_15795,0.3058844208717346
test_15796,0.9954414367675781
test_15797,0.42623651027679443
test_15798,0.38116344809532166
test_15799,0.4780283570289612
test_15800,0.22869151830673218
test_15801,0.9573142528533936
test_15802,0.6698428988456726
test_15803,0.09921301156282425
test_15804,0.9565825462341309
test_15805,0.014740243554115295
test_15806,0.30152925848960876
test_15807,0.964935839176178
test_15808,0.37647390365600586
test_15809,0.9527485370635986
test_15810,9.50970861595124e-05
test_15811,0.6385239958763123
test_15812,0.4840441942214966
test_15813,0.7891311645507812
test_15814,0.998625636100769
test_15815,0.3750668168067932
test_15816,0.5754188895225525
test_15817,0.1243506595492363
test_15818,0.7800654172897339
test_15819,0.9996082186698914
test_15820,0.09529057890176773
test_15821,0.040102120488882065
test_15822,0.5621412992477417
test_15823,0.2692263424396515
test_15824,0.5758655071258545
test_15825,0.0854155644774437
test_15826,0.05240020900964737
test_15827,0.6327534914016724
test_15828,0.25043821334838867
test_15829,0.5724424123764038
test_15830,0.2586250305175781
test_15831,0.5847504138946533
test_15832,0.08568408340215683
test_15833,0.19329629838466644
test_15834,0.6130174994468689
test_15835,0.9778579473495483
test_15836,0.9030023217201233
test_15837,0.9447530508041382
test_15838,0.8387401700019836
test_15839,0.8753125071525574
test_15840,0.9632195830345154
test_15841,0.04661647230386734
test_15842,0.2972811460494995
test_15843,0.6870495080947876
test_15844,0.000541111861821264
test_15845,0.6166520118713379
test_15846,0.5573018193244934
test_15847,0.6956984996795654
test_15848,0.5043837428092957
test_15849,0.6135305166244507
test_15850,0.1614898145198822
test_15851,0.5956063270568848
test_15852,0.7547314763069153
test_15853,0.2985149323940277
test_15854,0.8373363614082336
test_15855,0.29373565316200256
test_15856,0.8225854635238647
test_15857,0.006634823977947235
test_15858,0.7564762234687805
test_15859,0.9937299489974976
test_15860,0.09887898713350296
test_15861,0.08333336561918259
test_15862,0.5077387094497681
test_15863,0.9997716546058655
test_15864,0.6634092330932617
test_15865,0.6947938203811646
test_15866,0.478811651468277
test_15867,0.8772568702697754
test_15868,0.5957959294319153
test_15869,0.5810747742652893
test_15870,0.03464831784367561
test_15871,0.6644626259803772
test_15872,0.46978381276130676
test_15873,0.01985408365726471
test_15874,0.5870630145072937
test_15875,0.03450882062315941
test_15876,0.9847717881202698
test_15877,0.015179073438048363
test_15878,0.8125016093254089
test_15879,0.9893368482589722
test_15880,0.6856676340103149
test_15881,0.008934314362704754
test_15882,0.5548148155212402
test_15883,0.11823316663503647
test_15884,0.5715624690055847
test_15885,0.7432247996330261
test_15886,0.49546799063682556
test_15887,0.9802097082138062
test_15888,0.6298257112503052
test_15889,0.6374045014381409
test_15890,0.2754351496696472
test_15891,0.9734588265419006
test_15892,0.8818387985229492
test_15893,0.5177467465400696
test_15894,0.006393804680556059
test_15895,0.7014229893684387
test_15896,0.6710439920425415
test_15897,0.7053579688072205
test_15898,0.2945954203605652
test_15899,0.6694639921188354
test_15900,0.884806752204895
test_15901,0.19543004035949707
test_15902,0.5445002317428589
test_15903,0.5181140899658203
test_15904,0.6119390726089478
test_15905,0.8523379564285278
test_15906,0.8112577795982361
test_15907,0.41044968366622925
test_15908,0.7799906730651855
test_15909,0.9037307500839233
test_15910,0.6501544713973999
test_15911,0.5355798006057739
test_15912,0.387153297662735
test_15913,0.9900128841400146
test_15914,0.5223765969276428
test_15915,0.7001779675483704
test_15916,0.6141975522041321
test_15917,0.0001540065713925287
test_15918,0.9606562852859497
test_15919,0.049508921802043915
test_15920,0.4506264626979828
test_15921,0.7639843225479126
test_15922,0.026305101811885834
test_15923,0.5091095566749573
test_15924,0.4532591700553894
test_15925,0.41756710410118103
test_15926,0.9755762815475464
test_15927,0.9286085963249207
test_15928,0.6925545334815979
test_15929,0.6002828478813171
test_15930,0.5635230541229248
test_15931,0.5446842312812805
test_15932,0.03144687041640282
test_15933,0.25137895345687866
test_15934,0.9955108165740967
test_15935,0.2774367332458496
test_15936,0.4394666850566864
test_15937,0.8560662865638733
test_15938,0.7150914669036865
test_15939,0.5544022917747498
test_15940,0.6822907328605652
test_15941,0.2110220193862915
test_15942,0.008327048271894455
test_15943,0.9902241826057434
test_15944,0.6390507817268372
test_15945,0.25653699040412903
test_15946,0.2494429498910904
test_15947,0.49676504731178284
test_15948,0.6875393390655518
test_15949,0.6305050849914551
test_15950,0.49434894323349
test_15951,0.005979168228805065
test_15952,0.1830235719680786
test_15953,0.047722142189741135
test_15954,0.9837803840637207
test_15955,0.9100778698921204
test_15956,0.5540677309036255
test_15957,0.8038793206214905
test_15958,0.3267655372619629
test_15959,0.9618241786956787
test_15960,0.9558258652687073
test_15961,0.1788773238658905
test_15962,0.03411392495036125
test_15963,0.6004117727279663
test_15964,0.9483962059020996
test_15965,0.3533652424812317
test_15966,0.7117385864257812
test_15967,0.663829505443573
test_15968,0.002101647201925516
test_15969,0.12028391659259796
test_15970,0.3348709046840668
test_15971,0.08554054796695709
test_15972,0.4881362020969391
test_15973,0.8935878872871399
test_15974,0.5635983347892761
test_15975,0.9539860486984253
test_15976,0.4238845705986023
test_15977,0.7753463387489319
test_15978,0.7602300643920898
test_15979,0.5963025093078613
test_15980,0.48235660791397095
test_15981,0.9490939974784851
test_15982,0.39699968695640564
test_15983,0.9977898597717285
test_15984,0.6245607733726501
test_15985,0.08392529934644699
test_15986,0.0932762622833252
test_15987,0.38376301527023315
test_15988,0.41723912954330444
test_15989,0.45266056060791016
test_15990,0.8049378395080566
test_15991,0.48565566539764404
test_15992,0.6522122621536255
test_15993,0.9999992847442627
test_15994,0.009945490397512913
test_15995,0.28432968258857727
test_15996,0.5460268259048462
test_15997,0.9076215028762817
test_15998,0.583280622959137
test_15999,0.9539397954940796
test_16000,0.0002682057674974203
test_16001,0.8106718063354492
test_16002,0.15601219236850739
test_16003,0.5897203683853149
test_16004,0.6080413460731506
test_16005,0.798343300819397
test_16006,0.3627333641052246
test_16007,0.7523288130760193
test_16008,0.5134846568107605
test_16009,0.25723356008529663
test_16010,0.7011557817459106
test_16011,0.06503637135028839
test_16012,0.8127300143241882
test_16013,0.051442090421915054
test_16014,0.889427125453949
test_16015,0.4634125232696533
test_16016,0.5509399175643921
test_16017,0.5368300080299377
test_16018,0.9757859110832214
test_16019,0.8803917765617371
test_16020,0.3106648921966553
test_16021,0.9970971345901489
test_16022,0.7806769609451294
test_16023,0.3705386817455292
test_16024,0.6935800909996033
test_16025,0.025136414915323257
test_16026,0.38273459672927856
test_16027,0.8792858719825745
test_16028,0.7221283912658691
test_16029,0.7115771770477295
test_16030,0.2735941410064697
test_16031,0.5525370836257935
test_16032,0.6376904249191284
test_16033,0.04316886514425278
test_16034,0.9835574626922607
test_16035,0.019636327400803566
test_16036,0.31936073303222656
test_16037,0.8492105603218079
test_16038,0.9822055697441101
test_16039,0.2873004674911499
test_16040,0.003652554238215089
test_16041,0.042282845824956894
test_16042,0.196030855178833
test_16043,0.9970738887786865
test_16044,0.926886260509491
test_16045,0.7417236566543579
test_16046,0.8372958898544312
test_16047,0.6282208561897278
test_16048,0.5369307398796082
test_16049,0.8528910279273987
test_16050,0.44859039783477783
test_16051,0.9989659786224365
test_16052,0.400066614151001
test_16053,0.02341662347316742
test_16054,0.800382673740387
test_16055,0.24690984189510345
test_16056,0.5201959609985352
test_16057,0.949999213218689
test_16058,0.516313910484314
test_16059,0.9305872917175293
test_16060,0.9596462845802307
test_16061,0.7457927465438843
test_16062,0.16605794429779053
test_16063,0.902657687664032
test_16064,0.15271401405334473
test_16065,0.8901902437210083
test_16066,0.9718367457389832
test_16067,0.5513309836387634
test_16068,0.5925812721252441
test_16069,0.3764282166957855
test_16070,0.6300368309020996
test_16071,0.7003138661384583
test_16072,0.4279748201370239
test_16073,0.13201498985290527
test_16074,0.7634460926055908
test_16075,0.1588982343673706
test_16076,0.5492347478866577
test_16077,0.6040199398994446
test_16078,0.9834815859794617
test_16079,0.6831793189048767
test_16080,0.6791058778762817
test_16081,0.48645737767219543
test_16082,0.9771022200584412
test_16083,0.7127161622047424
test_16084,0.8874627947807312
test_16085,0.26408398151397705
test_16086,0.6214831471443176
test_16087,0.8693649172782898
test_16088,0.8837971091270447
test_16089,0.7344390153884888
test_16090,0.8131209015846252
test_16091,0.6595613956451416
test_16092,0.8459604978561401
test_16093,0.06277670711278915
test_16094,0.004951849579811096
test_16095,0.6760226488113403
test_16096,0.03810847923159599
test_16097,0.5547604560852051
test_16098,0.2570390999317169
test_16099,0.5015076994895935
test_16100,0.004981158766895533
test_16101,0.7732946872711182
test_16102,0.09240637719631195
test_16103,0.5557476878166199
test_16104,0.22031360864639282
test_16105,0.5414686799049377
test_16106,0.7681437134742737
test_16107,0.9693188071250916
test_16108,0.700743556022644
test_16109,0.32743775844573975
test_16110,0.730933666229248
test_16111,0.48916858434677124
test_16112,0.9701910018920898
test_16113,0.7518271803855896
test_16114,0.81922447681427
test_16115,0.49256613850593567
test_16116,0.21579954028129578
test_16117,0.08537670224905014
test_16118,0.38804373145103455
test_16119,0.9718912243843079
test_16120,0.7098860144615173
test_16121,0.8437846899032593
test_16122,0.9707968235015869
test_16123,0.9627116322517395
test_16124,0.5763296484947205
test_16125,0.5996939539909363
test_16126,0.5383688807487488
test_16127,0.5336634516716003
test_16128,0.3429844379425049
test_16129,0.7274065613746643
test_16130,0.8194571733474731
test_16131,0.5674293041229248
test_16132,0.4351847469806671
test_16133,0.4873017966747284
test_16134,0.9291117191314697
test_16135,0.9472942352294922
test_16136,0.7210338115692139
test_16137,0.4576965868473053
test_16138,0.4785534143447876
test_16139,0.5959790945053101
test_16140,0.7309916019439697
test_16141,0.4693845510482788
test_16142,0.27083051204681396
test_16143,0.9578085541725159
test_16144,0.5227083563804626
test_16145,0.967460036277771
test_16146,0.0842055156826973
test_16147,0.7410655617713928
test_16148,0.5486685037612915
test_16149,0.046122048050165176
test_16150,0.8458606600761414
test_16151,0.07603411376476288
test_16152,0.40866151452064514
test_16153,0.8666746616363525
test_16154,0.7804776430130005
test_16155,0.993274450302124
test_16156,0.9999995231628418
test_16157,0.7827501893043518
test_16158,0.9673447012901306
test_16159,0.6598337292671204
test_16160,0.3889179229736328
test_16161,0.7403118014335632
test_16162,0.5722795724868774
test_16163,0.005974657833576202
test_16164,0.5444950461387634
test_16165,0.9442511200904846
test_16166,0.008097203448414803
test_16167,0.5229640603065491
test_16168,0.0006702482933178544
test_16169,0.8990272283554077
test_16170,0.5268089175224304
test_16171,0.6129953861236572
test_16172,0.6093271374702454
test_16173,0.9123963713645935
test_16174,0.9123418927192688
test_16175,0.06338019669055939
test_16176,0.9576561450958252
test_16177,0.4835454821586609
test_16178,0.0006586412200704217
test_16179,0.9377474784851074
test_16180,0.00418652780354023
test_16181,0.766075074672699
test_16182,0.020501770079135895
test_16183,0.018179068341851234
test_16184,0.7696200609207153
test_16185,0.7908633947372437
test_16186,0.2758084237575531
test_16187,0.014071761630475521
test_16188,0.7067363262176514
test_16189,0.08350026607513428
test_16190,0.9229567646980286
test_16191,0.6549654603004456
test_16192,0.6419841647148132
test_16193,0.981376051902771
test_16194,0.5187757611274719
test_16195,0.8989458680152893
test_16196,0.4891798198223114
test_16197,0.5831835865974426
test_16198,4.315427577239461e-05
test_16199,0.1285814344882965
test_16200,0.9822505116462708
test_16201,0.059501707553863525
test_16202,0.25356584787368774
test_16203,0.4621967375278473
test_16204,0.4555075168609619
test_16205,0.4376930594444275
test_16206,1.0
test_16207,0.7524548172950745
test_16208,0.5615345239639282
test_16209,0.5059993267059326
test_16210,0.6618829369544983
test_16211,0.06845636665821075
test_16212,0.9939980506896973
test_16213,0.5705222487449646
test_16214,0.18119624257087708
test_16215,0.4023948609828949
test_16216,0.4699980616569519
test_16217,0.13092243671417236
test_16218,0.799428403377533
test_16219,0.7547128796577454
test_16220,0.5112791657447815
test_16221,0.2640667259693146
test_16222,0.6411209106445312
test_16223,0.6178607940673828
test_16224,0.9690030217170715
test_16225,0.8331109285354614
test_16226,0.3790440559387207
test_16227,0.5022864937782288
test_16228,0.8498677611351013
test_16229,0.4804322123527527
test_16230,0.09464175999164581
test_16231,0.9014015793800354
test_16232,0.06678283959627151
test_16233,0.06874959170818329
test_16234,0.47723522782325745
test_16235,0.9675081372261047
test_16236,0.3164808750152588
test_16237,0.7987778782844543
test_16238,0.3717232048511505
test_16239,0.768070638179779
test_16240,0.24622607231140137
test_16241,0.02971864491701126
test_16242,0.42484772205352783
test_16243,0.5427141785621643
test_16244,0.786537766456604
test_16245,0.5784562826156616
test_16246,0.6176141500473022
test_16247,0.0003035915724467486
test_16248,0.6640483736991882
test_16249,0.9700058698654175
test_16250,0.7791080474853516
test_16251,0.9218147993087769
test_16252,0.12028101831674576
test_16253,0.474058598279953
test_16254,0.6062269806861877
test_16255,0.6068645715713501
test_16256,0.4537433683872223
test_16257,0.32416418194770813
test_16258,0.40186187624931335
test_16259,0.9773449897766113
test_16260,0.49118977785110474
test_16261,0.6718258261680603
test_16262,0.877413272857666
test_16263,0.662628710269928
test_16264,0.9626216888427734
test_16265,0.9711626768112183
test_16266,0.7113010883331299
test_16267,0.4797670543193817
test_16268,0.9994451403617859
test_16269,0.015905220061540604
test_16270,0.5142941474914551
test_16271,0.9966238737106323
test_16272,0.15698690712451935
test_16273,0.9883847236633301
test_16274,0.6088510751724243
test_16275,0.05047425627708435
test_16276,0.9288501143455505
test_16277,0.3450404107570648
test_16278,0.10945919901132584
test_16279,0.005637133028358221
test_16280,0.7267623543739319
test_16281,0.40515145659446716
test_16282,0.7565465569496155
test_16283,0.0004569435550365597
test_16284,0.668192982673645
test_16285,0.7055519223213196
test_16286,0.9642614722251892
test_16287,0.022353263571858406
test_16288,0.7975202202796936
test_16289,0.6062361001968384
test_16290,0.515084445476532
test_16291,0.09789833426475525
test_16292,0.6750856637954712
test_16293,0.8679417371749878
test_16294,0.5527427792549133
test_16295,0.6508009433746338
test_16296,0.6485545635223389
test_16297,0.7045838832855225
test_16298,0.9166370630264282
test_16299,0.4789927005767822
test_16300,0.31418168544769287
test_16301,0.2859906852245331
test_16302,0.27607813477516174
test_16303,0.4477432072162628
test_16304,0.4865396320819855
test_16305,0.9841201901435852
test_16306,0.9431438446044922
test_16307,0.026678569614887238
test_16308,0.9741016626358032
test_16309,0.2222794145345688
test_16310,0.7854798436164856
test_16311,0.46466898918151855
test_16312,0.601008951663971
test_16313,0.49005308747291565
test_16314,0.5196674466133118
test_16315,0.553475022315979
test_16316,0.554220974445343
test_16317,0.8381640911102295
test_16318,0.987571120262146
test_16319,0.0031562636140733957
test_16320,0.8263993859291077
test_16321,0.07885648310184479
test_16322,0.3182288706302643
test_16323,0.1902882605791092
test_16324,0.6932178139686584
test_16325,0.9274084568023682
test_16326,0.7778739929199219
test_16327,0.6068760752677917
test_16328,0.5347224473953247
test_16329,0.5335855484008789
test_16330,0.6060105562210083
test_16331,0.6262482404708862
test_16332,0.668880820274353
test_16333,0.7193543314933777
test_16334,0.7319216132164001
test_16335,0.712196409702301
test_16336,0.1433325558900833
test_16337,0.7811430096626282
test_16338,0.6804591417312622
test_16339,0.8605363368988037
test_16340,0.15951602160930634
test_16341,0.9023095965385437
test_16342,0.5578975677490234
test_16343,0.42832502722740173
test_16344,0.25389742851257324
test_16345,0.5990651249885559
test_16346,0.6531155109405518
test_16347,0.8064366579055786
test_16348,0.024313053116202354
test_16349,0.9963003396987915
test_16350,0.4861127734184265
test_16351,0.5116710662841797
test_16352,0.389838308095932
test_16353,0.32734620571136475
test_16354,0.7709859609603882
test_16355,0.16391675174236298
test_16356,0.49574053287506104
test_16357,0.7705670595169067
test_16358,0.8994392156600952
test_16359,0.9287838935852051
test_16360,0.2945232093334198
test_16361,0.03246568515896797
test_16362,0.3498106896877289
test_16363,0.8146423697471619
test_16364,0.5056195259094238
test_16365,0.5747025609016418
test_16366,0.7298280000686646
test_16367,0.7398987412452698
test_16368,0.5182212591171265
test_16369,0.0015844173030927777
test_16370,0.38834211230278015
test_16371,0.6908767223358154
test_16372,0.9995567202568054
test_16373,0.9901903867721558
test_16374,0.6283795237541199
test_16375,0.18325038254261017
test_16376,0.5310173630714417
test_16377,0.11978542804718018
test_16378,0.6469160318374634
test_16379,0.007372316438704729
test_16380,0.23360732197761536
test_16381,0.9829443097114563
test_16382,0.4472430944442749
test_16383,0.6214010119438171
test_16384,0.7674468159675598
test_16385,0.8974681496620178
test_16386,0.4741263687610626
test_16387,0.9189550876617432
test_16388,0.4561445713043213
test_16389,0.9983575940132141
test_16390,0.9958068132400513
test_16391,0.14225850999355316
test_16392,0.8909956216812134
test_16393,0.06884432584047318
test_16394,0.4080388844013214
test_16395,0.4971572458744049
test_16396,0.7875417470932007
test_16397,0.4195759892463684
test_16398,0.6722350716590881
test_16399,0.5936661958694458
test_16400,0.013268067501485348
test_16401,0.6944674253463745
test_16402,0.7481464743614197
test_16403,0.6793012022972107
test_16404,0.36824533343315125
test_16405,0.0029498753137886524
test_16406,0.3409886956214905
test_16407,0.9440565705299377
test_16408,0.5420417189598083
test_16409,0.9166244864463806
test_16410,0.09542322158813477
test_16411,0.5763936042785645
test_16412,0.24413089454174042
test_16413,0.6585099697113037
test_16414,0.08562229573726654
test_16415,0.8031401634216309
test_16416,0.5552193522453308
test_16417,0.4537636637687683
test_16418,0.4013787806034088
test_16419,0.9771495461463928
test_16420,7.499354251194745e-05
test_16421,0.7224166393280029
test_16422,0.6510966420173645
test_16423,0.9890640377998352
test_16424,0.6177947521209717
test_16425,0.973011314868927
test_16426,0.535914421081543
test_16427,0.5823304653167725
test_16428,0.08991896361112595
test_16429,0.9909829497337341
test_16430,0.4800185263156891
test_16431,0.6285120248794556
test_16432,0.871579110622406
test_16433,0.3067568838596344
test_16434,0.9986660480499268
test_16435,0.5706729292869568
test_16436,0.5453271865844727
test_16437,0.5345332622528076
test_16438,0.9173047542572021
test_16439,0.425944983959198
test_16440,0.651817798614502
test_16441,0.9582923054695129
test_16442,0.6093332171440125
test_16443,0.11933551728725433
test_16444,0.63097083568573
test_16445,0.622617244720459
test_16446,0.2760363817214966
test_16447,0.62116938829422
test_16448,0.5317476391792297
test_16449,0.9970462918281555
test_16450,0.3214486241340637
test_16451,0.9981195330619812
test_16452,0.7428700923919678
test_16453,0.6577337384223938
test_16454,0.4220842123031616
test_16455,0.9908103942871094
test_16456,0.5001847147941589
test_16457,0.3717978298664093
test_16458,0.4988751709461212
test_16459,0.9039627313613892
test_16460,0.031511079519987106
test_16461,0.7307997941970825
test_16462,0.5883164405822754
test_16463,0.6763668060302734
test_16464,0.700789749622345
test_16465,0.025203578174114227
test_16466,0.5588086843490601
test_16467,0.7940219044685364
test_16468,0.7132537364959717
test_16469,0.7960689663887024
test_16470,0.9482755064964294
test_16471,0.4695504903793335
test_16472,0.8562301397323608
test_16473,0.8250260949134827
test_16474,0.39996829628944397
test_16475,0.21380507946014404
test_16476,0.01912790536880493
test_16477,0.4481843411922455
test_16478,0.9771784543991089
test_16479,0.5026317834854126
test_16480,0.16319024562835693
test_16481,0.5232509970664978
test_16482,0.18402493000030518
test_16483,0.97805255651474
test_16484,0.5068447589874268
test_16485,0.7475264072418213
test_16486,0.42673882842063904
test_16487,0.5491698384284973
test_16488,0.7309285998344421
test_16489,0.5561118721961975
test_16490,0.9988939166069031
test_16491,0.6930867433547974
test_16492,0.5676004886627197
test_16493,0.21639476716518402
test_16494,0.3350510895252228
test_16495,0.4233653247356415
test_16496,0.4989432990550995
test_16497,0.5410468578338623
test_16498,0.34121188521385193
test_16499,0.17493002116680145
test_16500,0.4548133909702301
test_16501,0.37701481580734253
test_16502,0.011260593309998512
test_16503,0.3795071542263031
test_16504,0.3169701099395752
test_16505,0.7506103515625
test_16506,0.5683532953262329
test_16507,0.962643563747406
test_16508,0.45571139454841614
test_16509,0.2503815293312073
test_16510,0.6167666912078857
test_16511,0.7993707060813904
test_16512,0.8333675861358643
test_16513,0.9837797284126282
test_16514,0.14645060896873474
test_16515,0.2625063359737396
test_16516,0.9946887493133545
test_16517,0.21592682600021362
test_16518,0.9055541157722473
test_16519,0.9986976385116577
test_16520,0.3868964910507202
test_16521,0.7792286276817322
test_16522,0.7317081689834595
test_16523,0.9969261288642883
test_16524,0.51374351978302
test_16525,0.2365778535604477
test_16526,0.576812744140625
test_16527,0.22411327064037323
test_16528,0.7396243214607239
test_16529,0.20971159636974335
test_16530,0.983249843120575
test_16531,0.9021562933921814
test_16532,0.9113102555274963
test_16533,0.9753304123878479
test_16534,0.8402820825576782
test_16535,0.9375548362731934
test_16536,0.25007858872413635
test_16537,0.4988248646259308
test_16538,0.7355896234512329
test_16539,0.4176689088344574
test_16540,0.1503036618232727
test_16541,0.0014753597788512707
test_16542,0.9869721531867981
test_16543,0.48539039492607117
test_16544,0.25085848569869995
test_16545,0.2471790909767151
test_16546,0.11790533363819122
test_16547,0.3516942858695984
test_16548,0.640363872051239
test_16549,0.39953362941741943
test_16550,0.37828242778778076
test_16551,0.9999945163726807
test_16552,0.7520509958267212
test_16553,0.5606278777122498
test_16554,0.6603589653968811
test_16555,0.512332022190094
test_16556,0.04072459787130356
test_16557,0.7149544358253479
test_16558,0.8723850846290588
test_16559,0.3099711835384369
test_16560,0.24983631074428558
test_16561,0.5698392987251282
test_16562,0.8942837715148926
test_16563,0.3020949363708496
test_16564,0.36921554803848267
test_16565,0.7430431842803955
test_16566,0.07439848780632019
test_16567,0.7164638638496399
test_16568,0.41086545586586
test_16569,0.5830809473991394
test_16570,0.5718933939933777
test_16571,0.023014100268483162
test_16572,0.9859717488288879
test_16573,0.0010024341754615307
test_16574,0.9122605323791504
test_16575,0.10825611650943756
test_16576,0.5918152332305908
test_16577,0.9200085997581482
test_16578,0.9937852621078491
test_16579,0.4436815083026886
test_16580,0.1216854602098465
test_16581,0.1223517432808876
test_16582,0.16703931987285614
test_16583,0.024321526288986206
test_16584,0.9199182987213135
test_16585,0.3498433232307434
test_16586,0.5213282704353333
test_16587,0.6007160544395447
test_16588,0.7564682364463806
test_16589,0.8472415208816528
test_16590,0.30979639291763306
test_16591,0.3723783791065216
test_16592,0.7559835910797119
test_16593,0.584459125995636
test_16594,0.4179413616657257
test_16595,0.4359004497528076
test_16596,0.07369675487279892
test_16597,0.41514700651168823
test_16598,0.6724780797958374
test_16599,0.5870227813720703
test_16600,0.6296563744544983
test_16601,0.0029507437720894814
test_16602,0.8966411352157593
test_16603,0.9140611886978149
test_16604,0.9673664569854736
test_16605,0.7564270496368408
test_16606,0.5227460861206055
test_16607,0.2565034031867981
test_16608,0.9995608925819397
test_16609,0.027124399319291115
test_16610,0.2759440243244171
test_16611,0.688176155090332
test_16612,0.8864379525184631
test_16613,0.10981260985136032
test_16614,0.6905549764633179
test_16615,0.11987525969743729
test_16616,0.41338881850242615
test_16617,0.4871162176132202
test_16618,0.7914291620254517
test_16619,0.5201284885406494
test_16620,0.9951617121696472
test_16621,0.7497418522834778
test_16622,0.21029123663902283
test_16623,0.4833938479423523
test_16624,0.9661614894866943
test_16625,0.8479967713356018
test_16626,0.5571880340576172
test_16627,0.49716562032699585
test_16628,0.38388770818710327
test_16629,0.7292609810829163
test_16630,0.5169514417648315
test_16631,0.6052700877189636
test_16632,0.9769493937492371
test_16633,0.011752561666071415
test_16634,0.7289251685142517
test_16635,0.841988205909729
test_16636,0.49701687693595886
test_16637,0.5407789349555969
test_16638,0.0033870460465550423
test_16639,0.8717262744903564
test_16640,0.08578215539455414
test_16641,0.4628075361251831
test_16642,0.7538492679595947
test_16643,0.788546621799469
test_16644,0.997245192527771
test_16645,0.6088583469390869
test_16646,0.96469646692276
test_16647,0.5054692029953003
test_16648,0.5388503670692444
test_16649,0.9539943933486938
test_16650,0.29529350996017456
test_16651,0.2907763719558716
test_16652,0.009370600804686546
test_16653,0.8999584317207336
test_16654,0.025785265490412712
test_16655,0.6933098435401917
test_16656,0.40839412808418274
test_16657,0.923976480960846
test_16658,0.3448098301887512
test_16659,0.45250624418258667
test_16660,0.8608341217041016
test_16661,0.3627689480781555
test_16662,0.07699277251958847
test_16663,0.7905223965644836
test_16664,0.8645864725112915
test_16665,0.4699951112270355
test_16666,0.7847837805747986
test_16667,0.23971259593963623
test_16668,0.03906480222940445
test_16669,0.01993688754737377
test_16670,0.5375289916992188
test_16671,0.8026260733604431
test_16672,0.9862589836120605
test_16673,0.34431660175323486
test_16674,0.7439758777618408
test_16675,0.987223744392395
test_16676,0.257610946893692
test_16677,0.5208015441894531
test_16678,0.40585577487945557
test_16679,0.5863130688667297
test_16680,0.509675145149231
test_16681,0.13440150022506714
test_16682,0.8466171026229858
test_16683,0.9572317004203796
test_16684,0.33044692873954773
test_16685,0.015747668221592903
test_16686,0.7707825303077698
test_16687,0.9529379606246948
test_16688,0.8775686621665955
test_16689,0.5171204805374146
test_16690,0.15353572368621826
test_16691,0.8837979435920715
test_16692,0.697713315486908
test_16693,0.6392935514450073
test_16694,0.7052180767059326
test_16695,0.15661020576953888
test_16696,0.3154805898666382
test_16697,0.24368786811828613
test_16698,0.586532473564148
test_16699,0.7546023726463318
test_16700,0.9340119361877441
test_16701,0.9217754006385803
test_16702,0.030913827940821648
test_16703,0.8819485902786255
test_16704,0.9876258969306946
test_16705,0.3984229564666748
test_16706,0.8216004371643066
test_16707,0.7231486439704895
test_16708,0.580989420413971
test_16709,0.5799345970153809
test_16710,0.22186905145645142
test_16711,0.5335441827774048
test_16712,0.48324236273765564
test_16713,0.47448644042015076
test_16714,0.27146923542022705
test_16715,0.05582086741924286
test_16716,0.007574258837848902
test_16717,0.569848358631134
test_16718,0.8377512693405151
test_16719,0.46487557888031006
test_16720,0.9913073182106018
test_16721,0.4820972681045532
test_16722,0.9669053554534912
test_16723,0.9303216338157654
test_16724,0.738409161567688
test_16725,0.1081317737698555
test_16726,0.10397665947675705
test_16727,0.6245555281639099
test_16728,0.3208143711090088
test_16729,0.7524840831756592
test_16730,0.7785831093788147
test_16731,0.7486477494239807
test_16732,0.5732577443122864
test_16733,0.996682345867157
test_16734,0.887347400188446
test_16735,0.1448533535003662
test_16736,0.5690831542015076
test_16737,0.9619266986846924
test_16738,0.39653223752975464
test_16739,0.1100921481847763
test_16740,0.6640028357505798
test_16741,0.0002608831855468452
test_16742,0.9349393844604492
test_16743,0.21910342574119568
test_16744,0.9909583330154419
test_16745,0.3794184923171997
test_16746,0.36380505561828613
test_16747,0.5053290724754333
test_16748,0.6086949110031128
test_16749,0.6510876417160034
test_16750,0.6120355725288391
test_16751,0.5122612118721008
test_16752,0.04552881419658661
test_16753,0.9537383913993835
test_16754,0.5044515132904053
test_16755,0.3892129957675934
test_16756,0.909506618976593
test_16757,0.4097604751586914
test_16758,0.46249598264694214
test_16759,0.6433203220367432
test_16760,0.46474170684814453
test_16761,0.010869191028177738
test_16762,0.5989995002746582
test_16763,0.937366783618927
test_16764,0.989421546459198
test_16765,0.26878538727760315
test_16766,0.20067130029201508
test_16767,0.5472404956817627
test_16768,0.889220654964447
test_16769,0.496184766292572
test_16770,0.24730505049228668
test_16771,0.2732427716255188
test_16772,0.7690374255180359
test_16773,0.5683307647705078
test_16774,0.8032893538475037
test_16775,0.8184807896614075
test_16776,0.0015218650223687291
test_16777,0.5826467871665955
test_16778,0.29595428705215454
test_16779,0.0009480764856562018
test_16780,0.6770390868186951
test_16781,0.8458592891693115
test_16782,0.6837422251701355
test_16783,0.5409245491027832
test_16784,0.7318894267082214
test_16785,0.8850383162498474
test_16786,0.858988344669342
test_16787,0.09138752520084381
test_16788,0.5090727806091309
test_16789,0.9981169700622559
test_16790,0.7309148907661438
test_16791,0.16818632185459137
test_16792,0.5459033846855164
test_16793,0.49288639426231384
test_16794,0.532347559928894
test_16795,0.21724869310855865
test_16796,0.8480800986289978
test_16797,0.6379517316818237
test_16798,0.3975725769996643
test_16799,0.401592880487442
test_16800,0.15646524727344513
test_16801,0.09732215851545334
test_16802,0.24744102358818054
test_16803,0.716385006904602
test_16804,0.4872182011604309
test_16805,0.9914150834083557
test_16806,0.9063575863838196
test_16807,0.48941338062286377
test_16808,0.008512168191373348
test_16809,0.2140047252178192
test_16810,0.009392479434609413
test_16811,0.27310505509376526
test_16812,0.7024900317192078
test_16813,0.37429070472717285
test_16814,0.9543959498405457
test_16815,0.9197435975074768
test_16816,0.007438040338456631
test_16817,0.999294638633728
test_16818,0.5928880572319031
test_16819,0.9019937515258789
test_16820,0.257377952337265
test_16821,0.6981440186500549
test_16822,0.7094331383705139
test_16823,0.9318618178367615
test_16824,0.47683462500572205
test_16825,0.5835587382316589
test_16826,0.6021356582641602
test_16827,0.5488457679748535
test_16828,0.9703766107559204
test_16829,0.2783309519290924
test_16830,0.9993202686309814
test_16831,0.8257865905761719
test_16832,0.7551248669624329
test_16833,0.15113140642642975
test_16834,0.3107149302959442
test_16835,0.020787686109542847
test_16836,0.9798397421836853
test_16837,0.8828887939453125
test_16838,0.9990348815917969
test_16839,0.0647851750254631
test_16840,0.3270205557346344
test_16841,0.3142358660697937
test_16842,0.5139930844306946
test_16843,0.15815305709838867
test_16844,0.9190133810043335
test_16845,0.020224854350090027
test_16846,0.007582223508507013
test_16847,0.9950030446052551
test_16848,0.8636499643325806
test_16849,0.9586887359619141
test_16850,0.44827017188072205
test_16851,0.40855172276496887
test_16852,0.9807101488113403
test_16853,0.3176131546497345
test_16854,0.15258274972438812
test_16855,0.0005469154566526413
test_16856,0.47344082593917847
test_16857,0.2671915590763092
test_16858,0.06089019775390625
test_16859,0.002325462643057108
test_16860,0.15926970541477203
test_16861,0.29111891984939575
test_16862,0.05684565752744675
test_16863,0.9533966183662415
test_16864,0.6532784104347229
test_16865,0.43746307492256165
test_16866,0.5055142641067505
test_16867,0.774995744228363
test_16868,0.9931621551513672
test_16869,0.9154951572418213
test_16870,0.3817932903766632
test_16871,0.9844545125961304
test_16872,0.8025180697441101
test_16873,0.9948437213897705
test_16874,0.40778836607933044
test_16875,0.9923288226127625
test_16876,0.4718225300312042
test_16877,0.5436688661575317
test_16878,0.9983868598937988
test_16879,0.5582240223884583
test_16880,0.32023656368255615
test_16881,0.38266417384147644
test_16882,0.07529605180025101
test_16883,0.8331250548362732
test_16884,0.856744110584259
test_16885,0.48607137799263
test_16886,0.5894718170166016
test_16887,0.7108615636825562
test_16888,0.5436606407165527
test_16889,0.7923730611801147
test_16890,0.31939971446990967
test_16891,0.5686176419258118
test_16892,0.9826577305793762
test_16893,0.6533372402191162
test_16894,0.3120540678501129
test_16895,0.20933811366558075
test_16896,0.005647563841193914
test_16897,0.6988488435745239
test_16898,0.5256549715995789
test_16899,0.33620181679725647
test_16900,0.7663543224334717
test_16901,0.4168073534965515
test_16902,0.9909772872924805
test_16903,0.8968750834465027
test_16904,0.67448490858078
test_16905,0.6138483881950378
test_16906,0.1441376805305481
test_16907,0.339480996131897
test_16908,0.019854683429002762
test_16909,0.9912889003753662
test_16910,0.5577940940856934
test_16911,0.9769377708435059
test_16912,0.0005345878889784217
test_16913,0.5635244250297546
test_16914,0.35138049721717834
test_16915,0.8749059438705444
test_16916,0.9534925222396851
test_16917,0.5201970934867859
test_16918,0.5464280843734741
test_16919,0.22092628479003906
test_16920,0.48954635858535767
test_16921,0.004027689341455698
test_16922,0.47122257947921753
test_16923,0.26413723826408386
test_16924,0.45517393946647644
test_16925,0.6581650972366333
test_16926,0.9839831590652466
test_16927,0.6936260461807251
test_16928,0.7249267101287842
test_16929,0.1560080349445343
test_16930,0.7300899028778076
test_16931,0.8739975094795227
test_16932,0.06092342734336853
test_16933,0.8496341705322266
test_16934,0.8074987530708313
test_16935,0.7292891144752502
test_16936,0.9465860724449158
test_16937,0.5179581046104431
test_16938,0.5422031283378601
test_16939,0.760845959186554
test_16940,0.3414437472820282
test_16941,0.7263479232788086
test_16942,0.9841635823249817
test_16943,0.5179430246353149
test_16944,0.025019006803631783
test_16945,0.49048730731010437
test_16946,0.6815434098243713
test_16947,0.773131251335144
test_16948,0.34782376885414124
test_16949,0.4493113160133362
test_16950,0.7037209272384644
test_16951,0.9821363091468811
test_16952,0.6303055882453918
test_16953,0.8131090402603149
test_16954,0.760871171951294
test_16955,0.7646152377128601
test_16956,0.012982332147657871
test_16957,0.6203683018684387
test_16958,0.957049548625946
test_16959,0.1974482387304306
test_16960,0.9047499299049377
test_16961,0.701134443283081
test_16962,0.14317555725574493
test_16963,0.7756245136260986
test_16964,0.005124574992805719
test_16965,0.2750798463821411
test_16966,0.8121435642242432
test_16967,0.6942051649093628
test_16968,0.7788052558898926
test_16969,0.8563030362129211
test_16970,0.6530855298042297
test_16971,0.92823725938797
test_16972,0.9480522274971008
test_16973,0.9317944645881653
test_16974,0.7767400741577148
test_16975,0.15510965883731842
test_16976,0.8669717311859131
test_16977,0.40198132395744324
test_16978,0.7986091375350952
test_16979,0.7175112962722778
test_16980,0.2704525291919708
test_16981,0.6747888326644897
test_16982,0.10283152014017105
test_16983,0.691562294960022
test_16984,0.5039088129997253
test_16985,0.05790295824408531
test_16986,0.6185558438301086
test_16987,0.12506836652755737
test_16988,0.03301504999399185
test_16989,0.5701474547386169
test_16990,0.575397789478302
test_16991,0.5782414078712463
test_16992,0.21470874547958374
test_16993,0.19706466794013977
test_16994,0.597723126411438
test_16995,0.6414514183998108
test_16996,0.5279718041419983
test_16997,0.007553469389677048
test_16998,0.7999122142791748
test_16999,0.4232434034347534
test_17000,0.6519575715065002
test_17001,0.6236281394958496
test_17002,0.6804644465446472
test_17003,0.6512709259986877
test_17004,0.9917347431182861
test_17005,0.6792582869529724
test_17006,0.3963223993778229
test_17007,0.933100163936615
test_17008,0.4196348488330841
test_17009,8.869940211297944e-05
test_17010,0.5509093999862671
test_17011,0.5790402889251709
test_17012,0.6300113201141357
test_17013,0.7284001111984253
test_17014,0.37182721495628357
test_17015,0.870512068271637
test_17016,0.883683443069458
test_17017,0.5575367212295532
test_17018,0.15731677412986755
test_17019,0.06891556084156036
test_17020,0.9746390581130981
test_17021,0.9095789194107056
test_17022,0.059474680572748184
test_17023,0.22025443613529205
test_17024,0.8619393706321716
test_17025,0.329990953207016
test_17026,0.15456072986125946
test_17027,0.6125855445861816
test_17028,0.23615698516368866
test_17029,0.6918840408325195
test_17030,0.8591494560241699
test_17031,0.48781096935272217
test_17032,0.20704960823059082
test_17033,0.5239139199256897
test_17034,0.9687865972518921
test_17035,0.5797022581100464
test_17036,0.519769549369812
test_17037,0.347782701253891
test_17038,0.6364057064056396
test_17039,0.5102534890174866
test_17040,0.8700774312019348
test_17041,0.5092784762382507
test_17042,0.9830742478370667
test_17043,0.9747613668441772
test_17044,0.4238017499446869
test_17045,0.003924884833395481
test_17046,0.8685466051101685
test_17047,0.5624142289161682
test_17048,0.8558319211006165
test_17049,0.5295637845993042
test_17050,0.6464787721633911
test_17051,0.6401739120483398
test_17052,0.19806607067584991
test_17053,0.6623567342758179
test_17054,0.9736549258232117
test_17055,0.323673814535141
test_17056,0.9784402847290039
test_17057,0.6018100380897522
test_17058,0.9818397164344788
test_17059,0.5467255115509033
test_17060,0.6795879006385803
test_17061,0.31712836027145386
test_17062,0.9937514662742615
test_17063,0.6719552278518677
test_17064,0.6667066812515259
test_17065,0.5917003750801086
test_17066,0.8650180697441101
test_17067,0.7193439602851868
test_17068,0.1635531485080719
test_17069,0.251450777053833
test_17070,0.017366142943501472
test_17071,0.8944355845451355
test_17072,0.4630469083786011
test_17073,0.4413338005542755
test_17074,0.5039437413215637
test_17075,0.32425084710121155
test_17076,0.9557991027832031
test_17077,0.647129237651825
test_17078,0.70424485206604
test_17079,0.07580211013555527
test_17080,0.993157684803009
test_17081,0.24149708449840546
test_17082,0.8322044014930725
test_17083,0.5701810717582703
test_17084,0.9913519620895386
test_17085,0.42335987091064453
test_17086,0.20258134603500366
test_17087,0.5421098470687866
test_17088,0.994475781917572
test_17089,0.23903651535511017
test_17090,0.9504127502441406
test_17091,0.3256952464580536
test_17092,0.253364235162735
test_17093,0.12307455390691757
test_17094,0.6193943023681641
test_17095,0.709907054901123
test_17096,0.488314151763916
test_17097,0.5360283851623535
test_17098,0.995215654373169
test_17099,0.8866651654243469
test_17100,0.36715036630630493
test_17101,0.5657468438148499
test_17102,0.9213279485702515
test_17103,0.004185482393950224
test_17104,0.6608895659446716
test_17105,0.9979051351547241
test_17106,0.9147690534591675
test_17107,0.021871598437428474
test_17108,0.08518341928720474
test_17109,0.6644817590713501
test_17110,0.5280125737190247
test_17111,0.46383336186408997
test_17112,0.13715992867946625
test_17113,0.9971572160720825
test_17114,0.6345377564430237
test_17115,0.4915943443775177
test_17116,0.45749399065971375
test_17117,0.43015480041503906
test_17118,0.5655330419540405
test_17119,0.5266035199165344
test_17120,0.576164722442627
test_17121,0.4334421455860138
test_17122,0.9817519783973694
test_17123,0.4400660991668701
test_17124,0.32779553532600403
test_17125,0.6986446380615234
test_17126,0.13575109839439392
test_17127,0.6870867609977722
test_17128,0.005197680089622736
test_17129,0.956184446811676
test_17130,0.564012885093689
test_17131,0.2709198594093323
test_17132,0.5042533278465271
test_17133,0.21674834191799164
test_17134,0.7715573906898499
test_17135,0.011857801117002964
test_17136,0.996798574924469
test_17137,0.5957069993019104
test_17138,0.5046069622039795
test_17139,0.6531750559806824
test_17140,0.2660285234451294
test_17141,0.6691136956214905
test_17142,0.9668720364570618
test_17143,0.058341480791568756
test_17144,0.9656034111976624
test_17145,0.04317890852689743
test_17146,0.9572369456291199
test_17147,0.3265344500541687
test_17148,0.5493065714836121
test_17149,0.6705068349838257
test_17150,0.30178260803222656
test_17151,0.8831888437271118
test_17152,0.08159446716308594
test_17153,0.013300794176757336
test_17154,0.4700104892253876
test_17155,0.9731400012969971
test_17156,0.43311822414398193
test_17157,0.8009610772132874
test_17158,0.5787855386734009
test_17159,0.020929880440235138
test_17160,0.7518740892410278
test_17161,0.5507858991622925
test_17162,0.35791370272636414
test_17163,0.2870267331600189
test_17164,0.9186992645263672
test_17165,0.7835395932197571
test_17166,5.2751332987099886e-05
test_17167,0.3155144155025482
test_17168,0.8477641940116882
test_17169,0.9451282620429993
test_17170,0.5466512441635132
test_17171,0.5878731608390808
test_17172,0.7499573826789856
test_17173,0.6258867979049683
test_17174,0.5892482995986938
test_17175,0.27833178639411926
test_17176,0.4747026860713959
test_17177,0.8300782442092896
test_17178,0.09767717868089676
test_17179,0.5209299921989441
test_17180,0.6414848566055298
test_17181,0.20336923003196716
test_17182,0.5063638091087341
test_17183,0.5015295147895813
test_17184,0.5996696352958679
test_17185,0.9495649933815002
test_17186,0.7158207893371582
test_17187,0.9284678101539612
test_17188,0.9054290056228638
test_17189,0.5175179243087769
test_17190,0.4233674705028534
test_17191,0.5308814644813538
test_17192,0.5253669619560242
test_17193,0.10560768842697144
test_17194,0.8637929558753967
test_17195,0.5228967666625977
test_17196,0.9850537180900574
test_17197,0.9529199600219727
test_17198,0.25708943605422974
test_17199,0.13494588434696198
test_17200,0.1536889225244522
test_17201,0.6778689622879028
test_17202,0.30538955330848694
test_17203,0.9856262803077698
test_17204,0.3554552495479584
test_17205,0.5327875018119812
test_17206,0.09093218296766281
test_17207,0.5190626382827759
test_17208,0.9610010385513306
test_17209,0.47954732179641724
test_17210,0.7185409665107727
test_17211,0.33177462220191956
test_17212,0.9764392375946045
test_17213,0.7476139068603516
test_17214,0.587359607219696
test_17215,0.4164753556251526
test_17216,0.10479416698217392
test_17217,0.09409215301275253
test_17218,0.9274212718009949
test_17219,0.12146168947219849
test_17220,0.9621190428733826
test_17221,0.040888238698244095
test_17222,0.9276027083396912
test_17223,0.7443442344665527
test_17224,0.07271082699298859
test_17225,0.3064887225627899
test_17226,0.42914021015167236
test_17227,0.9044057726860046
test_17228,0.955026388168335
test_17229,0.9994956254959106
test_17230,0.4089859127998352
test_17231,0.6848835349082947
test_17232,0.021180283278226852
test_17233,0.6200432181358337
test_17234,0.5984988808631897
test_17235,0.2109178602695465
test_17236,0.27641811966896057
test_17237,0.10107707232236862
test_17238,0.7068596482276917
test_17239,0.5587389469146729
test_17240,0.8738744258880615
test_17241,0.23547810316085815
test_17242,0.7845722436904907
test_17243,0.1146349385380745
test_17244,0.9154052734375
test_17245,0.5914008617401123
test_17246,0.5412063598632812
test_17247,0.9967868328094482
test_17248,0.08641833811998367
test_17249,0.1264970898628235
test_17250,0.6740274429321289
test_17251,0.4494079351425171
test_17252,0.43571925163269043
test_17253,0.36531123518943787
test_17254,0.4531122148036957
test_17255,0.13146105408668518
test_17256,0.3133399784564972
test_17257,0.023213520646095276
test_17258,0.7055442929267883
test_17259,0.6905116438865662
test_17260,0.7068667411804199
test_17261,0.03895103931427002
test_17262,0.9732042551040649
test_17263,0.7696382999420166
test_17264,0.4953785240650177
test_17265,0.08009277284145355
test_17266,0.9132912158966064
test_17267,0.7060338258743286
test_17268,0.8473488688468933
test_17269,0.5364444255828857
test_17270,0.6873710751533508
test_17271,0.02398958057165146
test_17272,0.9440085291862488
test_17273,0.7988802194595337
test_17274,0.5467966198921204
test_17275,0.6190688014030457
test_17276,0.7506442070007324
test_17277,0.7847523093223572
test_17278,0.37401336431503296
test_17279,0.6038744449615479
test_17280,0.543131947517395
test_17281,0.7963582873344421
test_17282,0.08229812234640121
test_17283,0.5790906548500061
test_17284,0.7830793261528015
test_17285,0.8462855219841003
test_17286,0.419950395822525
test_17287,0.40215232968330383
test_17288,0.9627653360366821
test_17289,0.7602084279060364
test_17290,0.02073478512465954
test_17291,0.8330890536308289
test_17292,0.829697847366333
test_17293,0.6075841188430786
test_17294,0.00969726499170065
test_17295,0.17599605023860931
test_17296,0.8271552324295044
test_17297,0.9144856333732605
test_17298,0.3842119872570038
test_17299,0.2299177497625351
test_17300,0.8804295659065247
test_17301,0.5467774868011475
test_17302,0.916098952293396
test_17303,0.7120723724365234
test_17304,0.6326396465301514
test_17305,0.5688827037811279
test_17306,0.441071480512619
test_17307,0.5072821378707886
test_17308,0.46520787477493286
test_17309,0.01634899154305458
test_17310,0.9712050557136536
test_17311,0.29518356919288635
test_17312,0.1950095146894455
test_17313,0.9963045120239258
test_17314,0.542180061340332
test_17315,0.6141440272331238
test_17316,0.005957678891718388
test_17317,0.9370597004890442
test_17318,0.5623084306716919
test_17319,0.9891847372055054
test_17320,0.9913871884346008
test_17321,0.8810386061668396
test_17322,0.7804018259048462
test_17323,0.8095949292182922
test_17324,0.998637855052948
test_17325,0.34109222888946533
test_17326,0.8437862992286682
test_17327,0.30848047137260437
test_17328,0.6220382452011108
test_17329,0.20518897473812103
test_17330,0.08796635270118713
test_17331,0.5954347252845764
test_17332,0.42650964856147766
test_17333,0.5304602980613708
test_17334,0.6894959807395935
test_17335,0.8341440558433533
test_17336,0.7946071624755859
test_17337,0.2436441034078598
test_17338,0.6034432053565979
test_17339,0.34823912382125854
test_17340,0.5489770174026489
test_17341,0.006925143767148256
test_17342,0.9761364459991455
test_17343,0.5361965894699097
test_17344,0.9864675998687744
test_17345,0.576961874961853
test_17346,0.5850820541381836
test_17347,0.03252692520618439
test_17348,0.5444216132164001
test_17349,0.05549300089478493
test_17350,0.7459179759025574
test_17351,0.7645755410194397
test_17352,1.410927598044509e-05
test_17353,0.9979758858680725
test_17354,0.6523647904396057
test_17355,0.011824955232441425
test_17356,0.4516036808490753
test_17357,0.09988026320934296
test_17358,0.838610053062439
test_17359,0.0028710465412586927
test_17360,0.8374038934707642
test_17361,0.9345453381538391
test_17362,0.7359524965286255
test_17363,0.4753379225730896
test_17364,0.41350775957107544
test_17365,0.7776585221290588
test_17366,0.6936581134796143
test_17367,0.5309316515922546
test_17368,0.012905558571219444
test_17369,0.5803773403167725
test_17370,0.9953953623771667
test_17371,0.5811333060264587
test_17372,0.7847244143486023
test_17373,0.7739860415458679
test_17374,0.687829315662384
test_17375,0.7279766798019409
test_17376,0.9232328534126282
test_17377,0.9833866953849792
test_17378,0.5172023773193359
test_17379,0.4584837853908539
test_17380,0.9837641716003418
test_17381,0.06111373379826546
test_17382,0.46503889560699463
test_17383,0.9440518617630005
test_17384,0.09449202567338943
test_17385,0.7309609651565552
test_17386,0.13637474179267883
test_17387,0.41880354285240173
test_17388,0.5724870562553406
test_17389,0.7179134488105774
test_17390,0.210612490773201
test_17391,0.5429067015647888
test_17392,0.717906653881073
test_17393,0.48233044147491455
test_17394,0.07803242653608322
test_17395,0.8011131286621094
test_17396,0.8814242482185364
test_17397,0.07906210422515869
test_17398,0.011442137882113457
test_17399,0.5807057023048401
test_17400,0.27812856435775757
test_17401,0.5967054963111877
test_17402,0.9410604238510132
test_17403,0.9296045303344727
test_17404,0.9103116989135742
test_17405,0.6084198355674744
test_17406,0.03392014279961586
test_17407,0.5311881303787231
test_17408,0.191806361079216
test_17409,0.41687437891960144
test_17410,0.9764144420623779
test_17411,0.9999991655349731
test_17412,0.5638811588287354
test_17413,0.6247488856315613
test_17414,0.39666473865509033
test_17415,0.28647375106811523
test_17416,0.07470061630010605
test_17417,0.9740680456161499
test_17418,0.8527404069900513
test_17419,0.3765002489089966
test_17420,0.8725178241729736
test_17421,0.30453333258628845
test_17422,0.7374411821365356
test_17423,0.593285858631134
test_17424,0.6873738169670105
test_17425,0.4104245901107788
test_17426,0.9512042999267578
test_17427,0.6826475858688354
test_17428,0.7155096530914307
test_17429,0.9494297504425049
test_17430,0.44342365860939026
test_17431,0.2733522653579712
test_17432,0.5796123147010803
test_17433,0.8069972395896912
test_17434,0.4905698001384735
test_17435,0.5256513357162476
test_17436,0.6416748762130737
test_17437,0.8018343448638916
test_17438,0.7349338531494141
test_17439,0.04763149470090866
test_17440,0.017175711691379547
test_17441,0.7511955499649048
test_17442,0.4119478762149811
test_17443,0.5595032572746277
test_17444,0.6826789379119873
test_17445,0.3390820324420929
test_17446,0.5146217346191406
test_17447,0.875929057598114
test_17448,0.42953363060951233
test_17449,0.11402434855699539
test_17450,0.5665337443351746
test_17451,0.7386813163757324
test_17452,0.00044669845374301076
test_17453,0.7757828235626221
test_17454,0.6674606204032898
test_17455,0.804298996925354
test_17456,0.5041489601135254
test_17457,0.5532793998718262
test_17458,0.032757293432950974
test_17459,0.6068478226661682
test_17460,0.19209608435630798
test_17461,0.4617595374584198
test_17462,0.4907076358795166
test_17463,0.3424704372882843
test_17464,0.14552359282970428
test_17465,0.89565110206604
test_17466,0.49230411648750305
test_17467,0.9227792620658875
test_17468,0.9999333620071411
test_17469,0.46330446004867554
test_17470,0.7655842900276184
test_17471,0.7407893538475037
test_17472,0.8710985779762268
test_17473,0.8341822624206543
test_17474,0.4930761456489563
test_17475,0.8429708480834961
test_17476,0.554180920124054
test_17477,0.8852009177207947
test_17478,0.6168016791343689
test_17479,0.27476754784584045
test_17480,0.32767027616500854
test_17481,0.5575813055038452
test_17482,0.5645387172698975
test_17483,0.9962360262870789
test_17484,0.5847548246383667
test_17485,0.8756365776062012
test_17486,0.23267395794391632
test_17487,0.7772399187088013
test_17488,0.6310712695121765
test_17489,0.9759575724601746
test_17490,0.4177464544773102
test_17491,0.009445158764719963
test_17492,0.28463584184646606
test_17493,0.604542076587677
test_17494,0.8296831846237183
test_17495,0.4202703535556793
test_17496,0.917256236076355
test_17497,0.3588157296180725
test_17498,0.9790953397750854
test_17499,0.8775427937507629
test_17500,0.27892670035362244
test_17501,0.5400967597961426
test_17502,0.7717412114143372
test_17503,0.44168412685394287
test_17504,0.3669619560241699
test_17505,0.4858029782772064
test_17506,0.6353508830070496
test_17507,0.34768059849739075
test_17508,0.8552194237709045
test_17509,0.9566220045089722
test_17510,0.947975754737854
test_17511,0.03681032359600067
test_17512,0.5942710638046265
test_17513,0.46119755506515503
test_17514,0.8232074975967407
test_17515,0.9963678121566772
test_17516,0.1840597242116928
test_17517,0.5861939787864685
test_17518,0.4841504693031311
test_17519,0.9802367091178894
test_17520,0.12903709709644318
test_17521,0.7689042091369629
test_17522,0.5191343426704407
test_17523,0.30398884415626526
test_17524,0.6603698134422302
test_17525,0.08614486455917358
test_17526,0.2923077344894409
test_17527,0.5111050605773926
test_17528,0.8581876754760742
test_17529,0.9710243940353394
test_17530,0.5694993138313293
test_17531,0.7535526752471924
test_17532,0.8250996470451355
test_17533,0.5882088541984558
test_17534,0.5437894463539124
test_17535,0.6749846339225769
test_17536,0.9511279463768005
test_17537,0.7317257523536682
test_17538,0.8695769309997559
test_17539,0.871587872505188
test_17540,0.9148198366165161
test_17541,0.9602590799331665
test_17542,0.4947398602962494
test_17543,0.6633409857749939
test_17544,0.7785798907279968
test_17545,0.6936056613922119
test_17546,0.8593869805335999
test_17547,0.46283528208732605
test_17548,0.29160675406455994
test_17549,0.07004683464765549
test_17550,0.6361980438232422
test_17551,0.2721538841724396
test_17552,0.005669415928423405
test_17553,0.9201565384864807
test_17554,0.9128971099853516
test_17555,0.8276667594909668
test_17556,0.004352224990725517
test_17557,0.8350767493247986
test_17558,0.3288935720920563
test_17559,0.9365216493606567
test_17560,0.381258487701416
test_17561,0.5351424813270569
test_17562,0.05629601702094078
test_17563,0.9744422435760498
test_17564,0.4805016815662384
test_17565,0.6998807191848755
test_17566,0.0037381378933787346
test_17567,0.5058733820915222
test_17568,0.11598342657089233
test_17569,0.14233900606632233
test_17570,0.5809123516082764
test_17571,0.07581862807273865
test_17572,0.9693688750267029
test_17573,0.48264119029045105
test_17574,0.29570332169532776
test_17575,0.49117931723594666
test_17576,0.6203973293304443
test_17577,0.9939795732498169
test_17578,0.2505819797515869
test_17579,0.6400966048240662
test_17580,0.4757596254348755
test_17581,0.42108237743377686
test_17582,0.8522656559944153
test_17583,0.6018213033676147
test_17584,0.9564598202705383
test_17585,0.6195819973945618
test_17586,0.1949876993894577
test_17587,0.6037724018096924
test_17588,0.9663717150688171
test_17589,0.07858361303806305
test_17590,0.5363530516624451
test_17591,0.3396196663379669
test_17592,0.42337676882743835
test_17593,0.016833189874887466
test_17594,0.2973284423351288
test_17595,0.954983115196228
test_17596,0.08749903738498688
test_17597,0.09078223258256912
test_17598,0.9978880286216736
test_17599,0.631058931350708
test_17600,0.9647207856178284
test_17601,0.517102062702179
test_17602,0.8058767318725586
test_17603,0.6093007326126099
test_17604,0.29972225427627563
test_17605,0.9860036969184875
test_17606,0.9902644157409668
test_17607,0.04056158289313316
test_17608,0.3717570900917053
test_17609,0.9598461389541626
test_17610,0.8382120132446289
test_17611,0.9942355751991272
test_17612,0.4868355691432953
test_17613,0.6261879205703735
test_17614,0.9953367114067078
test_17615,3.534328740784076e-08
test_17616,0.4550199806690216
test_17617,0.0006726126885041595
test_17618,0.010523583739995956
test_17619,0.1695820540189743
test_17620,0.5467889308929443
test_17621,0.6993328332901001
test_17622,0.6334611773490906
test_17623,0.7663400769233704
test_17624,0.49226492643356323
test_17625,0.9769240021705627
test_17626,0.9977905750274658
test_17627,0.8593079447746277
test_17628,0.7422050833702087
test_17629,0.9859921336174011
test_17630,0.5978262424468994
test_17631,0.5026944279670715
test_17632,0.3856236934661865
test_17633,0.9764503836631775
test_17634,0.9549890756607056
test_17635,0.6751075387001038
test_17636,0.2185632586479187
test_17637,0.6038317680358887
test_17638,0.6520293354988098
test_17639,0.5565615892410278
test_17640,0.7644311785697937
test_17641,0.2754080295562744
test_17642,0.5571697354316711
test_17643,0.3363577723503113
test_17644,0.662388801574707
test_17645,0.31786009669303894
test_17646,0.666178286075592
test_17647,0.8092480897903442
test_17648,0.6591225862503052
test_17649,0.8623185157775879
test_17650,0.623115599155426
test_17651,0.4977123439311981
test_17652,0.7147822976112366
test_17653,0.209295853972435
test_17654,0.5085127353668213
test_17655,0.4556388258934021
test_17656,0.895455002784729
test_17657,0.549699068069458
test_17658,0.17824317514896393
test_17659,0.46991726756095886
test_17660,0.4532944858074188
test_17661,0.7505992650985718
test_17662,0.6615984439849854
test_17663,0.6343680620193481
test_17664,0.5377758741378784
test_17665,0.8154881000518799
test_17666,0.07444188743829727
test_17667,0.8234055638313293
test_17668,0.5285146832466125
test_17669,0.5678306221961975
test_17670,7.4606005000532605e-06
test_17671,0.3874173164367676
test_17672,0.6143696308135986
test_17673,0.2898837924003601
test_17674,0.1835358440876007
test_17675,0.9603337049484253
test_17676,0.99744713306427
test_17677,0.9543336629867554
test_17678,0.003897750750184059
test_17679,0.5080223083496094
test_17680,0.2625901997089386
test_17681,0.2392139434814453
test_17682,0.46167078614234924
test_17683,0.4991043210029602
test_17684,0.9401538372039795
test_17685,0.7442334294319153
test_17686,0.6357823014259338
test_17687,0.41041049361228943
test_17688,0.39206886291503906
test_17689,0.6203917860984802
test_17690,0.9004995226860046
test_17691,0.2075825333595276
test_17692,0.7255169749259949
test_17693,0.694111704826355
test_17694,0.8980421423912048
test_17695,0.7242024540901184
test_17696,0.99918133020401
test_17697,0.9715967774391174
test_17698,0.06798116117715836
test_17699,0.46973544359207153
test_17700,0.2922267019748688
test_17701,0.99454665184021
test_17702,0.3763253390789032
test_17703,0.5658774971961975
test_17704,0.1347542107105255
test_17705,0.14032906293869019
test_17706,0.8214603066444397
test_17707,0.240803062915802
test_17708,0.9784358739852905
test_17709,0.5012502074241638
test_17710,0.15425601601600647
test_17711,0.37813422083854675
test_17712,0.35978391766548157
test_17713,0.004026113077998161
test_17714,0.2605937719345093
test_17715,0.5446087718009949
test_17716,0.7489482164382935
test_17717,0.6911540031433105
test_17718,0.8445984721183777
test_17719,0.6476074457168579
test_17720,0.9210023283958435
test_17721,0.559614360332489
test_17722,0.1542080044746399
test_17723,0.5345999002456665
test_17724,0.8127446174621582
test_17725,0.6973134875297546
test_17726,0.6891022324562073
test_17727,0.9797883629798889
test_17728,0.8788403272628784
test_17729,0.7702087163925171
test_17730,0.9829209446907043
test_17731,0.7713579535484314
test_17732,0.7270798087120056
test_17733,0.464293509721756
test_17734,0.5647759437561035
test_17735,0.5240157246589661
test_17736,0.9692465662956238
test_17737,0.5944175720214844
test_17738,0.07009696215391159
test_17739,0.5942953824996948
test_17740,0.047114767134189606
test_17741,0.9789284467697144
test_17742,0.8552095890045166
test_17743,0.510607898235321
test_17744,0.1450219303369522
test_17745,0.8801060914993286
test_17746,0.053251709789037704
test_17747,0.30084654688835144
test_17748,0.6027600765228271
test_17749,0.9557328820228577
test_17750,0.9575721621513367
test_17751,0.4854356646537781
test_17752,0.16722923517227173
test_17753,0.5602879524230957
test_17754,0.5697193741798401
test_17755,0.04203437268733978
test_17756,0.9181769490242004
test_17757,0.6430221796035767
test_17758,0.99928218126297
test_17759,0.1989104002714157
test_17760,0.5507371425628662
test_17761,0.019568094983696938
test_17762,0.30350422859191895
test_17763,0.37882232666015625
test_17764,0.318676233291626
test_17765,0.9956606030464172
test_17766,0.5548453330993652
test_17767,0.28508061170578003
test_17768,0.27742090821266174
test_17769,0.703329861164093
test_17770,0.9928023219108582
test_17771,0.7484544515609741
test_17772,0.5097034573554993
test_17773,0.01889698952436447
test_17774,0.0012483514146879315
test_17775,0.2978571355342865
test_17776,0.7129000425338745
test_17777,0.0565798319876194
test_17778,0.5972294807434082
test_17779,0.42017245292663574
test_17780,0.55987548828125
test_17781,0.624480128288269
test_17782,0.8218369483947754
test_17783,0.9873585104942322
test_17784,0.8843153119087219
test_17785,0.695830225944519
test_17786,0.6107991337776184
test_17787,0.4404810667037964
test_17788,0.986012876033783
test_17789,0.606640100479126
test_17790,0.11439905315637589
test_17791,0.5744501352310181
test_17792,0.9999978542327881
test_17793,0.5880916118621826
test_17794,0.2845161557197571
test_17795,0.2183520793914795
test_17796,0.5485609769821167
test_17797,0.6805941462516785
test_17798,0.12521159648895264
test_17799,0.6361683011054993
test_17800,0.0007009244873188436
test_17801,0.7976108193397522
test_17802,0.5360342264175415
test_17803,0.20772694051265717
test_17804,0.8335669636726379
test_17805,0.5178351998329163
test_17806,0.9997743964195251
test_17807,0.2623344361782074
test_17808,0.44588759541511536
test_17809,0.7178590893745422
test_17810,0.09111443907022476
test_17811,0.54030442237854
test_17812,0.14884479343891144
test_17813,0.715918242931366
test_17814,0.5241807103157043
test_17815,0.5087035298347473
test_17816,0.646001935005188
test_17817,0.12267490476369858
test_17818,0.3836018443107605
test_17819,0.21659420430660248
test_17820,0.6269009709358215
test_17821,0.5711566209793091
test_17822,0.5972391366958618
test_17823,0.970817506313324
test_17824,0.5630236864089966
test_17825,0.40135014057159424
test_17826,0.2756895124912262
test_17827,0.507127583026886
test_17828,0.0023703917395323515
test_17829,0.5638444423675537
test_17830,0.7352665066719055
test_17831,0.09953319281339645
test_17832,0.948958694934845
test_17833,0.807402491569519
test_17834,0.49419358372688293
test_17835,0.9996053576469421
test_17836,0.8185949325561523
test_17837,0.9999951124191284
test_17838,0.07010181248188019
test_17839,0.8851063847541809
test_17840,0.36797013878822327
test_17841,0.9240537285804749
test_17842,0.08144325762987137
test_17843,0.05544815585017204
test_17844,0.4119468927383423
test_17845,0.9485892653465271
test_17846,0.03444967046380043
test_17847,0.5586655735969543
test_17848,0.4985326826572418
test_17849,0.027246426790952682
test_17850,0.9904856085777283
test_17851,0.44378364086151123
test_17852,0.5508190989494324
test_17853,0.5235651135444641
test_17854,0.03251948580145836
test_17855,0.889401376247406
test_17856,0.4188641905784607
test_17857,0.2155846655368805
test_17858,0.02431659959256649
test_17859,0.5006422996520996
test_17860,0.5515956878662109
test_17861,0.24074147641658783
test_17862,0.9668034911155701
test_17863,0.5163465738296509
test_17864,0.8475579023361206
test_17865,0.5047221183776855
test_17866,0.5427277684211731
test_17867,0.8607318997383118
test_17868,0.4904063642024994
test_17869,0.23980505764484406
test_17870,0.12254011631011963
test_17871,0.47655636072158813
test_17872,0.464961975812912
test_17873,0.9051623344421387
test_17874,0.6475366353988647
test_17875,0.4632076025009155
test_17876,0.3833385705947876
test_17877,0.0510643906891346
test_17878,0.18740898370742798
test_17879,0.6874039173126221
test_17880,0.051156267523765564
test_17881,0.5894312262535095
test_17882,0.42608898878097534
test_17883,0.713661253452301
test_17884,0.5728245973587036
test_17885,0.8958015441894531
test_17886,0.17212003469467163
test_17887,0.9458656311035156
test_17888,0.3909457325935364
test_17889,0.9999998807907104
test_17890,0.4575761556625366
test_17891,0.31284525990486145
test_17892,0.49055832624435425
test_17893,0.9842759370803833
test_17894,0.5288636088371277
test_17895,0.454852432012558
test_17896,0.2418302297592163
test_17897,0.5424654483795166
test_17898,0.15861113369464874
test_17899,0.6631296277046204
test_17900,0.921166181564331
test_17901,0.21771970391273499
test_17902,0.4474670886993408
test_17903,0.9137365818023682
test_17904,0.11195719987154007
test_17905,0.4690228998661041
test_17906,0.9999488592147827
test_17907,0.7234815359115601
test_17908,0.14390422403812408
test_17909,0.5917474031448364
test_17910,0.1820361465215683
test_17911,0.907941460609436
test_17912,0.43539872765541077
test_17913,0.6019034385681152
test_17914,0.528907835483551
test_17915,0.4271538555622101
test_17916,0.30409863591194153
test_17917,0.5305219888687134
test_17918,0.34735989570617676
test_17919,0.38504815101623535
test_17920,0.6741100549697876
test_17921,0.3588391840457916
test_17922,0.4627489149570465
test_17923,0.41148051619529724
test_17924,0.7790873050689697
test_17925,0.6861686110496521
test_17926,0.979726254940033
test_17927,0.6636839509010315
test_17928,0.9005702137947083
test_17929,0.6390909552574158
test_17930,0.9966243505477905
test_17931,0.7341917753219604
test_17932,0.3406660854816437
test_17933,0.814937949180603
test_17934,0.8827927112579346
test_17935,0.7630957961082458
test_17936,0.8816606402397156
test_17937,0.30885204672813416
test_17938,0.006917130667716265
test_17939,0.5780668258666992
test_17940,0.9829711318016052
test_17941,0.6449299454689026
test_17942,0.9301835298538208
test_17943,0.5982633829116821
test_17944,0.5028897523880005
test_17945,0.9493352174758911
test_17946,0.7336261868476868
test_17947,0.5129231214523315
test_17948,0.013428437523543835
test_17949,0.07002945989370346
test_17950,0.9974777102470398
test_17951,0.46768346428871155
test_17952,0.9760513305664062
test_17953,0.19487477838993073
test_17954,0.46859511733055115
test_17955,0.005960746668279171
test_17956,0.6711498498916626
test_17957,0.6538227796554565
test_17958,0.1999620497226715
test_17959,0.0021156228613108397
test_17960,0.09162892401218414
test_17961,0.8694676160812378
test_17962,0.3452036678791046
test_17963,0.8060519695281982
test_17964,0.9126480221748352
test_17965,0.41807442903518677
test_17966,0.8969409465789795
test_17967,0.23018580675125122
test_17968,0.4551009237766266
test_17969,0.9314019083976746
test_17970,0.949903666973114
test_17971,0.6953303217887878
test_17972,0.06617812812328339
test_17973,0.29836976528167725
test_17974,0.05951489135622978
test_17975,0.4260086119174957
test_17976,0.045995816588401794
test_17977,0.30236318707466125
test_17978,0.41122856736183167
test_17979,0.5784034132957458
test_17980,0.47043880820274353
test_17981,0.7461905479431152
test_17982,0.9443007707595825
test_17983,0.8948360085487366
test_17984,0.0069625722244381905
test_17985,0.5082070827484131
test_17986,0.06999088078737259
test_17987,0.521264910697937
test_17988,0.13260675966739655
test_17989,0.9944732785224915
test_17990,0.3033093810081482
test_17991,0.7637580037117004
test_17992,0.8055047392845154
test_17993,0.20740191638469696
test_17994,0.3962741196155548
test_17995,0.535487174987793
test_17996,0.870398223400116
test_17997,0.23342932760715485
test_17998,0.585969090461731
test_17999,0.9122856259346008
test_18000,0.5701647996902466
test_18001,0.7338069677352905
test_18002,0.7224618196487427
test_18003,0.9260772466659546
test_18004,0.5398574471473694
test_18005,0.5309284329414368
test_18006,0.5251984596252441
test_18007,0.6051487922668457
test_18008,0.574026346206665
test_18009,0.09439294040203094
test_18010,0.2951084077358246
test_18011,0.3289039134979248
test_18012,0.47592902183532715
test_18013,0.17491237819194794
test_18014,0.7728328108787537
test_18015,0.5457214713096619
test_18016,0.912202000617981
test_18017,0.21519562602043152
test_18018,0.996154248714447
test_18019,0.7664663195610046
test_18020,0.8919476270675659
test_18021,0.6275915503501892
test_18022,0.6092097759246826
test_18023,0.5591769814491272
test_18024,0.964944064617157
test_18025,0.261837899684906
test_18026,0.5434804558753967
test_18027,0.7063379883766174
test_18028,0.4155413508415222
test_18029,0.699309766292572
test_18030,0.6389086842536926
test_18031,0.3924681544303894
test_18032,0.6729887127876282
test_18033,0.9362083077430725
test_18034,0.9094098210334778
test_18035,0.06836526095867157
test_18036,0.9880721569061279
test_18037,0.023787971585989
test_18038,0.6474900841712952
test_18039,0.3322884142398834
test_18040,0.9490034580230713
test_18041,0.9988956451416016
test_18042,0.4740227460861206
test_18043,0.19174571335315704
test_18044,0.060711972415447235
test_18045,0.09167874604463577
test_18046,0.3132135272026062
test_18047,0.5411904454231262
test_18048,0.12741504609584808
test_18049,0.9945693016052246
test_18050,0.8793047666549683
test_18051,0.04536840692162514
test_18052,0.579810619354248
test_18053,0.19397620856761932
test_18054,0.18951065838336945
test_18055,0.20018266141414642
test_18056,0.9275494813919067
test_18057,0.5594885945320129
test_18058,0.3304065465927124
test_18059,0.14446958899497986
test_18060,0.5110766887664795
test_18061,0.6225102543830872
test_18062,0.996837854385376
test_18063,0.4747220277786255
test_18064,0.45518311858177185
test_18065,0.4300324320793152
test_18066,0.19710420072078705
test_18067,0.060394857078790665
test_18068,0.5790289640426636
test_18069,0.5243995189666748
test_18070,0.9958317875862122
test_18071,0.1117740198969841
test_18072,0.5694734454154968
test_18073,0.7153346538543701
test_18074,0.7300724387168884
test_18075,0.9881529211997986
test_18076,0.037979066371917725
test_18077,0.040112823247909546
test_18078,0.48689308762550354
test_18079,0.8433483242988586
test_18080,0.9537280797958374
test_18081,0.4402998089790344
test_18082,0.11882228404283524
test_18083,0.632631242275238
test_18084,0.2840288281440735
test_18085,0.9900268316268921
test_18086,0.8099859952926636
test_18087,0.42127373814582825
test_18088,0.825181245803833
test_18089,0.5801955461502075
test_18090,0.8359593749046326
test_18091,0.6032090783119202
test_18092,0.588229238986969
test_18093,0.5663186311721802
test_18094,0.7680225372314453
test_18095,0.0013222326524555683
test_18096,0.46732577681541443
test_18097,0.6387956738471985
test_18098,0.028577258810400963
test_18099,0.9101950526237488
test_18100,0.535701334476471
test_18101,0.14794975519180298
test_18102,0.8995847702026367
test_18103,0.9712350964546204
test_18104,0.4295268654823303
test_18105,0.8728010654449463
test_18106,0.5734174847602844
test_18107,0.9570263624191284
test_18108,0.3105354607105255
test_18109,0.12477029114961624
test_18110,0.7784799933433533
test_18111,0.8103040456771851
test_18112,0.8293831944465637
test_18113,0.5331908464431763
test_18114,0.1624818593263626
test_18115,0.2475852519273758
test_18116,0.3090970516204834
test_18117,0.65904301404953
test_18118,0.789190948009491
test_18119,0.9546495676040649
test_18120,0.6723564863204956
test_18121,0.6031643748283386
test_18122,0.7864158749580383
test_18123,0.3268989026546478
test_18124,0.850300669670105
test_18125,0.9968846440315247
test_18126,0.48477473855018616
test_18127,0.9421532154083252
test_18128,0.7044529914855957
test_18129,0.9198945164680481
test_18130,0.3173079788684845
test_18131,0.12204423546791077
test_18132,0.13423341512680054
test_18133,0.8724310994148254
test_18134,0.6477307677268982
test_18135,0.5512459874153137
test_18136,0.8584261536598206
test_18137,0.5178844332695007
test_18138,0.5996896624565125
test_18139,0.0020924590062350035
test_18140,0.0002329805283807218
test_18141,0.10664066672325134
test_18142,0.8347358107566833
test_18143,0.6586452126502991
test_18144,0.01790078915655613
test_18145,0.9845294952392578
test_18146,0.4095591902732849
test_18147,0.5014976859092712
test_18148,0.9339597821235657
test_18149,0.6505321860313416
test_18150,0.8992478251457214
test_18151,0.665249764919281
test_18152,0.020329462364315987
test_18153,0.48380669951438904
test_18154,0.6923112273216248
test_18155,0.8977856040000916
test_18156,0.4728749096393585
test_18157,0.0002091577189275995
test_18158,0.5546789169311523
test_18159,0.4728899598121643
test_18160,0.9138569235801697
test_18161,0.179769366979599
test_18162,0.5013512969017029
test_18163,0.6700164079666138
test_18164,0.5542877316474915
test_18165,0.6478478908538818
test_18166,0.9942571520805359
test_18167,0.6960474252700806
test_18168,0.9839710593223572
test_18169,0.42963293194770813
test_18170,0.48982271552085876
test_18171,0.29352301359176636
test_18172,0.020454443991184235
test_18173,0.9559677839279175
test_18174,0.12422694265842438
test_18175,0.858898401260376
test_18176,0.577354371547699
test_18177,0.8857811689376831
test_18178,0.7290263175964355
test_18179,0.892741322517395
test_18180,0.40815749764442444
test_18181,0.4978046715259552
test_18182,0.6203973889350891
test_18183,0.1782059520483017
test_18184,0.26741302013397217
test_18185,0.11787198483943939
test_18186,0.021602755412459373
test_18187,0.10526848584413528
test_18188,0.3977165222167969
test_18189,0.0026601168792694807
test_18190,0.9086272716522217
test_18191,0.2780715525150299
test_18192,0.9778897166252136
test_18193,0.632637619972229
test_18194,0.5657665133476257
test_18195,0.2678486704826355
test_18196,0.2281791865825653
test_18197,0.3656282424926758
test_18198,0.4713764488697052
test_18199,0.9847362637519836
test_18200,0.6740777492523193
test_18201,0.6959862112998962
test_18202,0.15947769582271576
test_18203,0.9994133710861206
test_18204,0.8401702642440796
test_18205,0.49077218770980835
test_18206,0.9302495121955872
test_18207,0.6962466835975647
test_18208,0.4140295386314392
test_18209,0.9710044860839844
test_18210,0.6836974024772644
test_18211,0.4261508882045746
test_18212,0.8598227500915527
test_18213,0.4981118440628052
test_18214,0.19813041388988495
test_18215,0.9576515555381775
test_18216,0.4242866039276123
test_18217,0.45812201499938965
test_18218,0.9372281432151794
test_18219,0.3372589945793152
test_18220,0.9998773336410522
test_18221,0.6933364272117615
test_18222,0.007570112589746714
test_18223,0.34515902400016785
test_18224,0.9661118388175964
test_18225,0.38242170214653015
test_18226,0.553264319896698
test_18227,0.743303120136261
test_18228,0.3302792012691498
test_18229,0.6505836844444275
test_18230,0.7124847769737244
test_18231,0.34628942608833313
test_18232,0.6595966815948486
test_18233,0.543544590473175
test_18234,0.2426052987575531
test_18235,0.4311828911304474
test_18236,0.024286814033985138
test_18237,0.34677013754844666
test_18238,0.4525517225265503
test_18239,0.596055269241333
test_18240,0.5319386124610901
test_18241,0.5377821922302246
test_18242,0.004105213098227978
test_18243,0.3638070225715637
test_18244,0.6314449310302734
test_18245,0.6641850471496582
test_18246,0.16636808216571808
test_18247,0.6256898641586304
test_18248,0.2848120927810669
test_18249,0.639604389667511
test_18250,0.9984657764434814
test_18251,0.9153479337692261
test_18252,0.49575647711753845
test_18253,0.9795036315917969
test_18254,0.015502367168664932
test_18255,0.15197062492370605
test_18256,0.9983204007148743
test_18257,0.9181603789329529
test_18258,0.8360086679458618
test_18259,0.6328778266906738
test_18260,0.8858296275138855
test_18261,0.8325551748275757
test_18262,0.4970521628856659
test_18263,0.9437808990478516
test_18264,0.9012788534164429
test_18265,0.7244337201118469
test_18266,0.7766458988189697
test_18267,0.06950332224369049
test_18268,0.7520832419395447
test_18269,0.0033580127637833357
test_18270,0.7696906924247742
test_18271,0.9880421161651611
test_18272,0.2320004403591156
test_18273,0.6250507831573486
test_18274,0.003114127553999424
test_18275,0.6127107739448547
test_18276,0.4345228672027588
test_18277,0.7822273373603821
test_18278,0.05059492960572243
test_18279,0.037053536623716354
test_18280,0.17349429428577423
test_18281,0.5289426445960999
test_18282,0.5345801115036011
test_18283,0.4465996325016022
test_18284,0.9367895126342773
test_18285,0.9236924648284912
test_18286,0.69998699426651
test_18287,0.8013026118278503
test_18288,0.2086963653564453
test_18289,0.9727529287338257
test_18290,0.9044020175933838
test_18291,0.8345213532447815
test_18292,0.19593998789787292
test_18293,0.545652449131012
test_18294,0.9536499381065369
test_18295,0.0010980707593262196
test_18296,0.2196960300207138
test_18297,0.5178708434104919
test_18298,0.40814483165740967
test_18299,0.7406849265098572
test_18300,0.5378080010414124
test_18301,0.6921758651733398
test_18302,0.6555870771408081
test_18303,0.5375481247901917
test_18304,0.9513774514198303
test_18305,0.46742358803749084
test_18306,0.19357424974441528
test_18307,0.1679852306842804
test_18308,0.003240630030632019
test_18309,0.6068677306175232
test_18310,0.9682336449623108
test_18311,0.08041561394929886
test_18312,0.23107308149337769
test_18313,0.3962900638580322
test_18314,0.21013450622558594
test_18315,0.6585916876792908
test_18316,0.5652248859405518
test_18317,0.5143125653266907
test_18318,0.5073742270469666
test_18319,0.682774543762207
test_18320,0.8322213292121887
test_18321,0.17996935546398163
test_18322,0.9518820643424988
test_18323,0.5679717659950256
test_18324,0.6268441081047058
test_18325,0.7138879299163818
test_18326,0.20496565103530884
test_18327,0.8614370822906494
test_18328,0.5644190907478333
test_18329,0.9424214363098145
test_18330,0.6728741526603699
test_18331,0.8183950185775757
test_18332,0.7763516902923584
test_18333,0.008609872311353683
test_18334,0.6638855934143066
test_18335,0.814465343952179
test_18336,0.23653677105903625
test_18337,0.8243914246559143
test_18338,0.6257378458976746
test_18339,0.19645334780216217
test_18340,0.7729535698890686
test_18341,0.5296728610992432
test_18342,0.36311841011047363
test_18343,0.8293883800506592
test_18344,0.423149973154068
test_18345,0.672933042049408
test_18346,0.9355636239051819
test_18347,0.3591206967830658
test_18348,0.6144929528236389
test_18349,0.986149787902832
test_18350,0.8075311779975891
test_18351,0.32864683866500854
test_18352,0.6132397055625916
test_18353,0.0012509110383689404
test_18354,0.6138346791267395
test_18355,0.9931343793869019
test_18356,0.6771904230117798
test_18357,0.06651806086301804
test_18358,0.5666518807411194
test_18359,0.01218699011951685
test_18360,0.2062709927558899
test_18361,0.8727575540542603
test_18362,0.5011498332023621
test_18363,0.7650836110115051
test_18364,0.5746856331825256
test_18365,0.8015612959861755
test_18366,0.4575446844100952
test_18367,0.5801424980163574
test_18368,0.876797616481781
test_18369,0.9820852875709534
test_18370,0.5107564926147461
test_18371,0.5162897109985352
test_18372,0.5704882144927979
test_18373,0.3190120756626129
test_18374,0.79068922996521
test_18375,0.03772831708192825
test_18376,0.3509828448295593
test_18377,0.649986743927002
test_18378,0.6841808557510376
test_18379,0.5270043015480042
test_18380,0.401974081993103
test_18381,0.6419157385826111
test_18382,0.19733203947544098
test_18383,0.974785566329956
test_18384,0.06865854561328888
test_18385,0.8325598239898682
test_18386,0.7500625252723694
test_18387,0.3781639337539673
test_18388,0.6005914211273193
test_18389,0.6311313509941101
test_18390,0.9997499585151672
test_18391,0.8413691520690918
test_18392,0.1258307695388794
test_18393,0.0710441917181015
test_18394,0.0047028809785842896
test_18395,0.20319142937660217
test_18396,0.6043523550033569
test_18397,0.6676262021064758
test_18398,0.3856300115585327
test_18399,0.9446410536766052
test_18400,0.15869735181331635
test_18401,0.6079147458076477
test_18402,0.9429464340209961
test_18403,0.049800314009189606
test_18404,0.6465048789978027
test_18405,0.6083798408508301
test_18406,0.6594074368476868
test_18407,0.15264762938022614
test_18408,0.8596926331520081
test_18409,0.4077567458152771
test_18410,0.466228723526001
test_18411,0.5232188105583191
test_18412,0.758996844291687
test_18413,0.7367765307426453
test_18414,0.005842167884111404
test_18415,0.0009852523216977715
test_18416,0.9886887669563293
test_18417,0.0003453009412623942
test_18418,0.9990841150283813
test_18419,0.9926759600639343
test_18420,0.5170760154724121
test_18421,0.4920300841331482
test_18422,0.49790242314338684
test_18423,0.8715510368347168
test_18424,0.9984694123268127
test_18425,0.54039466381073
test_18426,0.9034997224807739
test_18427,0.8255940079689026
test_18428,0.2656540274620056
test_18429,0.627585232257843
test_18430,0.5371983051300049
test_18431,0.7002446055412292
test_18432,0.10300865769386292
test_18433,0.3559544086456299
test_18434,0.5886369943618774
test_18435,0.6858856678009033
test_18436,0.8028401136398315
test_18437,0.29406413435935974
test_18438,0.10729722678661346
test_18439,0.6844286322593689
test_18440,0.7503167390823364
test_18441,0.2333604246377945
test_18442,0.29555273056030273
test_18443,0.6684201955795288
test_18444,0.7428072690963745
test_18445,0.03544123098254204
test_18446,0.9914516806602478
test_18447,0.8288171291351318
test_18448,0.2964318096637726
test_18449,0.9425795078277588
test_18450,0.41621336340904236
test_18451,0.014628970995545387
test_18452,0.4233124256134033
test_18453,0.9176434278488159
test_18454,0.03478921577334404
test_18455,0.5138015151023865
test_18456,0.6101970672607422
test_18457,0.9918837547302246
test_18458,0.9418083429336548
test_18459,0.44079530239105225
test_18460,0.6369377970695496
test_18461,0.17158323526382446
test_18462,0.4764343500137329
test_18463,0.5922864675521851
test_18464,0.01346068736165762
test_18465,0.7020645141601562
test_18466,0.8589059710502625
test_18467,0.40943825244903564
test_18468,0.7100452184677124
test_18469,0.9669474959373474
test_18470,0.5753118991851807
test_18471,0.7826089262962341
test_18472,0.7683628797531128
test_18473,0.8636692762374878
test_18474,0.5739478468894958
test_18475,0.9669040441513062
test_18476,0.9917114973068237
test_18477,0.662322998046875
test_18478,0.8960571885108948
test_18479,0.6033061146736145
test_18480,0.6615045666694641
test_18481,0.15052802860736847
test_18482,0.5211930871009827
test_18483,0.6761151552200317
test_18484,0.6398310661315918
test_18485,0.14841634035110474
test_18486,0.9615113735198975
test_18487,0.25715669989585876
test_18488,0.7550497055053711
test_18489,0.5352354049682617
test_18490,0.6628211140632629
test_18491,0.04065723717212677
test_18492,0.012601408176124096
test_18493,0.9999129772186279
test_18494,0.0036667000968009233
test_18495,0.7839756608009338
test_18496,0.6529011130332947
test_18497,0.9967837333679199
test_18498,0.41202864050865173
test_18499,0.2867612838745117
test_18500,0.16436755657196045
test_18501,0.6361182928085327
test_18502,0.9393648505210876
test_18503,0.7750213146209717
test_18504,0.6157286167144775
test_18505,0.6205520629882812
test_18506,0.8169487714767456
test_18507,0.939108669757843
test_18508,0.016467278823256493
test_18509,0.9827626943588257
test_18510,0.49787911772727966
test_18511,0.13236649334430695
test_18512,0.8904610872268677
test_18513,0.10665649175643921
test_18514,0.7307092547416687
test_18515,0.9227738976478577
test_18516,0.696250319480896
test_18517,0.8137351870536804
test_18518,0.501052975654602
test_18519,0.8902382254600525
test_18520,0.3965192139148712
test_18521,0.9151569604873657
test_18522,0.05722929537296295
test_18523,0.001226196764037013
test_18524,0.6354667544364929
test_18525,0.6089051961898804
test_18526,0.4914360046386719
test_18527,0.7440350651741028
test_18528,0.9942544102668762
test_18529,0.9889289736747742
test_18530,0.5411688089370728
test_18531,0.9544519782066345
test_18532,0.011188128031790257
test_18533,0.5647827386856079
test_18534,4.3548294343054295e-05
test_18535,0.3193255364894867
test_18536,0.5868276357650757
test_18537,0.5614352822303772
test_18538,0.9784771800041199
test_18539,0.9400627017021179
test_18540,0.6844527721405029
test_18541,0.5290659070014954
test_18542,0.4771532416343689
test_18543,0.5309789776802063
test_18544,0.4597456753253937
test_18545,0.8683356046676636
test_18546,0.27886849641799927
test_18547,0.8758511543273926
test_18548,0.9093685746192932
test_18549,0.955412745475769
test_18550,0.43961119651794434
test_18551,0.7051162123680115
test_18552,0.7432684302330017
test_18553,0.2768063545227051
test_18554,0.44923147559165955
test_18555,0.8649134039878845
test_18556,0.5501649975776672
test_18557,0.4822636544704437
test_18558,0.14897018671035767
test_18559,0.4555354118347168
test_18560,0.009885902516543865
test_18561,0.2712768018245697
test_18562,0.6935244202613831
test_18563,0.8907967209815979
test_18564,0.4748316705226898
test_18565,0.2738875150680542
test_18566,0.320979505777359
test_18567,0.46742644906044006
test_18568,0.5211677551269531
test_18569,0.6258063912391663
test_18570,0.3113195300102234
test_18571,0.7143931984901428
test_18572,0.053447965532541275
test_18573,0.26471543312072754
test_18574,0.8231128454208374
test_18575,0.275580495595932
test_18576,0.5872418880462646
test_18577,0.002510258462280035
test_18578,0.9516803026199341
test_18579,0.9663442969322205
test_18580,0.41232457756996155
test_18581,5.251958646113053e-05
test_18582,0.8994351625442505
test_18583,0.328487366437912
test_18584,0.8973469138145447
test_18585,0.5807755589485168
test_18586,0.550618588924408
test_18587,0.5258554220199585
test_18588,0.9995985627174377
test_18589,0.3544526696205139
test_18590,0.9697743058204651
test_18591,0.5193360447883606
test_18592,0.08730179816484451
test_18593,0.042455945163965225
test_18594,0.8574347496032715
test_18595,0.6618039011955261
test_18596,0.5221441984176636
test_18597,0.6169222593307495
test_18598,0.8085031509399414
test_18599,0.9989136457443237
test_18600,0.37767431139945984
test_18601,0.2503405213356018
test_18602,0.3755289316177368
test_18603,0.5093828439712524
test_18604,0.12774558365345
test_18605,0.813023567199707
test_18606,0.38972005248069763
test_18607,0.019838908687233925
test_18608,0.758804440498352
test_18609,0.6205653548240662
test_18610,0.3288419842720032
test_18611,0.5347139835357666
test_18612,0.8522067666053772
test_18613,0.5861887335777283
test_18614,0.2825522720813751
test_18615,0.3733414113521576
test_18616,0.12701506912708282
test_18617,0.9367165565490723
test_18618,0.5032364130020142
test_18619,0.9960519671440125
test_18620,0.9093970060348511
test_18621,0.9858770370483398
test_18622,0.5684508681297302
test_18623,0.562112033367157
test_18624,0.6521965265274048
test_18625,0.6790793538093567
test_18626,0.03497292101383209
test_18627,0.6499748229980469
test_18628,0.23654340207576752
test_18629,0.908669114112854
test_18630,0.5160127878189087
test_18631,0.43298500776290894
test_18632,0.8876455426216125
test_18633,0.8949065804481506
test_18634,0.2777003347873688
test_18635,0.8766169548034668
test_18636,0.8889562487602234
test_18637,0.6618108749389648
test_18638,0.8479388356208801
test_18639,0.9225713014602661
test_18640,0.9406253695487976
test_18641,0.4422815442085266
test_18642,0.5365029573440552
test_18643,0.004851441830396652
test_18644,0.9166240692138672
test_18645,0.08635123819112778
test_18646,0.7149430513381958
test_18647,0.3159419894218445
test_18648,0.09906970709562302
test_18649,0.6945937871932983
test_18650,0.9151945114135742
test_18651,0.4376823306083679
test_18652,0.8741565346717834
test_18653,0.6177711486816406
test_18654,0.5685902237892151
test_18655,0.8466309905052185
test_18656,0.13359791040420532
test_18657,0.9590651392936707
test_18658,0.2721458971500397
test_18659,0.9493768215179443
test_18660,0.5510603189468384
test_18661,0.09753268957138062
test_18662,1.6305765484503354e-06
test_18663,0.6294192671775818
test_18664,0.782515287399292
test_18665,0.455739825963974
test_18666,0.6089675426483154
test_18667,0.7111385464668274
test_18668,0.7039027810096741
test_18669,0.03489842638373375
test_18670,0.6382020115852356
test_18671,0.377775102853775
test_18672,0.0038764604832977057
test_18673,0.7029120922088623
test_18674,0.11792127043008804
test_18675,0.48880234360694885
test_18676,0.8018863797187805
test_18677,0.6384268999099731
test_18678,0.010466241277754307
test_18679,0.9817529916763306
test_18680,0.7347835302352905
test_18681,0.621346116065979
test_18682,0.9998469352722168
test_18683,0.8720503449440002
test_18684,0.7904529571533203
test_18685,0.6246304512023926
test_18686,0.8398762941360474
test_18687,0.8091212511062622
test_18688,0.0979565754532814
test_18689,0.023926446214318275
test_18690,0.8082877993583679
test_18691,0.7264289259910583
test_18692,0.343252956867218
test_18693,0.3883529305458069
test_18694,0.8914542198181152
test_18695,0.4399632513523102
test_18696,0.7639760971069336
test_18697,0.9986667633056641
test_18698,0.3296882212162018
test_18699,0.21446780860424042
test_18700,0.6113144159317017
test_18701,0.3953937888145447
test_18702,0.8804733157157898
test_18703,0.013113493099808693
test_18704,0.9776644110679626
test_18705,0.5017080903053284
test_18706,0.8090010285377502
test_18707,0.9924524426460266
test_18708,0.5770971775054932
test_18709,0.7808487415313721
test_18710,0.5038076639175415
test_18711,0.5187425017356873
test_18712,0.22945402562618256
test_18713,0.6633840203285217
test_18714,0.6104651093482971
test_18715,0.3332533538341522
test_18716,0.8794934749603271
test_18717,0.8847262263298035
test_18718,0.5229086875915527
test_18719,0.9770190119743347
test_18720,0.4944764971733093
test_18721,0.5205491781234741
test_18722,0.22323262691497803
test_18723,0.4291188418865204
test_18724,0.5266575813293457
test_18725,0.5442359447479248
test_18726,0.7278209328651428
test_18727,0.46014201641082764
test_18728,0.2418593168258667
test_18729,0.5318127274513245
test_18730,0.9940714240074158
test_18731,0.9752880930900574
test_18732,0.01933104731142521
test_18733,0.010362268425524235
test_18734,0.03084936924278736
test_18735,0.6298989653587341
test_18736,0.8695837259292603
test_18737,0.04373987764120102
test_18738,0.06005287170410156
test_18739,0.6333091855049133
test_18740,0.4738432466983795
test_18741,0.5603508949279785
test_18742,0.003015528665855527
test_18743,0.8853768110275269
test_18744,0.198375403881073
test_18745,0.9797216653823853
test_18746,0.43374350666999817
test_18747,0.8368420004844666
test_18748,0.3479980528354645
test_18749,0.9947994947433472
test_18750,0.9889212846755981
test_18751,0.8241856694221497
test_18752,0.9250990748405457
test_18753,0.9899217486381531
test_18754,0.5627883672714233
test_18755,0.6379641890525818
test_18756,0.5864456295967102
test_18757,0.16525328159332275
test_18758,0.0019808034412562847
test_18759,0.9396699070930481
test_18760,0.554858386516571
test_18761,0.9911432266235352
test_18762,0.6873936057090759
test_18763,0.5239852666854858
test_18764,0.5808234810829163
test_18765,0.2876057028770447
test_18766,0.9955936074256897
test_18767,0.33307576179504395
test_18768,0.6608509421348572
test_18769,0.44422781467437744
test_18770,0.611749529838562
test_18771,0.17420460283756256
test_18772,0.5387814044952393
test_18773,0.21999314427375793
test_18774,0.2535122334957123
test_18775,0.30704671144485474
test_18776,0.47047317028045654
test_18777,0.6409856677055359
test_18778,0.37199848890304565
test_18779,0.7334304451942444
test_18780,0.6521863341331482
test_18781,0.7571346759796143
test_18782,0.9999880790710449
test_18783,0.7284579277038574
test_18784,0.28399914503097534
test_18785,0.21547502279281616
test_18786,0.4860343039035797
test_18787,0.9349267482757568
test_18788,0.2663783133029938
test_18789,0.09609167277812958
test_18790,0.7350687980651855
test_18791,0.22624048590660095
test_18792,0.6017390489578247
test_18793,0.42991816997528076
test_18794,0.8229860663414001
test_18795,0.2702859044075012
test_18796,0.5518090128898621
test_18797,0.9590619802474976
test_18798,0.06809578835964203
test_18799,0.9865135550498962
test_18800,0.2847001254558563
test_18801,0.5205858945846558
test_18802,0.052035391330718994
test_18803,0.6046916842460632
test_18804,0.3936396539211273
test_18805,0.9693266153335571
test_18806,0.9094091057777405
test_18807,0.45817965269088745
test_18808,0.5438109636306763
test_18809,0.20200005173683167
test_18810,0.17240510880947113
test_18811,0.4298771917819977
test_18812,0.9659497737884521
test_18813,0.10094929486513138
test_18814,0.6236513257026672
test_18815,0.09100783616304398
test_18816,0.8294038772583008
test_18817,0.4915148913860321
test_18818,0.42300155758857727
test_18819,0.8207815885543823
test_18820,0.7691567540168762
test_18821,0.9990707039833069
test_18822,0.14323775470256805
test_18823,0.9873954057693481
test_18824,0.01565963588654995
test_18825,0.34020519256591797
test_18826,0.5036067962646484
test_18827,0.8890678882598877
test_18828,0.8363956212997437
test_18829,0.35806477069854736
test_18830,0.18789000809192657
test_18831,0.8103742599487305
test_18832,0.4763951003551483
test_18833,0.4789838492870331
test_18834,0.5979014039039612
test_18835,0.10093953460454941
test_18836,0.6631938815116882
test_18837,0.3553072512149811
test_18838,0.031130356714129448
test_18839,0.08558443188667297
test_18840,0.9742042422294617
test_18841,0.7968829870223999
test_18842,0.9957512617111206
test_18843,0.9116981029510498
test_18844,0.25736600160598755
test_18845,0.08307936042547226
test_18846,0.4850125312805176
test_18847,0.5212201476097107
test_18848,0.9594131708145142
test_18849,0.926213264465332
test_18850,0.42916393280029297
test_18851,0.648622453212738
test_18852,0.4292394518852234
test_18853,0.5244526863098145
test_18854,0.5450605154037476
test_18855,0.08225482702255249
test_18856,0.6437943577766418
test_18857,0.056576356291770935
test_18858,0.6609422564506531
test_18859,0.07215602695941925
test_18860,0.5338613390922546
test_18861,0.3313905894756317
test_18862,0.368344247341156
test_18863,0.06545820832252502
test_18864,0.7964200377464294
test_18865,0.28755828738212585
test_18866,0.47185543179512024
test_18867,0.7087343335151672
test_18868,0.8955081105232239
test_18869,0.6847051382064819
test_18870,0.3530118465423584
test_18871,0.7019240260124207
test_18872,0.47842881083488464
test_18873,0.61575847864151
test_18874,0.5479212403297424
test_18875,0.5384708642959595
test_18876,0.7290136814117432
test_18877,0.46487119793891907
test_18878,0.7418420314788818
test_18879,0.5008645057678223
test_18880,0.3488951027393341
test_18881,0.42706969380378723
test_18882,0.034410782158374786
test_18883,0.39385488629341125
test_18884,0.6463198661804199
test_18885,0.5705794095993042
test_18886,0.7837852835655212
test_18887,0.8367583751678467
test_18888,0.492598295211792
test_18889,0.800245463848114
test_18890,0.30046460032463074
test_18891,0.8043605089187622
test_18892,0.7757278680801392
test_18893,0.7066628932952881
test_18894,0.9648784399032593
test_18895,0.125075563788414
test_18896,0.3684662878513336
test_18897,0.6476219296455383
test_18898,0.9997590184211731
test_18899,0.584282398223877
test_18900,0.7559633851051331
test_18901,0.03710952028632164
test_18902,0.9920167922973633
test_18903,0.03254379704594612
test_18904,0.6127890944480896
test_18905,0.4708464443683624
test_18906,0.3021327555179596
test_18907,0.9110420942306519
test_18908,0.721721351146698
test_18909,0.8926799297332764
test_18910,0.5787737965583801
test_18911,0.572425901889801
test_18912,0.8829778432846069
test_18913,0.4798818826675415
test_18914,0.7018204927444458
test_18915,0.5863298773765564
test_18916,0.9108607172966003
test_18917,0.6184999346733093
test_18918,0.6827112436294556
test_18919,0.6563491225242615
test_18920,0.7711076736450195
test_18921,0.9180274605751038
test_18922,0.0021626902744174004
test_18923,0.8928585648536682
test_18924,0.7941365242004395
test_18925,0.8967524766921997
test_18926,0.28106629848480225
test_18927,0.5439262986183167
test_18928,0.020474033430218697
test_18929,0.6413548588752747
test_18930,0.6790409684181213
test_18931,0.6787756681442261
test_18932,0.9857963919639587
test_18933,0.27314549684524536
test_18934,0.22891546785831451
test_18935,0.6713104844093323
test_18936,0.1464850753545761
test_18937,0.7055919766426086
test_18938,0.06614097952842712
test_18939,0.5029460787773132
test_18940,0.0639752447605133
test_18941,0.8894144892692566
test_18942,0.376061350107193
test_18943,0.22839075326919556
test_18944,0.8197201490402222
test_18945,0.9917477369308472
test_18946,0.13880972564220428
test_18947,0.9527251720428467
test_18948,0.5169802308082581
test_18949,0.558562159538269
test_18950,0.4825698435306549
test_18951,0.04978537932038307
test_18952,0.7952800989151001
test_18953,0.5210157632827759
test_18954,0.7352909445762634
test_18955,0.19858865439891815
test_18956,0.9397416710853577
test_18957,0.9356258511543274
test_18958,0.5951998233795166
test_18959,0.0614611841738224
test_18960,0.502700686454773
test_18961,0.33031824231147766
test_18962,0.8314499855041504
test_18963,0.031235359609127045
test_18964,0.5668250322341919
test_18965,0.7246267199516296
test_18966,0.5318321585655212
test_18967,0.9998739957809448
test_18968,0.7779338955879211
test_18969,0.865041196346283
test_18970,0.04919374734163284
test_18971,0.04812793433666229
test_18972,0.5766359567642212
test_18973,0.33448731899261475
test_18974,0.9545090198516846
test_18975,0.5577346682548523
test_18976,0.07316674292087555
test_18977,0.8885167241096497
test_18978,0.38189440965652466
test_18979,0.2553412616252899
test_18980,0.758522629737854
test_18981,0.05649410933256149
test_18982,0.7457622289657593
test_18983,0.12489563226699829
test_18984,0.56917405128479
test_18985,0.9753448963165283
test_18986,0.5875201225280762
test_18987,0.39423108100891113
test_18988,0.27351388335227966
test_18989,0.7706559300422668
test_18990,0.7377766966819763
test_18991,0.9784312844276428
test_18992,0.4108092784881592
test_18993,0.37526702880859375
test_18994,0.41464391350746155
test_18995,0.18200084567070007
test_18996,0.5869501829147339
test_18997,0.4981597661972046
test_18998,0.9241815209388733
test_18999,0.06182360276579857
test_19000,0.5322996377944946
test_19001,0.5372911691665649
test_19002,0.8515652418136597
test_19003,0.015519858337938786
test_19004,0.7820809483528137
test_19005,0.991277813911438
test_19006,0.42247289419174194
test_19007,0.7893049120903015
test_19008,0.5517382621765137
test_19009,0.005282483994960785
test_19010,0.919283390045166
test_19011,0.8139241933822632
test_19012,0.27372270822525024
test_19013,0.525805652141571
test_19014,0.9999387264251709
test_19015,0.042769379913806915
test_19016,0.943824052810669
test_19017,0.10660847276449203
test_19018,0.5816688537597656
test_19019,0.5983322858810425
test_19020,0.5956320762634277
test_19021,0.8632930517196655
test_19022,0.9153233170509338
test_19023,0.011123890057206154
test_19024,0.5669069886207581
test_19025,0.9047298431396484
test_19026,0.43802356719970703
test_19027,0.7492251396179199
test_19028,0.6336200833320618
test_19029,0.9797841310501099
test_19030,0.008157283067703247
test_19031,0.5766708850860596
test_19032,0.3492218554019928
test_19033,0.9215101003646851
test_19034,0.47459688782691956
test_19035,0.08970566838979721
test_19036,0.889951229095459
test_19037,0.7765681743621826
test_19038,0.08767390996217728
test_19039,0.7989278435707092
test_19040,0.6148130893707275
test_19041,0.5488496422767639
test_19042,0.9764968752861023
test_19043,0.8378573656082153
test_19044,0.8641164898872375
test_19045,0.03348742797970772
test_19046,0.5434738397598267
test_19047,0.6570886373519897
test_19048,0.13360455632209778
test_19049,0.7237081527709961
test_19050,0.04318580776453018
test_19051,0.9874204993247986
test_19052,0.23292332887649536
test_19053,0.5173646807670593
test_19054,0.9813255071640015
test_19055,0.3601081967353821
test_19056,0.5072596669197083
test_19057,0.5773933529853821
test_19058,0.9821226596832275
test_19059,0.8068384528160095
test_19060,0.2795715928077698
test_19061,0.4337584972381592
test_19062,0.21061551570892334
test_19063,0.4698856770992279
test_19064,0.40497076511383057
test_19065,0.27802085876464844
test_19066,0.13364171981811523
test_19067,0.754331648349762
test_19068,0.9098549485206604
test_19069,0.07474970817565918
test_19070,0.6137234568595886
test_19071,0.707851767539978
test_19072,0.978367269039154
test_19073,0.9974950551986694
test_19074,0.440125048160553
test_19075,0.9343529939651489
test_19076,0.972367525100708
test_19077,0.7292754650115967
test_19078,0.22363872826099396
test_19079,0.30214759707450867
test_19080,0.7932894825935364
test_19081,0.9347972869873047
test_19082,0.7394502758979797
test_19083,0.5489551424980164
test_19084,0.8315956592559814
test_19085,0.5084964036941528
test_19086,0.0702403113245964
test_19087,0.7794800400733948
test_19088,0.663665235042572
test_19089,0.9504247903823853
test_19090,0.9285342693328857
test_19091,0.6872959733009338
test_19092,0.6695178747177124
test_19093,0.7433497905731201
test_19094,0.03234102949500084
test_19095,0.2699534296989441
test_19096,0.9319226145744324
test_19097,0.8342143297195435
test_19098,0.3745923638343811
test_19099,0.5369973182678223
test_19100,0.1547393947839737
test_19101,0.774322509765625
test_19102,0.7744993567466736
test_19103,0.48668959736824036
test_19104,0.334865540266037
test_19105,0.9370055794715881
test_19106,0.99852055311203
test_19107,0.4180618226528168
test_19108,0.542567789554596
test_19109,0.9707456231117249
test_19110,0.07297109067440033
test_19111,0.03819234296679497
test_19112,0.9411080479621887
test_19113,0.9702099561691284
test_19114,0.9534453749656677
test_19115,0.6116466522216797
test_19116,0.9762697815895081
test_19117,0.59110027551651
test_19118,0.94602370262146
test_19119,0.9191127419471741
test_19120,0.7192244529724121
test_19121,0.3528256118297577
test_19122,0.717534065246582
test_19123,0.5532252788543701
test_19124,0.008401655592024326
test_19125,0.011193784885108471
test_19126,0.2272348403930664
test_19127,0.00571976974606514
test_19128,0.659911036491394
test_19129,0.14435377717018127
test_19130,0.7248895764350891
test_19131,0.5721048712730408
test_19132,0.578356146812439
test_19133,0.0875784158706665
test_19134,0.8651460409164429
test_19135,0.2665883004665375
test_19136,0.3971020579338074
test_19137,0.450122207403183
test_19138,0.5938032865524292
test_19139,0.08711083978414536
test_19140,0.9842122197151184
test_19141,0.493219256401062
test_19142,0.8952156901359558
test_19143,0.80413419008255
test_19144,0.7736698985099792
test_19145,0.3694262206554413
test_19146,0.6638913750648499
test_19147,0.788665235042572
test_19148,0.5838132500648499
test_19149,0.6323556900024414
test_19150,0.01613989658653736
test_19151,0.31672945618629456
test_19152,0.32738929986953735
test_19153,0.3148449659347534
test_19154,0.6861253380775452
test_19155,0.9998669624328613
test_19156,0.5837841629981995
test_19157,0.03785374015569687
test_19158,0.00012204872473375872
test_19159,0.9458398222923279
test_19160,0.0035214817617088556
test_19161,0.5550874471664429
test_19162,0.8999552726745605
test_19163,0.09580516070127487
test_19164,0.9750688672065735
test_19165,0.43335312604904175
test_19166,0.995941162109375
test_19167,0.14495441317558289
test_19168,0.25894880294799805
test_19169,0.03195546939969063
test_19170,0.6217970848083496
test_19171,0.8872510194778442
test_19172,0.8427256941795349
test_19173,0.7148858308792114
test_19174,0.9863643050193787
test_19175,0.8282382488250732
test_19176,0.5519587397575378
test_19177,0.6815140843391418
test_19178,0.9849541187286377
test_19179,0.08133664727210999
test_19180,0.6674884557723999
test_19181,0.16897480189800262
test_19182,5.867982963536633e-06
test_19183,0.7190901637077332
test_19184,0.8417015671730042
test_19185,0.6494717001914978
test_19186,0.546705961227417
test_19187,0.4531923234462738
test_19188,0.9816221594810486
test_19189,0.7750579714775085
test_19190,0.18241238594055176
test_19191,0.8773396015167236
test_19192,0.687987208366394
test_19193,0.6572830080986023
test_19194,0.8410556316375732
test_19195,0.4634900391101837
test_19196,0.8423676490783691
test_19197,0.182840496301651
test_19198,0.1462002992630005
test_19199,0.25741273164749146
test_19200,0.8773319125175476
test_19201,0.4669892489910126
test_19202,0.8072249889373779
test_19203,0.6300039291381836
test_19204,0.018863443285226822
test_19205,0.5020772218704224
test_19206,0.158732071518898
test_19207,0.5961989760398865
test_19208,0.46841222047805786
test_19209,0.9157826900482178
test_19210,0.422830730676651
test_19211,0.1528528779745102
test_19212,0.9332885146141052
test_19213,0.5295423269271851
test_19214,0.5782609581947327
test_19215,0.18566207587718964
test_19216,0.804105818271637
test_19217,0.8666892647743225
test_19218,0.8478181958198547
test_19219,0.6341286897659302
test_19220,0.421800822019577
test_19221,0.873521089553833
test_19222,0.7640111446380615
test_19223,0.35253360867500305
test_19224,0.0005709754186682403
test_19225,0.21582774817943573
test_19226,0.6085427403450012
test_19227,0.7319080829620361
test_19228,0.9961040019989014
test_19229,0.00953863188624382
test_19230,0.5508912205696106
test_19231,0.6053926348686218
test_19232,0.19588495790958405
test_19233,0.1477144956588745
test_19234,0.7611967921257019
test_19235,0.4785529375076294
test_19236,0.993821382522583
test_19237,0.5331308245658875
test_19238,0.6599637866020203
test_19239,0.935643196105957
test_19240,0.7531057596206665
test_19241,0.19772693514823914
test_19242,0.5455372333526611
test_19243,0.483028769493103
test_19244,0.15799935162067413
test_19245,0.6153900027275085
test_19246,0.9596934914588928
test_19247,0.7450493574142456
test_19248,0.927218496799469
test_19249,0.8435583114624023
test_19250,0.8550493717193604
test_19251,0.48713454604148865
test_19252,0.321259468793869
test_19253,0.9273826479911804
test_19254,0.9931696653366089
test_19255,0.9878473281860352
test_19256,0.49756383895874023
test_19257,0.8204814195632935
test_19258,0.4276713728904724
test_19259,0.40149998664855957
test_19260,0.329249769449234
test_19261,0.6378698348999023
test_19262,0.4378969967365265
test_19263,0.4556237757205963
test_19264,0.6512649655342102
test_19265,0.5138283967971802
test_19266,0.17298223078250885
test_19267,0.4864446818828583
test_19268,0.9206207394599915
test_19269,0.5388763546943665
test_19270,0.591456949710846
test_19271,0.10836014896631241
test_19272,0.9174814224243164
test_19273,0.1219758614897728
test_19274,0.7385631203651428
test_19275,0.7257125973701477
test_19276,0.9720066785812378
test_19277,0.6289665699005127
test_19278,0.008514683693647385
test_19279,0.7779721617698669
test_19280,0.4968494772911072
test_19281,0.9198799729347229
test_19282,0.05651172623038292
test_19283,0.5085723996162415
test_19284,0.6317924857139587
test_19285,0.061731647700071335
test_19286,0.11012133210897446
test_19287,0.8323106169700623
test_19288,0.122072733938694
test_19289,0.6079908013343811
test_19290,0.925348162651062
test_19291,0.10466174781322479
test_19292,0.5203298926353455
test_19293,0.024107420817017555
test_19294,0.4992419183254242
test_19295,0.6963858008384705
test_19296,0.9482010006904602
test_19297,0.4372699558734894
test_19298,0.6701674461364746
test_19299,0.8532726764678955
test_19300,0.8593908548355103
test_19301,0.11351712048053741
test_19302,0.9980968832969666
test_19303,0.12513545155525208
test_19304,0.8749378323554993
test_19305,0.8598225116729736
test_19306,0.26328688859939575
test_19307,0.82450932264328
test_19308,0.9613334536552429
test_19309,0.6655697226524353
test_19310,0.1421811729669571
test_19311,0.00022418603475671262
test_19312,0.920081377029419
test_19313,0.07985956966876984
test_19314,0.9171618223190308
test_19315,0.9286524057388306
test_19316,0.004471879452466965
test_19317,0.7301436066627502
test_19318,0.9250531792640686
test_19319,0.5600306391716003
test_19320,0.7171280980110168
test_19321,0.6463893055915833
test_19322,0.9319360256195068
test_19323,0.8080216646194458
test_19324,0.9367473125457764
test_19325,0.5533250570297241
test_19326,0.5196134448051453
test_19327,0.7746798992156982
test_19328,0.0819031149148941
test_19329,0.43189355731010437
test_19330,0.5538517236709595
test_19331,0.4858158826828003
test_19332,0.12162355333566666
test_19333,0.021734293550252914
test_19334,0.9395555853843689
test_19335,0.08845791965723038
test_19336,0.5295754671096802
test_19337,0.05080031976103783
test_19338,0.43809768557548523
test_19339,0.016221512109041214
test_19340,0.8631651997566223
test_19341,0.2523157298564911
test_19342,0.9967918992042542
test_19343,0.622311532497406
test_19344,0.009117965586483479
test_19345,0.08860070258378983
test_19346,0.5641981959342957
test_19347,0.5289620161056519
test_19348,0.5273054838180542
test_19349,0.22935882210731506
test_19350,0.7579346299171448
test_19351,0.07234340906143188
test_19352,0.5769644975662231
test_19353,0.9105278849601746
test_19354,0.7737132906913757
test_19355,0.0018345392309129238
test_19356,0.6819472908973694
test_19357,0.5361202955245972
test_19358,0.3876442313194275
test_19359,0.624101459980011
test_19360,0.137216717004776
test_19361,0.7907007932662964
test_19362,0.8027899265289307
test_19363,0.8743566870689392
test_19364,0.6752040386199951
test_19365,0.8526298999786377
test_19366,0.47156599164009094
test_19367,0.6895540356636047
test_19368,0.4637615978717804
test_19369,0.6944432258605957
test_19370,0.0013351286761462688
test_19371,0.2081344872713089
test_19372,0.20597323775291443
test_19373,0.4454498291015625
test_19374,0.5897082686424255
test_19375,0.6994040012359619
test_19376,0.9437386393547058
test_19377,0.9971891045570374
test_19378,0.5188187956809998
test_19379,0.991672694683075
test_19380,0.9978455305099487
test_19381,0.5223619937896729
test_19382,0.0046575432643294334
test_19383,0.602224588394165
test_19384,0.9982859492301941
test_19385,0.5365949869155884
test_19386,0.7605268955230713
test_19387,0.9658944606781006
test_19388,0.8107827305793762
test_19389,0.6494178771972656
test_19390,0.9992215633392334
test_19391,0.17043930292129517
test_19392,0.5328421592712402
test_19393,0.5958001613616943
test_19394,0.770228922367096
test_19395,0.0026193747762590647
test_19396,0.6228587627410889
test_19397,0.17801839113235474
test_19398,0.4503699243068695
test_19399,0.6089617013931274
test_19400,0.7238835096359253
test_19401,0.4917595684528351
test_19402,0.08080794662237167
test_19403,0.32770174741744995
test_19404,0.8181880712509155
test_19405,0.6820924878120422
test_19406,0.45965102314949036
test_19407,0.5337235331535339
test_19408,0.15861757099628448
test_19409,0.941192626953125
test_19410,0.07651454210281372
test_19411,0.0020277865696698427
test_19412,0.5341500043869019
test_19413,0.45306289196014404
test_19414,0.9788907170295715
test_19415,0.18360565602779388
test_19416,0.10718558728694916
test_19417,0.585150420665741
test_19418,0.01686754636466503
test_19419,0.6523930430412292
test_19420,0.6896233558654785
test_19421,0.829372763633728
test_19422,0.47377339005470276
test_19423,0.5207441449165344
test_19424,0.5666361451148987
test_19425,0.002466161735355854
test_19426,0.6276788711547852
test_19427,0.7043007612228394
test_19428,0.7863250970840454
test_19429,0.4020736813545227
test_19430,0.5561793446540833
test_19431,0.6331809759140015
test_19432,0.5794920921325684
test_19433,0.9982494115829468
test_19434,0.5363315343856812
test_19435,0.9587697982788086
test_19436,0.9781922698020935
test_19437,0.711152970790863
test_19438,0.6729069352149963
test_19439,0.3298565149307251
test_19440,0.6063641309738159
test_19441,0.9870567321777344
test_19442,0.5369002819061279
test_19443,0.9384421706199646
test_19444,0.8637083768844604
test_19445,0.7872165441513062
test_19446,0.4637911915779114
test_19447,0.503919243812561
test_19448,0.9996237754821777
test_19449,0.9998559951782227
test_19450,0.24020111560821533
test_19451,0.3946537971496582
test_19452,0.8754590153694153
test_19453,0.7183829545974731
test_19454,0.45820990204811096
test_19455,0.5485841631889343
test_19456,0.5381843447685242
test_19457,0.029159825295209885
test_19458,0.5412136912345886
test_19459,0.15439347922801971
test_19460,0.7453515529632568
test_19461,0.6843370795249939
test_19462,0.026994870975613594
test_19463,0.6149635910987854
test_19464,0.6678060293197632
test_19465,0.9846983551979065
test_19466,0.675473690032959
test_19467,0.8349909782409668
test_19468,0.7139883637428284
test_19469,0.040833231061697006
test_19470,0.012816217727959156
test_19471,0.8582002520561218
test_19472,0.9077737331390381
test_19473,0.9962852001190186
test_19474,0.4888460040092468
test_19475,0.7658886909484863
test_19476,0.28500503301620483
test_19477,0.01589643768966198
test_19478,0.6081310510635376
test_19479,0.9668331742286682
test_19480,0.5773662328720093
test_19481,0.7721497416496277
test_19482,0.3873172998428345
test_19483,0.6847049593925476
test_19484,0.867840588092804
test_19485,0.7119758725166321
test_19486,0.9892668724060059
test_19487,0.7121922373771667
test_19488,0.9193778038024902
test_19489,0.5059658288955688
test_19490,0.9929965138435364
test_19491,0.4641639292240143
test_19492,0.6942869424819946
test_19493,0.6230021715164185
test_19494,0.986330509185791
test_19495,0.5398420095443726
test_19496,0.43001019954681396
test_19497,0.38078591227531433
test_19498,0.6578788757324219
test_19499,0.0008172492380253971
test_19500,0.030208641663193703
test_19501,0.6105062961578369
test_19502,0.3306475579738617
test_19503,0.6096209287643433
test_19504,0.34176069498062134
test_19505,0.9320912957191467
test_19506,0.5693448185920715
test_19507,0.8721219897270203
test_19508,0.9138842821121216
test_19509,0.9287249445915222
test_19510,0.5008538365364075
test_19511,0.5092015266418457
test_19512,0.05026128888130188
test_19513,0.51515793800354
test_19514,0.8148412108421326
test_19515,0.055714476853609085
test_19516,0.6483311057090759
test_19517,0.7180787920951843
test_19518,0.7680171132087708
test_19519,0.5148110389709473
test_19520,0.988821268081665
test_19521,0.5242007970809937
test_19522,0.62590491771698
test_19523,0.8883155584335327
test_19524,0.4471532702445984
test_19525,0.6348214149475098
test_19526,0.8266202807426453
test_19527,0.7987699508666992
test_19528,0.43953192234039307
test_19529,0.5711292624473572
test_19530,0.0497313030064106
test_19531,0.5253757238388062
test_19532,0.025240367278456688
test_19533,0.36611083149909973
test_19534,0.3141610026359558
test_19535,0.3650718033313751
test_19536,0.6503731608390808
test_19537,0.024509785696864128
test_19538,0.8317000269889832
test_19539,0.633571982383728
test_19540,0.1506747305393219
test_19541,0.5456861257553101
test_19542,0.3217701017856598
test_19543,0.7417379021644592
test_19544,0.9365044236183167
test_19545,0.9047897458076477
test_19546,0.9983383417129517
test_19547,0.7106817960739136
test_19548,0.24654705822467804
test_19549,0.34555721282958984
test_19550,0.027948342263698578
test_19551,0.7357433438301086
test_19552,0.6931307911872864
test_19553,0.7411213517189026
test_19554,0.9943102598190308
test_19555,0.6702815890312195
test_19556,1.0
test_19557,0.3909068703651428
test_19558,0.5256507396697998
test_19559,0.21111774444580078
test_19560,0.620025634765625
test_19561,0.498110830783844
test_19562,0.5717710256576538
test_19563,0.6265605092048645
test_19564,0.9324455261230469
test_19565,0.9890450239181519
test_19566,0.5739785432815552
test_19567,0.812717854976654
test_19568,0.5409584641456604
test_19569,0.47736886143684387
test_19570,0.008321363478899002
test_19571,0.5557724237442017
test_19572,0.06947749108076096
test_19573,0.3916405141353607
test_19574,0.5735480189323425
test_19575,0.3809576630592346
test_19576,0.7864862680435181
test_19577,0.5207487940788269
test_19578,0.5721033811569214
test_19579,0.011258778162300587
test_19580,0.4469681978225708
test_19581,0.5836409330368042
test_19582,0.9897484183311462
test_19583,0.00174945208709687
test_19584,0.5332151651382446
test_19585,0.7465039491653442
test_19586,0.5002691149711609
test_19587,0.5842207074165344
test_19588,0.9919176697731018
test_19589,0.3014248013496399
test_19590,0.08570532500743866
test_19591,0.9753738045692444
test_19592,0.048533059656620026
test_19593,0.9889440536499023
test_19594,0.6488949656486511
test_19595,0.224951833486557
test_19596,0.9526473879814148
test_19597,0.48684850335121155
test_19598,0.40980497002601624
test_19599,0.009905384853482246
test_19600,0.44557657837867737
test_19601,0.8389391303062439
test_19602,0.8093886971473694
test_19603,0.8095403909683228
test_19604,0.35682544112205505
test_19605,0.011772127822041512
test_19606,0.9098913669586182
test_19607,0.6010236144065857
test_19608,0.4018954634666443
test_19609,0.5024040937423706
test_19610,0.7644731402397156
test_19611,0.9471027255058289
test_19612,0.3643192946910858
test_19613,0.9993027448654175
test_19614,0.9547238945960999
test_19615,0.7641697525978088
test_19616,0.5039404034614563
test_19617,0.5154204964637756
test_19618,0.40341126918792725
test_19619,0.9684538841247559
test_19620,0.475563108921051
test_19621,0.008098121732473373
test_19622,0.4603382647037506
test_19623,0.17419303953647614
test_19624,0.9259443879127502
test_19625,0.49272581934928894
test_19626,0.00010835176362888888
test_19627,0.6917409300804138
test_19628,0.9707242846488953
test_19629,0.7868727445602417
test_19630,0.9886617660522461
test_19631,0.63658207654953
test_19632,0.5203293561935425
test_19633,0.9141714572906494
test_19634,0.10591927170753479
test_19635,0.9820480346679688
test_19636,0.5352275967597961
test_19637,0.6438291072845459
test_19638,0.6329340934753418
test_19639,0.9298986196517944
test_19640,0.9983147382736206
test_19641,0.8040297627449036
test_19642,0.4248492121696472
test_19643,0.00025825671036727726
test_19644,0.8898133635520935
test_19645,0.26032403111457825
test_19646,0.5642725825309753
test_19647,0.6889399290084839
test_19648,0.434461385011673
test_19649,0.5403464436531067
test_19650,0.11217001080513
test_19651,0.4462762475013733
test_19652,0.0010751493973657489
test_19653,0.42154762148857117
test_19654,0.5542572140693665
test_19655,0.9667614102363586
test_19656,0.7183800935745239
test_19657,0.3979164958000183
test_19658,0.539516031742096
test_19659,0.9469517469406128
test_19660,0.9999080896377563
test_19661,0.18350057303905487
test_19662,0.6784781217575073
test_19663,0.6005881428718567
test_19664,0.06821704655885696
test_19665,0.9994408488273621
test_19666,0.21316342055797577
test_19667,0.6095514297485352
test_19668,0.04970254749059677
test_19669,0.7778812646865845
test_19670,0.46596190333366394
test_19671,0.9869574308395386
test_19672,0.8559859395027161
test_19673,0.32980990409851074
test_19674,0.5384808778762817
test_19675,0.43230870366096497
test_19676,0.1561192274093628
test_19677,0.28734225034713745
test_19678,0.12633563578128815
test_19679,0.5207764506340027
test_19680,0.9849293828010559
test_19681,0.5909008979797363
test_19682,0.028726236894726753
test_19683,0.7092159986495972
test_19684,0.021617423743009567
test_19685,0.010766706429421902
test_19686,0.04959408938884735
test_19687,0.9451509714126587
test_19688,0.26701053977012634
test_19689,0.34049975872039795
test_19690,0.20599453151226044
test_19691,0.987247109413147
test_19692,0.45614367723464966
test_19693,0.6589699387550354
test_19694,0.656761109828949
test_19695,0.43251287937164307
test_19696,0.8842926621437073
test_19697,0.5933517813682556
test_19698,0.5657021999359131
test_19699,0.6916726231575012
test_19700,0.4917694330215454
test_19701,0.42921799421310425
test_19702,0.1767795830965042
test_19703,0.0025167057756334543
test_19704,0.48762205243110657
test_19705,0.09279239922761917
test_19706,0.9956641793251038
test_19707,0.9981009364128113
test_19708,0.6289236545562744
test_19709,0.936062753200531
test_19710,0.9916017651557922
test_19711,0.338285356760025
test_19712,0.6254671216011047
test_19713,0.9946441650390625
test_19714,0.4279542565345764
test_19715,0.2398805320262909
test_19716,0.9045671224594116
test_19717,0.9251049160957336
test_19718,0.6692039966583252
test_19719,0.5164982080459595
test_19720,0.6453555822372437
test_19721,0.4296632707118988
test_19722,0.32875555753707886
test_19723,0.6449456214904785
test_19724,0.11094645410776138
test_19725,0.737465500831604
test_19726,0.41248056292533875
test_19727,0.8787760138511658
test_19728,0.47006016969680786
test_19729,0.2400675117969513
test_19730,0.640483558177948
test_19731,0.6317009329795837
test_19732,0.9931187629699707
test_19733,0.8943302035331726
test_19734,0.9245045185089111
test_19735,0.8107729554176331
test_19736,0.5239207744598389
test_19737,0.6008676290512085
test_19738,0.8756503462791443
test_19739,0.7034887671470642
test_19740,0.137926384806633
test_19741,0.9987105131149292
test_19742,0.9838210344314575
test_19743,0.9154954552650452
test_19744,0.8991315960884094
test_19745,0.4756745398044586
test_19746,0.021822622045874596
test_19747,0.40455180406570435
test_19748,3.3747586712706834e-05
test_19749,0.6698343753814697
test_19750,0.9691320061683655
test_19751,0.29931777715682983
test_19752,0.4369746744632721
test_19753,0.2612239718437195
test_19754,0.9689685702323914
test_19755,0.6207865476608276
test_19756,0.067630335688591
test_19757,0.1537320613861084
test_19758,0.4615726172924042
test_19759,0.8304365873336792
test_19760,0.6127173900604248
test_19761,0.6126909255981445
test_19762,0.23420368134975433
test_19763,0.5545982718467712
test_19764,0.5371426939964294
test_19765,0.9374776482582092
test_19766,0.3350050449371338
test_19767,0.7468165755271912
test_19768,0.007840484380722046
test_19769,0.4542137384414673
test_19770,0.1580878496170044
test_19771,0.4951876699924469
test_19772,0.9216793179512024
test_19773,0.6886641383171082
test_19774,0.19782985746860504
test_19775,0.3478493392467499
test_19776,0.9567137956619263
test_19777,0.5722900629043579
test_19778,0.5105234384536743
test_19779,0.48403018712997437
test_19780,0.3901623785495758
test_19781,0.2648625373840332
test_19782,0.29177993535995483
test_19783,0.032270725816488266
test_19784,0.9699583053588867
test_19785,0.7234639525413513
test_19786,0.15354454517364502
test_19787,0.666754424571991
test_19788,0.3280475437641144
test_19789,0.5235862731933594
test_19790,0.2566870152950287
test_19791,0.46480050683021545
test_19792,0.9020753502845764
test_19793,0.883610188961029
test_19794,0.9148451089859009
test_19795,0.9989919066429138
test_19796,0.33424392342567444
test_19797,0.5009152293205261
test_19798,0.34214651584625244
test_19799,0.3357047438621521
test_19800,0.0006069884984754026
test_19801,0.5051487684249878
test_19802,0.4111323654651642
test_19803,0.2260945588350296
test_19804,0.9664170145988464
test_19805,0.9062821865081787
test_19806,0.9474284052848816
test_19807,0.6840391159057617
test_19808,0.05280308425426483
test_19809,0.3567061722278595
test_19810,0.570864737033844
test_19811,0.09331005811691284
test_19812,0.6417174339294434
test_19813,0.4723999500274658
test_19814,0.8245608806610107
test_19815,0.9978723526000977
test_19816,0.807744026184082
test_19817,0.8323972225189209
test_19818,0.7316986918449402
test_19819,0.03554859757423401
test_19820,0.5716446042060852
test_19821,0.6715369820594788
test_19822,0.4315081834793091
test_19823,0.7505629658699036
test_19824,0.5387113690376282
test_19825,0.7534026503562927
test_19826,0.000150785650475882
test_19827,0.9673046469688416
test_19828,0.984353244304657
test_19829,0.785977840423584
test_19830,0.9681543111801147
test_19831,0.6521078944206238
test_19832,0.5180414915084839
test_19833,0.569016695022583
test_19834,0.2609788477420807
test_19835,0.6084833741188049
test_19836,0.3530834913253784
test_19837,0.4714963138103485
test_19838,0.8929388523101807
test_19839,0.5672957301139832
test_19840,0.5556005239486694
test_19841,0.7120259404182434
test_19842,0.9289838671684265
test_19843,0.8033542037010193
test_19844,0.890544056892395
test_19845,0.935779869556427
test_19846,0.33948349952697754
test_19847,0.6874029040336609
test_19848,0.6237267851829529
test_19849,0.8395695686340332
test_19850,0.6396329998970032
test_19851,0.7136866450309753
test_19852,0.43055179715156555
test_19853,0.141301229596138
test_19854,0.6715463399887085
test_19855,0.6591129899024963
test_19856,0.9540975689888
test_19857,0.1268944889307022
test_19858,0.560371458530426
test_19859,0.38700252771377563
test_19860,0.4174685478210449
test_19861,0.0955711230635643
test_19862,0.8239671587944031
test_19863,0.06122967228293419
test_19864,0.0027824249118566513
test_19865,0.8220335245132446
test_19866,0.31628820300102234
test_19867,0.9993951320648193
test_19868,0.05800029635429382
test_19869,0.9213383793830872
test_19870,0.3380248546600342
test_19871,0.9873535633087158
test_19872,0.22582924365997314
test_19873,0.5590347051620483
test_19874,0.0015395706286653876
test_19875,0.1394771784543991
test_19876,0.4821556806564331
test_19877,0.7249396443367004
test_19878,0.5805891156196594
test_19879,0.5239335298538208
test_19880,0.55369633436203
test_19881,0.5000895261764526
test_19882,0.7917839884757996
test_19883,0.5218319296836853
test_19884,0.9058465361595154
test_19885,0.5261632800102234
test_19886,0.4127044677734375
test_19887,0.9042230844497681
test_19888,0.5298839807510376
test_19889,0.9889386892318726
test_19890,0.8931686878204346
test_19891,0.6668412089347839
test_19892,0.5970068573951721
test_19893,0.7209568023681641
test_19894,0.039871811866760254
test_19895,0.42497095465660095
test_19896,0.46133700013160706
test_19897,0.7857584357261658
test_19898,0.2892002761363983
test_19899,0.9906973838806152
test_19900,0.26658138632774353
test_19901,0.5467554926872253
test_19902,0.328431099653244
test_19903,0.27536463737487793
test_19904,0.7818674445152283
test_19905,0.47439631819725037
test_19906,0.6427863836288452
test_19907,0.9584494233131409
test_19908,0.18528321385383606
test_19909,0.5991606116294861
test_19910,0.7044231295585632
test_19911,0.8072942495346069
test_19912,0.1836083084344864
test_19913,0.8846638202667236
test_19914,0.9765760898590088
test_19915,0.4137713313102722
test_19916,0.2778799831867218
test_19917,0.5452094078063965
test_19918,0.34122371673583984
test_19919,0.6080368757247925
test_19920,0.5050272941589355
test_19921,0.576839804649353
test_19922,0.10004695504903793
test_19923,0.9957101345062256
test_19924,0.06109127402305603
test_19925,0.6565261483192444
test_19926,0.5819938778877258
test_19927,0.10761266946792603
test_19928,0.5299862623214722
test_19929,0.1880607157945633
test_19930,0.4792054295539856
test_19931,0.2277844250202179
test_19932,0.48699095845222473
test_19933,0.19759051501750946
test_19934,0.7034847140312195
test_19935,0.5150706768035889
test_19936,0.7523908019065857
test_19937,0.917210578918457
test_19938,0.4248644709587097
test_19939,0.481764554977417
test_19940,0.07531439512968063
test_19941,0.7529298067092896
test_19942,0.470182865858078
test_19943,0.5301110148429871
test_19944,0.9614412784576416
test_19945,0.970217227935791
test_19946,0.26982277631759644
test_19947,0.2830650806427002
test_19948,0.9843837022781372
test_19949,0.4274657368659973
test_19950,0.5177894830703735
test_19951,0.4245576560497284
test_19952,0.5070899128913879
test_19953,0.6517640948295593
test_19954,0.9443138241767883
test_19955,0.4172927737236023
test_19956,0.46708551049232483
test_19957,0.0015028127236291766
test_19958,0.8908149003982544
test_19959,0.8071877956390381
test_19960,0.45547741651535034
test_19961,0.3568131923675537
test_19962,0.9755326509475708
test_19963,0.38560840487480164
test_19964,0.4589921236038208
test_19965,0.4642540216445923
test_19966,0.9718424677848816
test_19967,0.7175754904747009
test_19968,0.14352530241012573
test_19969,0.556872546672821
test_19970,0.49535071849823
test_19971,0.06406228989362717
test_19972,0.7564786076545715
test_19973,0.7957300543785095
test_19974,0.5771991014480591
test_19975,0.4993623197078705
test_19976,0.8155781626701355
test_19977,0.5186960101127625
test_19978,0.3435792922973633
test_19979,0.7525973916053772
test_19980,0.6238964796066284
test_19981,0.5769166350364685
test_19982,0.9609530568122864
test_19983,0.9574234485626221
test_19984,0.794891357421875
test_19985,0.7602199912071228
test_19986,0.932083785533905
test_19987,0.7221691608428955
test_19988,0.3572688698768616
test_19989,0.3626740872859955
test_19990,0.4362190365791321
test_19991,0.04092605784535408
test_19992,0.4437185823917389
test_19993,0.709695041179657
test_19994,0.9880387187004089
test_19995,0.873875617980957
test_19996,0.2564561069011688
test_19997,0.039276741445064545
test_19998,0.0007013093563728034
test_19999,0.9961554408073425
